find,replace
endmill,END-MILL
coromill,COROMILL
coroturn,COROTURN
tmax,T-MAX
hiviz,HIGH-VISIBILITY
corocut,COROCUT
combo,COMBO
gloves,GLOVE
coverall,COVERALL
m4,METRIC-SIZE-DESIGNATION
torx,TORX
mini,MINI
gr8,GRADE
logo,LOGO
tools,TOOL
kevlar,KEVLAR
t27,TORX-SIZE
gr5,GRADE
m2,METRIC-SIZE-DESIGNATION
mens,MENS
nomex,NOMEX
hivis,HIGH-VISIBILITY
hyflex,HYFLEX
holesaw,HOLE-SAW
m18,METRIC-SIZE-DESIGNATION
phillips,PHILLIPS
ultrasoft,ULTRA-SOFT
a193,ASTM-SPECIFICATION
snapon,SNAP-ON
multi,MULTI
gr2,GRADE
bimetal,BIMETAL
cl2,CLASS
m5,METRIC-SIZE-DESIGNATION
m12,METRIC-SIZE-DESIGNATION
oz,OUNCE
vgard,V-GARD
masking,MASKING
corodrill,CORODRILL
ratcheting,RATCHETING
corodril,CORODRILL
m7,METRIC-SIZE-DESIGNATION
kw,KILOWATT
hypro,HYPRO
cordset,CORD-SET
firex,FIREX
b7,ASTM-A193-B7-GRADE
exofit,EXOFIT
polycot,POLY-COTTON
rotabroach,ROTABROACH
activarmr,ACTIVARMR
ph,PH
cubitron,CUBITRON
din933,DIN-STANDARD
drivers,DRIVER
capto,CAPTO
tenactiv,TENACTIV
a2,TOOL-STEEL-GRADE
bandsaw,BAND-SAW
camlock,CAMLOCK
drills,DRILL
roloc,ROLOC
din931,DIN-STANDARD
mic,MIC
fiberglass,FIBERGLASS
loctite,LOCTITE
coromant,COROMANT
alphatec,ALPHATEC
h2s,HYDROGEN-SULFIDE
hookit,HOOKIT
fibre,FIBER
stikit,STIKIT
o2,OXYGEN
shockwave,SHOCKWAVE
eco,ECO
womens,WOMEN'S
chr,CHR
vdc,VOLTS-DIRECT-CURRENT
tyvek,TYVEK
stakon,STA-KON
dyneema,DYNEEMA
xtreme,EXTREME
corothread,COROTHREAD
velcro,VELCRO
women,WOMEN
reciprocating,RECIPROCATING
labels,LABEL
var,VAR
frogwear,FROGWEAR
m8,METRIC-SIZE-DESIGNATION
metguard,METATARSAL-GUARD
keyseat,KEYSEAT
epoxy,EPOXY
pads,PADS
cordless,CORDLESS
gtek,G-TEK
bits,BITS
din912,DIN-STANDARD
sleeves,SLEEVE
vented,VENTED
molded,MOLDED
henley,HENLEY
p100,NIOSH-FILTER-CLASS
microflex,MICROFLEX
wipes,WIPES
jigsaw,JIGSAW
abs,ACRYLONITRILE-BUTADIENE-STYRENE
welded,WELDED
belts,BELTS
ends,ENDS
teflon,TEFLON
no2,NUMBER
sawzall,SAWZALL
cl3,CLASS
tychem,TYCHEM
blades,BLADE
parts,PARTS
m42,METRIC-SIZE-DESIGNATION
aluminized,ALUMINIZED
lapco,LAPCO
m6,METRIC-SIZE-DESIGNATION
faceshield,FACE-SHIELD
polyurethane,POLYURETHANE
uvex,UVEX
m3,METRIC-SIZE-DESIGNATION
tags,TAGS
deburring,DEBURRING
m10,METRIC-SIZE-DESIGNATION
scrw,SCREW
hardened,HARDENED
indexable,INDEXABLE
dies,DIES
sch80,PIPE-SCHEDULE
inline,INLINE
blac,BLACK
robertson,ROBERTSON
ripstop,RIPSTOP
corotap,COROTAP
scotchbrite,SCOTCH-BRITE
locknut,LOCKNUT
rainsuit,RAIN-SUIT
rolls,ROLLS
no8,NUMBER
goggles,GOGGLES
ergodyne,ERGODYNE
specials,SPECIAL
fits,FITS
nutsetter,NUT-SETTER
tips,TIPS
sms,SMS
capscrew,CAP-SCREW
crimped,CRIMPED
ties,TIES
n95,NIOSH-FILTER-CLASS
uni,UNI
no10,NUMBER
unitized,UNITIZED
fpm,FEET-PER-MINUTE
a320,ASTM-SPECIFICATION
packing,PACKING
earmuff,EARMUFF
unisex,UNISEX
sanitizer,SANITIZER
pkg,PACKAGE
treated,TREATED
weldon,WELDON
cassette,CASSETTE
viton,VITON
pushbutton,PUSHBUTTON
ethernet,ETHERNET
nutdriver,NUT-DRIVER
inserts,INSERT
bags,BAGS
discs,DISCS
versaflo,VERSAFLO
cleanroom,CLEANROOM
m1,METRIC-SIZE-DESIGNATION
bizflame,BIZFLAME
t15,TORX-SIZE
washers,WASHER
fusetron,FUSETRON
accessories,ACCESSORY
epdm,ETHYLENE-PROPYLENE-DIENE-MONOMER
padded,PADDED
flanged,FLANGED
b16,ASME/ASTM-DESIGNATION
stackable,STACKABLE
pleated,PLEATED
welders,WELDER
no6,NUMBER
hooks,HOOKS
a325,ASTM-SPECIFICATION
weldcraft,WELDCRAFT
boxed,BOXED
norzon,NORZON
usb,USB
no3,NUMBER
dots,DOTS
purell,PURELL
nuts,NUTS
a194,ASTM-SPECIFICATION
primo,PRIMO
so2,SULFUR-DIOXIDE
rec,REC
mpact,IMPACT
rechargeable,RECHARGEABLE
no1,NUMBER
clamps,CLAMPS
upc,UPC
trizact,TRIZACT
reinforced,REINFORCED
wypall,WYPALL
flats,FLATS
t25,TORX-SIZE
t8,TORX-SIZE
cl1,CLASS
t30,TORX-SIZE
hipower,HIGH-POWER
wallmount,WALL-MOUNT
iona,IONA
t20,TORX-SIZE
scotchlok,SCOTCHLOK
fuseblock,FUSE-BLOCK
sets,SETS
dewalt,DEWALT
cleats,CLEATS
bluepoint,BLUEPOINT
tweco,TWECO
jacobs,JACOBS
mylar,MYLAR
required,REQUIRED
krylon,KRYLON
brady,BRADY
brite,BRIGHT
reusable,REUSABLE
univers,UNIVERSAL
wheels,WHEEL
rings,RINGS
tempilstik,TEMPILSTIK
no4,NUMBER
sandvik,SANDVIK
m16,METRIC-SIZE-DESIGNATION
reclosable,RECLOSABLE
sheaves,SHEAVE
crc,CRC
cpr,CPR
indicating,INDICATING
caulk,CAULK
co2,CARBON-DIOXIDE
kleenguard,KLEENGUARD
screws,SCREW
strobe,STROBE
batteries,BATTERY
polykor,POLYKOR
sheets,SHEET
ste,STE
hazmat,HAZMAT
speedglas,SPEEDGLAS
cm,CENTIMETER
honing,HONING
tampico,TAMPICO
telescoping,TELESCOPING
options,OPTION
thinsulate,THINSULATE
cutters,CUTTER
microfiber,MICROFIBER
carabiner,CARABINER
t40,TORX-SIZE
pins,PINS
threadlocker,THREADLOCKER
polypropylene,POLYPROPYLENE
airline,AIRLINE
pkt,PKT
scrdr,SCREWDRIVER
drywall,DRYWALL
altima,ALTIMA
stik,STICK
scotchweld,SCOTCH-WELD
lassen,LASSEN
clamping,CLAMPING
bx,BOX
indura,INDURA
fla,FLA
pps,PPS
usa,USA
aramid,ARAMID
skf,SKF
markers,MARKER
headlamp,HEADLAMP
covers,COVER
corochuck,COROCHUCK
mixing,MIXING
keystock,KEY-STOCK
knits,KNITS
cms,CMS
straps,STRAPS
kennametal,KENNAMETAL
amd,AMD
compres,COMPRESS
rags,RAGS
msa,MSA
t10,TORX-SIZE
multipurpose,MULTIPURPOSE
rgd,RIGID
staples,STAPLE
threading,THREADING
reebok,REEBOK
norton,NORTON
chainsaw,CHAINSAW
digimatic,DIGIMATIC
ventis,VENTIS
heated,HEATED
starrett,STARRETT
din934,DIN-STANDARD
antiseize,ANTI-SEIZE
fatmax,FATMAX
ziplock,ZIPLOCK
astro,ASTRO
mtg,MTG
heavyduty,HEAVY-DUTY
g10,G-10-LAMINATE
pullover,PULLOVER
beartex,BEAR-TEX
nanolok,NANO-LOK
sweatshirt,SWEATSHIRT
palms,PALMS
m20,METRIC-SIZE-DESIGNATION
helicoil,HELICOIL
bandana,BANDANA
microfoam,MICROFOAM
holders,HOLDER
surveyors,SURVEYOR
hubs,HUBS
m14,METRIC-SIZE-DESIGNATION
oilite,OILITE
roughneck,ROUGHNECK
bolts,BOLTS
stripes,STRIPE
gard,GARD
ridgid,RIDGID
hp,HORSEPOWER
lugs,LUGS
cfrp,CARBON-FIBER-REINFORCED-POLYMER
tubes,TUBES
brazed,BRAZED
stromboli,STROMBOLI
jaws,JAWS
enerpac,ENERPAC
taped,TAPED
insu,INSULATION
sprayon,SPRAYON
iscar,ISCAR
proflex,PROFLEX
tregaskiss,TREGASKISS
carlon,CARLON
polartec,POLARTEC
inc,INC
sqwincher,SQWINCHER
polarized,POLARIZED
solvex,SOLVEX
hinged,HINGED
carbi,CARBIDE
h2o,WATER
scfm,STANDARD-CUBIC-FEET-PER-MINUTE
kva,KILOVOLT-AMPERE
mechanix,MECHANIX-WEAR
nitri,NITRILE
holes,HOLES
dimensions,DIMENSION
diamondplate,DIAMOND-PLATE
securefit,SECUREFIT
astm,ASTM-INTERNATIONAL
caps,CAPS
hanson,HANSON
h11,TOOL-STEEL-GRADE
carbonx,CARBONX
corom,COROMILL
caplug,CAPLUGS
exocarb,EXOCARB
nh3,AMMONIA
temples,TEMPLES
workhorse,WORKHORSE
t50,TORX-SIZE
com,COM
hansen,HANSEN
heads,HEADS
fittings,FITTING
gages,GAUGE
polycarbonate,POLYCARBONATE
spandex,SPANDEX
chicago,CHICAGO
cups,CUPS
connectors,CONNECTOR
kilimanjaro,KILIMANJARO
keys,KEYS
jobbe,JOBBER
ansell,ANSELL
replaces,REPLACE
polishing,POLISHING
hyde,HYDE
polycott,POLY-COTTON
ss316,STAINLESS-STEEL-GRADE
toughstripe,TOUGHSTRIPE
towels,TOWEL
plugs,PLUG
pyrolon,PYROLON
ariat,ARIAT
adalox,ADALOX
a53,ASTM-SPECIFICATION
no5,NUMBER
corocu,COROCUT
knt,KNT
punches,PUNCH
ips,IPS
couplings,COUPLING
coromi,COROMILL
sta,STA
liners,LINER
osg,OSG
gatorade,GATORADE
miners,MINERS
antimicrobial,ANTIMICROBIAL
demo,DEMO
gearwrench,GEARWRENCH
mega,MEGA
allsteel,ALL-STEEL
firefighter,FIREFIGHTER
adflo,ADFLO
mobil,MOBIL
blocks,BLOCKS
gr1,GRADE
paramedic,PARAMEDIC
maxi,MAXI
operated,OPERATED
fus,FUSE
cleated,CLEATED
n2,NITROGEN
cpo,CPO
cgi,CGI
o1,TOOL-STEEL-GRADE
pacesetter,PACESETTER
cordura,CORDURA
duallock,DUAL-LOCK
recessed,RECESSED
hypertherm,HYPERTHERM
milwaukee,MILWAUKEE
philadelphia,PHILADELPHIA
peltor,PELTOR
proban,PROBAN
dropin,DROP-IN
boxes,BOX
insoles,INSOLES
webmaster,WEBMASTER
jobsite,JOBSITE
snips,SNIPS
walton,WALTON
rows,ROWS
mips,MIPS
kermel,KERMEL
norfab,NORFAB
strips,STRIPS
bands,BANDS
din7991,DIN-STANDARD
putnam,PUTNAM
readers,READERS
bondhus,BONDHUS
touchntuff,TOUCHNTUFF
tork,TORK
stamped,STAMPED
centerfire,CENTERFIRE
edp,EDP
avatar,AVATAR
painters,PAINTER
touchscreen,TOUCHSCREEN
bio,BIO
punc,PUNCH
flexib,FLEXIBLE
prc,PRC
visegrip,VISE-GRIP
rubberized,RUBBERIZED
encoder,ENCODER
xcelite,XCELITE
includes,INCLUDE
din916,DIN-STANDARD
supports,SUPPORT
hands,HANDS
pct,PCT
no12,NUMBER
extruded,EXTRUDED
expo,EXPO
vibram,VIBRAM
liquidtight,LIQUID-TIGHT
ch4,METHANE
grips,GRIPS
oran,ORAN
kimtech,KIMTECH
powerflex,POWERFLEX
sch40,PIPE-SCHEDULE
wd40,WD-40
prestolok,PRESTOLOK
shoes,SHOES
infused,INFUSED
connecting,CONNECTING
holcutter,HOLE-CUTTER
ansul,ANSUL
speedlok,SPEED-LOCK
bullard,BULLARD
quik,QUICK
brazing,BRAZING
seco,SECO
seals,SEALS
dixon,DIXON
gates,GATES
t45,TORX-SIZE
speedbor,SPEEDBOR
servus,SERVUS
cylinders,CYLINDER
sulfide,SULFIDE
no16,NUMBER
ballpoint,BALLPOINT
earplugs,EARPLUG
garbge,GARBAGE
montblanc,MONTBLANC
basf,BASF
hats,HATS
solus,SOLUS
files,FILES
birdseye,BIRDSEYE
rules,RULE
adheres,ADHERE
handyman,HANDYMAN
serged,SERGED
redline,REDLINE
tapcon,TAPCON
terra,TERRA
purofort,PUROFORT
fibers,FIBER
blundstone,BLUNDSTONE
units,UNITS
cycl,CYCLE
no7,NUMBER
gastec,GASTEC
esp,ESP
conveyor,CONVEYOR
gr80,GRADE
dispensing,DISPENSING
diecut,DIE-CUT
linemen,LINEMEN
unilet,UNILET
handheld,HANDHELD
supported,SUPPORTED
tillman,TILLMAN
mitutoyo,MITUTOYO
microfibre,MICROFIBER
orff,ORFF
scre,SCREW
limitron,LIMITRON
din960,DIN-STANDARD
backpack,BACKPACK
vallen,VALLEN
jobb,JOBBER
solv,SOLVENT
w1,TOOL-STEEL-GRADE
ergonomic,ERGONOMIC
lon,LON
destaco,DE-STA-CO
windsock,WINDSOCK
slimline,SLIMLINE
er70s6,WELDING-WIRE-CLASSIFICATION
finesseit,FINESSE-IT
volts,VOLTS
gouging,GOUGING
deming,DEMING
ajax,AJAX
kleenex,KLEENEX
hammerlock,HAMMERLOCK
legs,LEGS
qwik,QUICK
siemens,SIEMENS
din985,DIN-STANDARD
no18,NUMBER
electricians,ELECTRICIAN
nails,NAILS
venturi,VENTURI
no30,NUMBER
zap,ZAP
aearo,AEARO
modified,MODIFIED
offered,OFFERED
caulking,CAULKING
t6,TORX-SIZE
survivair,SURVIVAIR
trane,TRANE
fuseholder,FUSE-HOLDER
geomet,GEOMET
retracting,RETRACTING
hysol,HYSOL
d2,TOOL-STEEL-GRADE
antivibration,ANTI-VIBRATION
recycled,RECYCLED
pockets,POCKET
tex,TEX
workstation,WORKSTATION
jobbers,JOBBER
smc,SMC
no14,NUMBER
hycar,HYCAR
rotex,ROTEX
poin,POINT
conditioning,CONDITIONING
no11,NUMBER
textured,TEXTURED
maglite,MAGLITE
looped,LOOPED
domed,DOMED
r12,REFRIGERANT
lysol,LYSOL
no15,NUMBER
protec,PROTECT
no40,NUMBER
protecta,PROTECTA
no20,NUMBER
williams,WILLIAMS
memphis,MEMPHIS
din961,DIN-STANDARD
fingers,FINGER
gpa,GPA
corotur,COROTURN
parting,PARTING
hrc,HRC
gasbadge,GASBADGE
adaptec,ADAPTEC
no24,NUMBER
cartridges,CARTRIDGE
safet,SAFETY
no25,NUMBER
bussman,BUSSMANN
filters,FILTER
no21,NUMBER
laminating,LAMINATING
nano,NANO
paintstik,PAINTSTIK
aligning,ALIGNING
integra,INTEGRATED
tearaway,TEARAWAY
circlip,CIRCLIP
no9,NUMBER
sulfur,SULFUR
a36,ASTM-SPECIFICATION
engineers,ENGINEER
der,DER
tnt,TNT
zytron,ZYTRON
multimeter,MULTIMETER
amer,AMER
cuffs,CUFFS
euro,EURO
dykem,DYKEM
serie,SERIES
no32,NUMBER
turck,TURCK
crossfire,CROSSFIRE
sockets,SOCKET
t9,TORX-SIZE
rollgliss,ROLLGLISS
no26,NUMBER
firehawk,FIREHAWK
dryer,DRYER
letters,LETTERS
wormgear,WORM-GEAR
waxed,WAXED
splices,SPLICES
maxiflex,MAXIFLEX
casters,CASTERS
approved,APPROVED
overboot,OVER-BOOT
no29,NUMBER
matterhorn,MATTERHORN
kleen,CLEAN
positioning,POSITIONING
bros,BROS
fac,FAC
panelboard,PANELBOARD
grommeting,GROMMETING
packs,PACKS
knurle,KNURLED
airflow,AIRFLOW
no50,NUMBER
no27,NUMBER
drilltap,DRILL-TAP
no49,NUMBER
labeled,LABELED
flextime,FLEXTIME
airsoft,AIRSOFT
highlighter,HIGHLIGHTER
mills,MILL
robson,ROBSON
protac,PROTAC
apf,ASSIGNED-PROTECTION-FACTOR
scrubbing,SCRUBBING
no35,NUMBER
no38,NUMBER
maxidry,MAXIDRY
closing,CLOSING
gearmotor,GEARMOTOR
blackhawk,BLACKHAWK
hyspin,HYSPIN
f436,ASTM-SPECIFICATION
lighted,LIGHTED
everest,EVEREST
safty,SAFETY
no34,NUMBER
no22,NUMBER
no46,NUMBER
torqset,TORQ-SET
wilkerson,WILKERSON
enclosed,ENCLOSED
held,HELD
amerex,AMEREX
no36,NUMBER
no48,NUMBER
kits,KITS
notes,NOTES
no51,NUMBER
bras,BRAS
no17,NUMBER
spiralock,SPIRALOCK
cans,CANS
m24,METRIC-SIZE-DESIGNATION
philips,PHILIPS
aircore,AIR-CORE
hilti,HILTI
bottles,BOTTLE
hang,HANG
wipers,WIPER
kidde,KIDDE
grippaz,GRIPPAZ
dremel,DREMEL
wc,WATER-COLUMN
pdt,PDT
pulling,PULLING
copying,COPYING
fleetweld,FLEETWELD
potsdam,POTSDAM
hynit,HYNIT
no33,NUMBER
terminals,TERMINAL
mdt,MDT
rfd,RFD
no37,NUMBER
fixmaster,FIXMASTER
locks,LOCKS
latchways,LATCHWAYS
encapsulated,ENCAPSULATED
akrobin,AKROBIN
no43,NUMBER
stitched,STITCHED
modacrylic,MODACRYLIC
t55,TORX-SIZE
flared,FLARED
no42,NUMBER
packout,PACKOUT
vortec,VORTEC
arrows,ARROWS
saws,SAWS
eyes,EYES
enclosures,ENCLOSURE
softshell,SOFT-SHELL
redlithium,REDLITHIUM
goretex,GORE-TEX
type3,TYPE-3
dayton,DAYTON
carflex,CARFLEX
midsole,MID-SOLE
oetiker,OETIKER
no52,NUMBER
no13,NUMBER
semicond,SEMICONDUCTOR
retro,RETRO
no44,NUMBER
komatsu,KOMATSU
ultrasof,ULTRA-SOFT
vests,VESTS
followers,FOLLOWER
socks,SOCKS
ppg,PPG
annealed,ANNEALED
no19,NUMBER
ph2,PHILLIPS-DRIVER-SIZE
bassett,BASSETT
bushings,BUSHING
gr30,GRADE
hoffman,HOFFMAN
nec,NATIONAL-ELECTRICAL-CODE
guage,GAUGE
lenox,LENOX
plumbers,PLUMBER
coupl,COUPLING
altec,ALTEC
flagged,FLAGGED
packaged,PACKAGED
promo,PROMO
insta,INSTA
cfr,CFR
bbl,BBL
lines,LINES
protected,PROTECTED
ert,ERT
onsrud,ONSRUD
holds,HOLDS
marks,MARKS
refills,REFILLS
no28,NUMBER
maxicut,MAXICUT
no39,NUMBER
no41,NUMBER
tethered,TETHERED
tyrap,TY-RAP
clea,CLEAN
analog,ANALOG
deere,JOHN-DEERE
coffing,COFFING
ducting,DUCTING
shirts,SHIRTS
teroson,TEROSON
din125,DIN-STANDARD
class2,CLASS
recycling,RECYCLING
trades,TRADES
no45,NUMBER
helment,HELMET
earsoft,E-A-RSOFT
indicators,INDICATOR
seams,SEAMS
flashback,FLASHBACK
ain,AIN
no54,NUMBER
bandages,BANDAGE
loops,LOOPS
no47,NUMBER
e6010,WELDING-ELECTRODE-CLASSIFICATION
fishtape,FISH-TAPE
dynafile,DYNAFILE
flatback,FLAT-BACK
e14,LAMP-BASE-SIZE
nfl,NFL
clorox,CLOROX
rechargable,RECHARGEABLE
tirfor,TIRFOR
windex,WINDEX
snapoff,SNAP-OFF
retainers,RETAINER
t7,TORX-SIZE
protecto,PROTECTOR
tappered,TAPERED
shelves,SHELVES
adjusting,ADJUSTING
ultrafit,ULTRAFIT
rainwear,RAIN-GEAR
cratex,CRATEX
swabs,SWABS
bahco,BAHCO
no23,NUMBER
showa,SHOWA
no31,NUMBER
ard,ARD
er316l,WELDING-WIRE-CLASSIFICATION
rollers,ROLLER
swiffer,SWIFFER
sait,SAIT
integrated,INTEGRATED
tablets,TABLETS
deltaweld,DELTAWELD
motorola,MOTOROLA
a307,ASTM-SPECIFICATION
rubbe,RUBBER
din936,DIN-STANDARD
nordlock,NORD-LOCK
paintstick,PAINT-STICK
squares,SQUARE
ballpt,BALLPOINT
din975,DIN-STANDARD
ziploc,ZIPLOC
e12,LAMP-BASE-SIZE
sharpening,SHARPENING
straightline,STRAIGHT-LINE
gojo,GOJO
towelettes,TOWELETTE
lids,LIDS
lights,LIGHT
xtract,EXTRACT
leathe,LEATHER
no60,NUMBER
featherlight,FEATHERLIGHT
bolton,BOLTON
westex,WESTEX
superarc,SUPERARC
camden,CAMDEN
piggyback,PIGGYBACK
komet,KOMET
impactool,IMPACT-TOOL
oct,OCT
m30,METRIC-SIZE-DESIGNATION
speedglass,SPEEDGLAS
schrader,SCHRADER
imported,IMPORTED
deet,DEET
p95,NIOSH-FILTER-CLASS
multitask,MULTITASK
hougen,HOUGEN
ingersoll,INGERSOLL
osborne,OSBORNE
ss302,STAINLESS-STEEL-GRADE
metro,METRO
contnuous,CONTINUOUS
biodegradable,BIODEGRADABLE
vapour,VAPOUR
hst,HST
tabs,TABS
cleco,CLECO
no57,NUMBER
packaging,PACKAGING
scotchgard,SCOTCHGARD
kg,KILOGRAM
kutter,CUTTER
hexarmor,HEXARMOR
steps,STEPS
systems,SYSTEM
lycra,LYCRA
micrometers,MICROMETER
centre,CENTER
duracell,DURACELL
polyure,POLYURETHANE
speedbore,SPEEDBORE
signs,SIGNS
tiain,TIALN
biohazard,BIOHAZARD
electr,ELECTRIC
erickson,ERICKSON
abranet,ABRANET
seattle,SEATTLE
plates,PLATE
krytox,KRYTOX
cannonball,CANNONBALL
hng,HINGE
channellock,CHANNELLOCK
clampon,CLAMP-ON
nitrisolve,NITRISOLVE
diablo,DIABLO
no56,NUMBER
hytrel,HYTREL
watts,WATTS
polyimide,POLYIMIDE
no55,NUMBER
stones,STONES
nascar,NASCAR
sunscreen,SUNSCREEN
hobart,HOBART
barrell,BARREL
products,PRODUCT
hoses,HOSE
lenses,LENS
forklift,FORKLIFT
procell,PROCELL
handguard,HAND-GUARD
omron,OMRON
molykote,MOLYKOTE
disposables,DISPOSABLE
chums,CHUMS
gusseted,GUSSETED
bibs,BIBS
handles,HANDLE
versa,VERSA
superbonder,SUPER-BONDER
watertite,WATERTIGHT
corotu,COROTURN
dimen,DIMENSION
studs,STUDS
magid,MAGID
stanadyne,STANADYNE
no59,NUMBER
ont,ONT
dupont,DUPONT
earmuffs,EARMUFF
dimpled,DIMPLED
springs,SPRING
bekina,BEKINA
gemstone,GEMSTONE
gr100,GRADE
straitline,STRAIGHT-LINE
truflate,TRU-FLATE
no58,NUMBER
busway,BUSWAY
wrenches,WRENCH
panduit,PANDUIT
ultrathin,ULTRA-THIN
duralast,DURALAST
womans,WOMEN'S
din338,DIN-STANDARD
desolder,DESOLDER
prinzing,PRINZING
threads,THREAD
graduations,GRADUATIONS
hubbell,HUBBELL
r95,NIOSH-FILTER-CLASS
doub,DOUBLE
hakko,HAKKO
assembled,ASSEMBLED
bselyer,BASE-LAYER
plasti,PLASTIC
pushlok,PUSHLOCK
perfor,PERFORATED
ports,PORTS
hitachi,HITACHI
tapes,TAPES
activated,ACTIVATED
nl,NITRILE
no53,NUMBER
cordsets,CORD-SET
lindstrom,LINDSTROM
cubefuse,CUBEFUSE
eaton,EATON
armorall,ARMOR-ALL
jis,JAPANESE-INDUSTRIAL-STANDARDS
diaphram,DIAPHRAGM
brakleen,BRAKLEEN
arcair,ARCAIR
penlight,PENLIGHT
offs,OFFS
rivets,RIVET
overpack,OVER-PACK
e7018,WELDING-ELECTRODE-CLASSIFICATION
ultralight,ULTRALIGHT
purifying,PURIFYING
hsk,HSK-TAPER
grommets,GROMMET
femal,FEMALE
leta,LETA
services,SERVICE
saftey,SAFETY
taping,TAPING
storz,STORZ
stranded,STRANDED
bionic,BIONIC
extention,EXTENSION
replac,REPLACE
sem,SEM
makita,MAKITA
safetywalk,SAFETY-WALK
ribbons,RIBBON
docking,DOCKING
armguard,ARM-GUARD
ruled,RULED
flexhead,FLEX-HEAD
ip67,IP-INGRESS-PROTECTION-RATING
cloths,CLOTH
wiping,WIPING
no0,NUMBER
microm,MICROMETER
disinfecting,DISINFECTING
wrists,WRISTS
reuseable,REUSABLE
elkskin,ELKSKIN
copp,COPPER
olfa,OLFA
hoo,HOO
moisturizing,MOISTURIZING
lubriplate,LUBRIPLATE
din85,DIN-STANDARD
woods,WOODS
pts,PTS
marrette,MARRETTE
vibe,VIBE
kroil,KROIL
mit,MIT
mul,MULTI
weatherstrip,WEATHERSTRIP
dou,DOU
surform,SURFORM
omni,OMNI
thinsulite,THINSULATE
employees,EMPLOYEES
ph3,PHILLIPS-DRIVER-SIZE
machinists,MACHINIST
trumpf,TRUMPF
ferrules,FERRULE
vitrified,VITRIFIED
oilfield,OILFIELD
profiling,PROFILING
duffle,DUFFEL
floorboard,FLOORBOARD
cooled,COOLED
pozidriv,POZIDRIV
rods,RODS
burndy,BURNDY
flames,FLAMES
ats,ATS
coolmax,COOLMAX
sos,SOS
mra,MRA
z359,ANSI-STANDARD
numbers,NUMBER
pipeliner,PIPELINER
verticle,VERTICAL
solids,SOLIDS
nylox,NYLOX
cables,CABLE
honeywell,HONEYWELL
sawtooth,SAWTOOTH
contr,CONTROL
greasable,GREASABLE
waterborne,WATERBORNE
l6,TOOL-STEEL-GRADE
wraparound,WRAPAROUND
er308l,WELDING-WIRE-CLASSIFICATION
n99,NIOSH-FILTER-CLASS
rubb,RUBBER
rachet,RATCHET
dunes,DUNES
abrasives,ABRASIVE
supplied,SUPPLIED
borden,BORDEN
interleafed,INTERLEAVED
harley,HARLEY
osborn,OSBORN
ratc,RATCHET
castrol,CASTROL
stainle,STAINLESS
astrospec,ASTROSPEC
gr70,GRADE
corners,CORNER
cushiongrip,CUSHION-GRIP
nameplate,NAMEPLATE
glyptal,GLYPTAL
tagout,TAG-OUT
meltblown,MELT-BLOWN
ip65,IP-INGRESS-PROTECTION-RATING
din6916,DIN-STANDARD
dimensi,DIMENSION
graco,GRACO
hairnet,HAIRNET
magna,MAGNA
processed,PROCESSED
retrofit,RETROFIT
scafftag,SCAFFTAG
grafoil,GRAFOIL
ltd,LTD
industr,INDUSTRIAL
optima,OPTIMA
envelopes,ENVELOPE
sealtite,SEAL-TIGHT
apc,APC
skullgard,SKULLGARD
offroad,OFF-ROAD
squ,SQUARE
microfinish,MICROFINISH
bpm,BPM
labelled,LABELED
fluo,FLUORESCENT
ultratech,ULTRATECH
afc,AFC
bic,BIC
raytheon,RAYTHEON
portaband,PORTA-BAND
firewall,FIREWALL
tripp,TRIPP-LITE
screwdr,SCREWDRIVER
rae,RAE
m22,METRIC-SIZE-DESIGNATION
a234,ASTM-SPECIFICATION
brus,BRUSH
radians,RADIANS
sqr,SQUARE
lamps,LAMPS
klingon,KLINGON
z87,ANSI-STANDARD
scotchcode,SCOTCHCODE
fullerton,FULLERTON
xacto,X-ACTO
trailblazer,TRAILBLAZER
cummins,CUMMINS
anitvibe,ANTI-VIBRATION
stihl,STIHL
klein,KLEIN-TOOLS
sikaflex,SIKAFLEX
handwash,HAND-WASH
flexane,FLEXANE
ph1,PHILLIPS-DRIVER-SIZE
birds,BIRDS
screwdrr,SCREWDRIVER
buckles,BUCKLE
toughduck,TOUGH-DUCK
carhartt,CARHARTT
models,MODEL
elbows,ELBOW
spirits,SPIRITS
sili,SILICONE
bluetooth,BLUETOOTH
locline,LOC-LINE
kenna,KENNAMETAL
alta,ALTA
yaktrax,YAKTRAX
polyken,POLYKEN
tapmatic,TAPMATIC
daptor,ADAPTER
waterjel,WATER-JEL
denatured,DENATURED
brn,BROWN
pushtoconnect,PUSH-TO-CONNECT
protectors,PROTECTOR
repulpable,REPULPABLE
spir,SPIRAL
armour,ARMOR
corothrd,COROTHREAD
bondo,BONDO
wifi,WIFI
crosses,CROSSES
grooved,GROOVED
needlestick,NEEDLE-STICK
shields,SHIELD
sleev,SLEEVE
cverall,COVERALL
guided,GUIDED
repaired,REPAIRED
dallas,DALLAS
nosecup,NOSE-CUP
nutset,NUT-SETTER
temflex,TEMFLEX
durabond,DURABOND
transp,TRANSP
monitoring,MONITORING
kapton,KAPTON
afff,AQUEOUS-FILM-FORMING-FOAM
permatex,PERMATEX
folders,FOLDER
marg,MARG
armstrong,ARMSTRONG
holde,HOLDER
en857,EN-STANDARD
polyolefin,POLYOLEFIN
brackets,BRACKET
firestop,FIRESTOP
cuffed,CUFFED
moulding,MOLDING
seamle,SEAMLESS
cyro,CRYO
magen,MAGENTA
carson,CARSON
saranex,SARANEX
dustmop,DUST-MOP
apter,APTER
polyur,POLYURETHANE
coalescing,COALESCING
tethering,TETHERING
uvextreme,UVEXTREME
jewelers,JEWELER
tesys,TESYS
hackzall,HACKZALL
hiv,HIV
condu,CONDUIT
medicated,MEDICATED
mounts,MOUNT
powermax,POWERMAX
forceflex,FORCEFLEX
churchill,CHURCHILL
compressio,COMPRESSION
tensioner,TENSIONER
posiwear,POSI-WEAR
gsa,GSA
er309l,WELDING-WIRE-CLASSIFICATION
points,POINT
thermoplast,THERMOPLASTIC
atex,ATEX-EXPLOSIVE-ATMOSPHERES-DIRECTIVE
sba,SBA
etched,ETCHED
collett,COLLET
workboots,WORK-BOOTS
dropped,DROPPED
cartrid,CARTRIDGE
unitiz,UNITIZED
degr,DEGREE
outsourced,OUTSOURCED
lubricating,LUBRICATING
desktop,DESKTOP
nema1,NEMA-RATING
thoriated,THORIATED
braking,BRAKING
nitrilite,NITRILITE
oversi,OVERSIZE
dlux,DELUXE
plie,PLIER
metabo,METABO
yukon,YUKON
vel,VEL
disconnects,DISCONNECT
fafnir,FAFNIR
pouches,POUCH
probes,PROBES
industries,INDUSTRIES
bro,BRO
zamac,ZAMAK
isotunes,ISOTUNES
riggs,RIGGS
magnifying,MAGNIFYING
soderwick,SOLDER-WICK
antimicr,ANTIMICROBIAL
facemask,FACE-MASK
b8,ASME/ASTM-DESIGNATION
graffiti,GRAFFITI
trespassing,TRESPASSING
martor,MARTOR
uses,USES
raco,RACO
poles,POLES
duracel,DURACELL
gr40,GRADE
robotic,ROBOTIC
nutrunner,NUTRUNNER
glowear,GLOWEAR
coban,COBAN
northflex,NORTHFLEX
forstner,FORSTNER
dangr,DANGER
clarino,CLARINO
flutes,FLUTES
contacts,CONTACT
no64,NUMBER
packed,PACKED
bars,BARS
type1,TYPE-1
inf,INF
t60,TORX-SIZE
fendall,FENDALL
replacment,REPLACEMENT
hos,HOSE
vises,VISES
inspectors,INSPECTOR
leightning,LEIGHTNING
mitsubishi,MITSUBISHI
tissues,TISSUE
inkzall,INKZALL
wera,WERA
draeger,DRÄGER
jergens,JERGENS
pods,PODS
ventilated,VENTILATED
tapped,TAPPED
toes,TOES
bitrex,BITREX
centers,CENTER
guides,GUIDE
strippers,STRIPPER
bins,BINS
piloted,PILOTED
freshner,FRESHENER
nitirle,NITRILE
embossed,EMBOSSED
corot,COROT
pieces,PIECE
drilled,DRILLED
no61,NUMBER
coded,CODED
restroom,RESTROOM
dhs,DHS
freeform,FREEFORM
performax,PERFORMAX
evaporust,EVAPO-RUST
no62,NUMBER
machining,MACHINING
p20,TOOL-STEEL-GRADE
sldr,SOLDER
desmond,DESMOND
enmotion,ENMOTION
grainger,GRAINGER
citgo,CITGO
overspray,OVER-SPRAY
ankles,ANKLE
gelcoat,GEL-COAT
zerk,ZERK
impacto,IMPACT
dividers,DIVIDER
processing,PROCESSING
software,SOFTWARE
dimens,DIMENSION
imaging,IMAGING
containers,CONTAINER
thor,THOR
jeweled,JEWELED
sabre,SABRE
nordbak,NORDBAK
ears,EARS
cabine,CABINET
stacking,STACKING
tronex,TRONEX
pumps,PUMP
pto,PTO
bumpon,BUMPON
peoples,PEOPLES
csc,CSC
drops,DROPS
gro,GRO
impa,IMPACT
cat5,CABLE-CATEGORY
cuts,CUTS
cyclinder,CYLINDER
m36,METRIC-SIZE-DESIGNATION
nordson,NORDSON
nalgene,NALGENE
espresso,ESPRESSO
combos,COMBO
syphon,SIPHON
fein,FEIN
zippered,ZIPPERED
sanitizing,SANITIZING
baldor,BALDOR
fibe,FIBER
swaged,SWAGED
coromil,COROMILL
ylon,NYLON
particu,PARTICULATE
indica,INDICATOR
collars,COLLAR
no76,NUMBER
logan,LOGAN
bristles,BRISTLE
gr3,GRADE
t47,TORX-SIZE
slings,SLINGS
hydraul,HYDRAULIC
e11,LAMP-BASE-SIZE
dacron,DACRON
thinw,THIN-WALL
no65,NUMBER
fastback,FASTBACK
michelin,MICHELIN
locknuts,LOCKNUT
tonguegroove,TONGUE-GROOVE
respirators,RESPIRATOR
centrefire,CENTERFIRE
objects,OBJECTS
clipboard,CLIPBOARD
sealmaster,SEALMASTER
ultralite,ULTRALIGHT
victaulic,VICTAULIC
nozzles,NOZZLE
no79,NUMBER
electri,ELECTRIC
fluoroelastomer,FLUOROELASTOMER
chemtronics,CHEMTRONICS
no80,NUMBER
snagging,SNAGGING
mayhew,MAYHEW
flexzilla,FLEXZILLA
flashlights,FLASHLIGHT
mek,METHYL-ETHYL-KETONE
mph,MPH
assortm,ASSORTMENT
no77,NUMBER
tabbed,TABBED
bulbs,BULBS
m27,METRIC-SIZE-DESIGNATION
cwt,CWT
autolock,AUTO-LOCK
cleaned,CLEANED
acculube,ACCULUBE
stoko,STOKO
nwt,NWT
sheild,SHIELD
desoldering,DESOLDERING
ames,AMES
loves,LOVES
no78,NUMBER
mckinney,MCKINNEY
brands,BRANDS
dur,DUR
campbell,CAMPBELL
ossa,OSSA
nupla,NUPLA
no67,NUMBER
devices,DEVICES
stars,STARS
recloseabl,RECLOSABLE
magnehelic,MAGNEHELIC
ckt,CIRCUIT
wirenut,WIRE-NUT
linerless,LINERLESS
ligh,LIGHT
sensing,SENSING
fanuc,FANUC
books,BOOKS
guards,GUARD
s7,TOOL-STEEL-GRADE
ironcat,IRONCAT
bootie,BOOTIE
thompson,THOMPSON
iwata,IWATA
pivoting,PIVOTING
gunmetal,GUNMETAL
adapters,ADAPTER
ul2,UL-STANDARD
kelvar,KEVLAR
rubbermaid,RUBBERMAID
guardair,GUARDAIR
glas,GLASS
dymo,DYMO
fluorescen,FLUORESCENT
akromils,AKROMILS
flexvolt,FLEXVOLT
delrin,DELRIN
pnuematic,PNEUMATIC
hasps,HASPS
lampholder,LAMP-HOLDER
bonderite,BONDERITE
whizard,WHIZARD
e26,LAMP-BASE-SIZE
abralon,ABRALON
tingley,TINGLEY
racheting,RATCHETING
masonary,MASONRY
hicarbo,HIGH-CARBON
visio,VISION
cartr,CARTRIDGE
calibr,CALIBRATION
nexcare,NEXCARE
sperian,SPERIAN
litebox,LITEBOX
ph4,PHILLIPS-DRIVER-SIZE
weathe,WEATHER
replaceme,REPLACEMENT
no74,NUMBER
gaskets,GASKET
pinesol,PINE-SOL
retrieving,RETRIEVING
google,GOOGLE
fibreglass,FIBERGLASS
grote,GROTE
sss,SSS
bolle,BOLLÉ
grippers,GRIPPER
pairs,PAIRS
medi,MEDIUM
packets,PACKETS
pathways,PATHWAYS
hel,HEL
controlled,CONTROLLED
sunglasses,SUNGLASSES
scotchblue,SCOTCHBLUE
deutsch,DEUTSCH
est,EST
autoscrubber,AUTO-SCRUBBER
bowsaw,BOW-SAW
panelview,PANELVIEW
profinet,PROFINET
wooster,WOOSTER
impregnated,IMPREGNATED
essentials,ESSENTIALS
metri,METRIC
no70,NUMBER
parflex,PARFLEX
optrel,OPTREL
arcreach,ARCREACH
cobb,COBB
chelsea,CHELSEA
nitto,NITTO
coate,COATED
carriag,CARRIAGE
compartments,COMPARTMENT
kaddie,CADDY
terr,TERR
streamlight,STREAMLIGHT
cartidge,CARTRIDGE
persnal,PERSONAL
inox,STAINLESS-STEEL
cat5e,CABLE-CATEGORY
greer,GREER
smokers,SMOKERS
skyline,SKYLINE
hercalloy,HERC-ALLOY
speedisleeve,SPEEDI-SLEEVE
liqud,LIQUID
no68,NUMBER
galvanizing,GALVANIZING
carlton,CARLTON
sandblasting,SANDBLASTING
fuses,FUSE
defoamer,DEFOAMER
spp,SPP
pbi,POLYBENZIMIDAZOLE
donut,DONUT
tremclad,TREMCLAD
hivi,HIGH-VISIBILITY
blok,BLOK
handlers,HANDLER
optimair,OPTIMAIR
hycron,HYCRON
lansing,LANSING
meltdown,MELTDOWN
ibuprofen,IBUPROFEN
absorbant,ABSORBENT
nema12,NEMA-RATING
paws,PAWS
no72,NUMBER
hrs,HRS
contend,CONTEND
millermatic,MILLERMATIC
hread,THREAD
thermolite,THERMOLITE
trico,TRICO
titmus,TITMUS
fingertips,FINGERTIPS
myers,MYERS
garlock,GARLOCK
colours,COLOURS
grabbers,GRABBERS
festo,FESTO
tygon,TYGON
no66,NUMBER
midi,MIDI
cpi,CPI
drwr,DRAWER
chipbreaker,CHIPBREAKER
flags,FLAGS
metcal,METCAL
scalloped,SCALLOPED
strengh,STRENGTH
injected,INJECTED
scaf,SCAFFOLD
alden,ALDEN
instapak,INSTAPAK
maxichem,MAXICHEM
attachments,ATTACHMENT
gr4,GRADE
skullerz,SKULLERZ
lexan,LEXAN
sleeving,SLEEVING
tigerflex,TIGERFLEX
gehrig,GEHRIG
crosstech,CROSSTECH
grabit,GRABIT
barcode,BARCODE
hips,HIPS
multimaster,MULTIMASTER
slides,SLIDE
oshawa,OSHAWA
cat6,CABLE-CATEGORY
ryan,RYAN
punched,PUNCHED
koufax,KOUFAX
palmolive,PALMOLIVE
commerical,COMMERCIAL
appleton,APPLETON
insrt,INSERT
rails,RAILS
keensert,KEENSERT
edpm,EPDM
idec,IDEC
vials,VIALS
kodiak,KODIAK
stops,STOPS
polypropyle,POLYPROPYLENE
carpenters,CARPENTER
kirkland,KIRKLAND
conne,CONNECT
valves,VALVE
taup,TAUPE
beads,BEADS
no63,NUMBER
gaging,GAGING
reclaimed,RECLAIMED
asptn,ASPIRIN
tsubaki,TSUBAKI
floo,FLOOR
goulds,GOULDS
standards,STANDARD
numbered,NUMBERED
styrofoam,STYROFOAM
acct,ACCT
healthcare,HEALTHCARE
rubberband,RUBBER-BAND
curtains,CURTAIN
electrodes,ELECTRODE
nema4,NEMA-RATING
divas,DIVAS
drager,DRÄGER
titebond,TITEBOND
mecha,MECHANICAL
widt,WIDTH
venting,VENTING
bodies,BODIES
webs,WEBS
no69,NUMBER
no71,NUMBER
heav,HEAVY
devcon,DEVCON
a513,ASTM-SPECIFICATION
bmw,BMW
methanol,METHANOL
flamable,FLAMMABLE
weller,WELLER
speedbonder,SPEEDBONDER
riggers,RIGGERS
coats,COATS
dispensor,DISPENSER
locating,LOCATING
bumpers,BUMPER
hertel,HERTEL
contained,CONTAINED
lashing,LASHING
studded,STUDDED
feet,FEET
riveted,RIVETED
sandals,SANDALS
aprons,APRON
brss,BRASS
riptide,RIPTIDE
replaced,REPLACED
innershield,INNERSHIELD
cons,CONS
extingu,EXTINGUISHER
noz,NOZZLE
flocked,FLOCKED
magn,MAGNETIC
screwdriv,SCREWDRIVER
hilok,HI-LOK
neotouch,NEOTOUCH
anodized,ANODIZED
machined,MACHINED
lehigh,LEHIGH
mueller,MUELLER
laminator,LAMINATOR
quic,QUICK
ul489,UL-STANDARD
belleville,BELLEVILLE-WASHER
industri,INDUSTRIAL
wingnut,WING-NUT
adhering,ADHERING
hemispheric,HEMISPHERIC
outlets,OUTLET
britt,BRITT
zyglo,ZYGLO
nutstter,NUT-SETTER
visqueen,VISQUEEN
anchors,ANCHOR
drifire,DRIFIRE
fargo,FARGO
kindorf,KINDORF
labeling,LABELING
spackling,SPACKLING
inflator,INFLATOR
physicianscare,PHYSICIANSCARE
armband,ARMBAND
devicenet,DEVICENET
lufkin,LUFKIN
waukesha,WAUKESHA
baffin,BAFFIN
agr,AGR
esab,ESAB
programmable,PROGRAMMABLE
mcgill,MCGILL
expandable,EXPANDABLE
btry,BTRY
no440,NUMBER
chamfering,CHAMFERING
dep,DEP
swagelok,SWAGELOK
reamers,REAMER
keychain,KEYCHAIN
creme,CREME
lutz,LUTZ
sala,DBI-SALA
propress,PROPRESS
no73,NUMBER
neopre,NEOPRENE
sontara,SONTARA
paige,PAIGE
carbn,CARBON
fibremetal,FIBRE-METAL
multilayered,MULTI-LAYERED
beltpack,BELT-PACK
standrd,STANDARD
xenoy,XENOY
bohler,BÖHLER
no75,NUMBER
pwdrfr,POWDER-FREE
ital,ITAL
imped,IMPEDANCE
fusebloc,FUSE-BLOCK
allweather,ALL-WEATHER
brushle,BRUSHLESS
tpi,THREADS-PER-INCH
particulat,PARTICULATE
h13,TOOL-STEEL-GRADE
motorized,MOTORIZED
iso2,ISO-STANDARD
metalic,METALLIC
antimagnetic,ANTIMAGNETIC
inconel,INCONEL
insulatd,INSULATED
barre,BARRE
vardex,VARDEX
nutdrvr,NUT-DRIVER
amada,AMADA
donaldson,DONALDSON
nonrvsbl,NONREVERSIBLE
catv,CATV
channels,CHANNEL
longnose,LONG-NOSE
renishaw,RENISHAW
crim,CRIM
unbreak,UNBREAKABLE
utili,UTILITY
gumboot,GUMBOOT
biodeg,BIODEGRADABLE
toyota,TOYOTA
frgd,FORGED
no832,NUMBER
danly,DANLY
cath,CATH
keypad,KEYPAD
coils,COILS
sellstrom,SELLSTROM
extractors,EXTRACTOR
softgrip,SOFT-GRIP
cuttin,CUTTING
guantlet,GAUNTLET
hdmi,HDMI
nsulated,INSULATED
paraboli,PARABOLIC
hammered,HAMMERED
doublesided,DOUBLE-SIDED
ingrid,INGRID
angeles,ANGELES
softback,SOFTBACK
condui,CONDUIT
toolholders,TOOLHOLDER
instruments,INSTRUMENT
napkins,NAPKINS
flor,FLOR
cylinde,CYLINDER
molex,MOLEX
lightweig,LIGHTWEIGHT
liquidtite,LIQUID-TIGHT
tieoff,TIE-OFF
starts,STARTS
resistnt,RESISTANT
degrees,DEGREE
nozzl,NOZZLE
watr,WATER
unlin,UNLINED
leng,LENGTH
pens,PENS
bubbles,BUBBLE
ss304,STAINLESS-STEEL-GRADE
backs,BACKS
allsteeel,ALL-STEEL
cororeamer,COROREAMER
tampons,TAMPONS
pyramex,PYRAMEX
overshoes,OVER-SHOES
gedney,GEDNEY
cia,CIA
sandflex,SANDFLEX
symbols,SYMBOLS
safeway,SAFEWAY
multisurface,MULTISURFACE
insultd,INSULATED
dapter,ADAPTER
guys,GUYS
safeskin,SAFESKIN
posts,POSTS
lockback,LOCK-BACK
harnes,HARNESS
sask,SASK
compl,COMPLETE
indv,INDIVIDUAL
polyethyl,POLYETHYLENE
johnson,JOHNSON
cobal,COBALT
morrison,MORRISON
multirae,MULTIRAE
conforming,CONFORMING
monroe,MONROE
mandrels,MANDREL
polyethelene,POLYETHYLENE
accuspray,ACCUSPRAY
yelw,YELLOW
subaru,SUBARU
disposab,DISPOSABLE
sorting,SORTING
leds,LEDS
replacemen,REPLACEMENT
bostitch,BOSTITCH
scrubs,SCRUBS
addon,ADD-ON
kohler,KOHLER
rustoleum,RUST-OLEUM
bhscs,BUTTON-HEAD-SOCKET-CAP-SCREW
cutti,CUTTING
repla,REPLACE
bearings,BEARING
syst,SYST
coppr,COPPER
tines,TINES
autoranging,AUTORANGING
flar,FLARE
lubri,LUBRICANT
buttsplice,BUTT-SPLICE
porc,PORCELAIN
sintered,SINTERED
endotracheal,ENDOTRACHEAL
silicne,SILICONE
protctr,PROTECTOR
balls,BALLS
heatshrnk,HEAT-SHRINK
placards,PLACARD
cntsnk,COUNTERSINK
tabletop,TABLETOP
roundover,ROUND-OVER
waverley,WAVERLEY
emp,EMP
grai,GRAIN
emrgncy,EMERGENCY
comprssor,COMPRESSOR
airhose,AIR-HOSE
kakhi,KHAKI
flamm,FLAMMABLE
microswitch,MICROSWITCH
reciever,RECEIVER
doors,DOORS
followup,FOLLOWUP
atf,ATF
e6011,WELDING-ELECTRODE-CLASSIFICATION
toolmakers,TOOL-MAKERS
medwt,MEDIUM-WEIGHT
premade,PRE-MADE
intro,INTRO
chnl,CHANNEL
vwr,VWR
lengths,LENGTH
connectr,CONNECTOR
hydrocortisone,HYDROCORTISONE
cen,CEN
nipples,NIPPLE
spotface,SPOT-FACE
kennameta,KENNAMETAL
ngk,NGK
hoods,HOODS
matches,MATCHES
bimba,BIMBA
healthcar,HEALTHCARE
contracting,CONTRACTING
ansulite,ANSULITE
laptop,LAPTOP
radnor,RADNOR
class3,CLASS
botto,BOTTOM
diaph,DIAPHRAGM
polyes,POLYESTER
camlok,CAMLOCK
pigtails,PIGTAIL
adhesv,ADHESIVE
t100,TORX-SIZE
iss,ISS
upgraded,UPGRADED
owned,OWNED
hacks,HACKS
selfretract,SELF-RETRACTING
buckl,BUCKLE
torit,TORIT
quickrelease,QUICK-RELEASE
recepticle,RECEPTACLE
toxirae,TOXIRAE
grom,GROMMET
phenoli,PHENOLIC
benchtop,BENCH-TOP
kong,KONG
tinners,TINNER'S
moen,MOEN
respira,RESPIRATOR
e39,LAMP-BASE-SIZE
weldng,WELDING
bimetl,BIMETAL
deepwell,DEEP-WELL
dispens,DISPENSER
repell,REPELLENT
pigsk,PIGSKIN
repro,REPRO
overthehead,OVER-THE-HEAD
hdwe,HARDWARE
nonillum,NON-ILLUMINATED
prtbl,PORTABLE
diopters,DIOPTER
elasti,ELASTIC
extnsn,EXTENSION
daytona,DAYTONA
extensio,EXTENSION
pressurized,PRESSURIZED
fini,FINISH
lightstick,LIGHT-STICK
cordle,CORDLESS
concen,CONCENTRATE
reaming,REAMING
backout,BACK-OUT
shopvac,SHOP-VAC
oneway,ONE-WAY
powd,POWDER
t70,TORX-SIZE
spats,SPATS
arktite,ARKTITE
sanitized,SANITIZED
relays,RELAYS
schrdr,SCHRADER
lithiumi,LITHIUM-ION
panasonic,PANASONIC
polyurethan,POLYURETHANE
whitehorse,WHITEHORSE
techalloy,TECHALLOY
kwh,KWH
prostar,PROSTAR
selflaminating,SELF-LAMINATING
storag,STORAGE
imprinted,IMPRINTED
wraps,WRAPS
asco,ASCO
nosepc,NOSEPIECE
switches,SWITCH
roundsling,ROUND-SLING
contac,CONTACT
drano,DRANO
transpore,TRANSPORE
filtrete,FILTRETE
remov,REMOVE
unibit,UNIBIT
squar,SQUARE
tempilaq,TEMPILAQ
semisynth,SEMI-SYNTHETIC
aerospace,AEROSPACE
wiremold,WIREMOLD
maddie,MADDIE
din966,DIN-STANDARD
extens,EXTENSION
counterbor,COUNTERBORE
imo,IMO
ambr,AMBER
semiflush,SEMI-FLUSH
persnnl,PERSONNEL
barrels,BARREL
cairns,CAIRNS
tigertec,TIGER-TEC
tires,TIRES
performanc,PERFORMANCE
cords,CORDS
datalogger,DATA-LOGGER
polyethyle,POLYETHYLENE
powe,POWER
whipcheck,WHIP-CHECK
diopt,DIOPTER
laserlite,LASER-LITE
klean,CLEAN
deo,DEODORANT
installed,INSTALLED
coblt,COBALT
explosives,EXPLOSIVE
bnsf,BNSF
drkgrn,DARK-GREEN
liqui,LIQUID
comments,COMMENTS
ejecting,EJECTING
metallized,METALLIZED
harbors,HARBORS
bedliner,BEDLINER
shawmut,SHAWMUT
shoecover,SHOE-COVER
manitou,MANITOU
inspec,INSPECTION
afr,AFR
airstream,AIRSTREAM
sensors,SENSOR
dryseal,DRYSEAL
awhide,RAWHIDE
elbw,ELBOW
systm,SYSTEM
busch,BUSCH
allwelded,ALL-WELDED
earloop,EAR-LOOP
roughservice,ROUGH-SERVICE
vaccum,VACUUM
fol,FOL
hamme,HAMMER
bttl,BOTTLE
hivolt,HIGH-VOLTAGE
structual,STRUCTURAL
binks,BINKS
gases,GASES
vga,VGA
milton,MILTON
hamm,HAMM
cdt,CDT
distancing,DISTANCING
ametek,AMETEK
amflo,AMFLO
jrnymn,JOURNEYMAN
knckl,KNUCKLE
binzel,BINZEL
hamburg,HAMBURG
hots,HOTS
ip54,IP-INGRESS-PROTECTION-RATING
cdc,CDC
kroc,KROC
serr,SERRATED
tails,TAILS
improved,IMPROVED
anco,ANCO
arcflash,ARC-FLASH
receptacl,RECEPTACLE
circum,CIRCUMFERENCE
goats,GOATS
charg,CHARGE
unistrut,UNISTRUT
mapa,MAPA
swtch,SWITCH
undergrnd,UNDERGROUND
gr7,GRADE
headlt,HEADLIGHT
cylindr,CYLINDER
devilbiss,DEVILBISS
fantastik,FANTASTIK
fins,FINS
weath,WEATHER
hosemender,HOSE-MENDER
polyeste,POLYESTER
mitts,MITTS
cards,CARDS
fkm,FLUOROELASTOMER
helmets,HELMET
dem,DEM
triwing,TRI-WING
holesaws,HOLE-SAW
hazduty,HAZARDOUS-DUTY
dispensers,DISPENSER
liquids,LIQUID
righttoknow,RIGHT-TO-KNOW
bris,BRIS
excelta,EXCELTA
philli,PHILLIPS
instal,INSTALL
arlington,ARLINGTON
sbr,STYRENE-BUTADIENE-RUBBER
bearingball,BEARING-BALL
desicc,DESICCANT
aersol,AEROSOL
hyperon,HYPERON
deerski,DEERSKIN
premi,PREMIUM
chrysler,CHRYSLER
collated,COLLATED
headcover,HEAD-COVER
neverseez,NEVER-SEEZ
evac,EVACUATION
chlorinated,CHLORINATED
scanned,SCANNED
felttip,FELT-TIP
resealable,RESEALABLE
mildtl117,MIL-DTL-SPECIFICATION
elipse,ELLIPSE
kimwipe,KIMWIPES
phd,PHD
tywrap,TY-RAP
overtheglass,OVER-THE-GLASS
takeoff,TAKEOFF
canv,CANVAS
mgr,MGR
cembre,CEMBRE
onepiece,ONE-PIECE
reinfor,REINFORCED
urethn,URETHANE
reflexite,REFLEXITE
subcompact,SUBCOMPACT
subzero,SUBZERO
foamed,FOAMED
inspctn,INSPECTION
gould,GOULD
distributi,DISTRIBUTION
ratcht,RATCHET
finishi,FINISHING
ultrasound,ULTRASOUND
ansi2,ANSI-CLASS
hyfle,HYFLEX
crvd,CURVED
screwdown,SCREW-DOWN
polyeth,POLYETHYLENE
adjustab,ADJUSTABLE
xvi,XVI
waders,WADERS
plato,PLATO
dewatering,DEWATERING
tefzel,TEFZEL
deionized,DEIONIZED
redu,REDUCE
selfsticking,SELF-STICKING
dst,DST
firstaid,FIRST-AID
vbelts,V-BELT
uretha,URETHANE
karcher,KÄRCHER
standalone,STANDALONE
sidewall,SIDEWALL
din6915,DIN-STANDARD
heate,HEATER
restrictor,RESTRICTOR
screwdriving,SCREWDRIVING
barr,BARR
pressur,PRESSURE
no632,NUMBER
qtip,Q-TIP
kester,KESTER
lovejoy,LOVEJOY
maintained,MAINTAINED
contains,CONTAINS
joystick,JOYSTICK
wings,WINGS
rolle,ROLLER
e316l,WELDING-ELECTRODE-CLASSIFICATION
piec,PIECE
nema4x,NEMA-RATING
instnt,INSTANT
carbody,CAR-BODY
hardner,HARDENER
alumum,ALUMINUM
bandag,BANDAGE
borders,BORDERS
kahki,KHAKI
shrnkwrp,SHRINK-WRAP
stokoderm,STOKODERM
adjustablepipe,ADJUSTABLE-PIPE
terms,TERMS
safeknit,SAFEKNIT
regulating,REGULATING
multilayer,MULTILAYER
rigi,RIGID
whips,WHIPS
nonflam,NONFLAMMABLE
components,COMPONENT
hiflow,HIGH-FLOW
compostable,COMPOSTABLE
cordlss,CORDLESS
drillers,DRILLERS
maxlite,MAXLITE
oxivir,OXIVIR
a400,ASTM-SPECIFICATION
ansi3,ANSI-CLASS
backtoback,BACK-TO-BACK
ord,ORD
solde,SOLDER
bussmann,BUSSMANN
gortex,GORE-TEX
eck,ECK
polyurethn,POLYURETHANE
receptacles,RECEPTACLE
lockin,LOCKING
pittsburgh,PITTSBURGH
conditioni,CONDITIONING
cederroth,CEDERROTH
deersk,DEERSKIN
cplng,COUPLING
rockets,ROCKETS
knives,KNIVES
carabiners,CARABINER
prewashed,PRE-WASHED
pref,PREF
breake,BREAKER
tapmagic,TAP-MAGIC
releas,RELEASE
descaler,DESCALER
narro,NARROW
grids,GRIDS
stainlss,STAINLESS
krazy,KRAZY-GLUE
cases,CASES
elements,ELEMENT
muffs,MUFFS
collets,COLLET
sideshield,SIDE-SHIELD
cushngrip,CUSHION-GRIP
sealtight,SEAL-TIGHT
attachement,ATTACHMENT
slots,SLOTS
cres,CORROSION-RESISTANT-STEEL
stpl,STAPLE
requires,REQUIRES
rexroth,REXROTH
xuron,XURON
selfseal,SELF-SEAL
fourway,FOUR-WAY
ign,IGN
cutof,CUTOFF
hydac,HYDAC
cdr,CDR
hispeed,HIGH-SPEED
purch,PURCHASE
ferno,FERNO
frag,FRAG
frames,FRAMES
retractabl,RETRACTABLE
itw,ITW
scrdrv,SCREWDRIVER
voltag,VOLTAGE
highvis,HIGH-VISIBILITY
vikan,VIKAN
pozidri,POZIDRIV
lix,LIX
needed,NEEDED
curity,CURITY
pilz,PILZ
shurtape,SHURTAPE
autofeed,AUTO-FEED
clrance,CLEARANCE
fullfinger,FULL-FINGER
nibco,NIBCO
slips,SLIPS
invrtd,INVERTED
polyme,POLYMER
usg,USG
flexibl,FLEXIBLE
kazbek,KAZBEK
m45,METRIC-SIZE-DESIGNATION
seala,SEALANT
t80,TORX-SIZE
surg,SURG
meas,MEAS
intrnl,INTERNAL
retrct,RETRACT
weiler,WEILER
dispen,DISPENSER
isuzu,ISUZU
multicam,MULTICAM
vblock,V-BLOCK
lips,LIPS
matched,MATCHED
tagline,TAGLINE
cannister,CANISTER
extendable,EXTENDABLE
n100,NIOSH-FILTER-CLASS
scribers,SCRIBER
extngshr,EXTINGUISHER
hiflo,HIGH-FLOW
composit,COMPOSITE
ampco,AMPCO
superlube,SUPER-LUBE
r22,REFRIGERANT
visitors,VISITORS
roberts,ROBERTS
wldr,WELDER
otc,OTC
twoply,TWO-PLY
tonne,TONNE
aerokroil,AEROKROIL
selflocking,SELF-LOCKING
motors,MOTOR
naps,NAPS
asses,ASSES
engineered,ENGINEERED
grinde,GRINDER
stabilicer,STABILICERS
coding,CODING
dmd,DMD
clemco,CLEMCO
gr60,GRADE
anvils,ANVIL
amphenol,AMPHENOL
ferruled,FERRULED
unauth,UNAUTHORIZED
jbolt,J-BOLT
cubitr,CUBITRON
windows,WINDOWS
suppl,SUPPLY
timberlan,TIMBERLAND
vneck,V-NECK
mhz,MHZ
instructions,INSTRUCTION
automix,AUTO-MIX
liftall,LIFT-ALL
cylindrica,CYLINDRICAL
depres,DEPRESSED
airwave,AIRWAVE
gov,GOV
contro,CONTROL
zetex,ZETEX
interupted,INTERRUPTED
scotchgd,SCOTCHGARD
coleman,COLEMAN
polypropylen,POLYPROPYLENE
woodhead,WOODHEAD
speci,SPECIAL
dgtl,DIGITAL
precison,PRECISION
solis,SOLIS
spunbond,SPUNBOND
futuro,FUTURO
pipefitter,PIPE-FITTER
braz,BRAZ
handmasker,HAND-MASKER
pencils,PENCIL
papermate,PAPER-MATE
redlithiu,REDLITHIUM
clik,CLICK
felco,FELCO
din133,DIN-STANDARD
coupli,COUPLING
class1,CLASS
nonmag,NON-MAGNETIC
stainl,STAINLESS
pulle,PULLEY
chnmail,CHAINMAIL
flexsteel,FLEXSTEEL
socketwrench,SOCKET-WRENCH
txt,TXT
minature,MINIATURE
cubed,CUBED
barracud,BARRACUDA
kompact,COMPACT
lincolnweld,LINCOLNWELD
spades,SPADES
megger,MEGGER
dwv,DRAIN-WASTE-VENT
expans,EXPANSION
m48,METRIC-SIZE-DESIGNATION
assbly,ASSEMBLY
semiauto,SEMIAUTOMATIC
flavors,FLAVORS
unipaint,UNI-PAINT
araldite,ARALDITE
bxs,BXS
lowhydrogen,LOW-HYDROGEN
hypafix,HYPAFIX
lambswool,LAMBSWOOL
disco,DISCO
sharpe,SHARPE
skulls,SKULLS
chise,CHISEL
flrscnt,FLUORESCENT
makeup,MAKEUP
no95,NUMBER
drivrs,DRIVER
clothin,CLOTHING
doubl,DOUBLE
cubitro,CUBITRON
electrcl,ELECTRICAL
capt,CAPT
sparkplug,SPARK-PLUG
watercolor,WATERCOLOR
paslode,PASLODE
rollerball,ROLLER-BALL
veins,VEINS
jct,JCT
chec,CHECK
emergenc,EMERGENCY
stacked,STACKED
magntc,MAGNETIC
workpants,WORK-PANT
inkjet,INKJET
c276,ALLOY-C276
fabricating,FABRICATING
scket,SOCKET
warnin,WARNING
m33,METRIC-SIZE-DESIGNATION
ammex,AMMEX
grinders,GRINDER
rollout,ROLLOUT
smartwasher,SMARTWASHER
hosepipe,HOSEPIPE
petzl,PETZL
contoured,CONTOURED
pages,PAGES
ina,INA
stands,STANDS
brix,BRIX
clauss,CLAUSS
hdwr,HARDWARE
leaks,LEAKS
storing,STORING
cleaners,CLEANER
strai,STRAIGHT
intermed,INTERMEDIATE
allseason,ALL-SEASON
reusbl,REUSABLE
shrinkfit,SHRINK-FIT
dpi,DPI
blunted,BLUNTED
mst,MST
teks,TEKS
noncond,NONCONDUCTIVE
broomhead,BROOM-HEAD
circline,CIRCLINE
semirig,SEMIRIGID
diamnd,DIAMOND
halon,HALON
toggl,TOGGLE
powde,POWDER
labe,LABEL
aeroso,AEROSOL
edges,EDGE
chuckkey,CHUCK-KEY
hvyweight,HEAVYWEIGHT
decon,DECONTAMINATION
lanyards,LANYARD
headnet,HEAD-NET
elemen,ELEMENT
astmd5118,ASTM-SPECIFICATION
btuhr,BTU-PER-HOUR
triflow,TRI-FLOW
waterpro,WATERPROOF
nov,NOV
stations,STATIONS
pellets,PELLETS
hydroentangled,HYDRO-ENTANGLED
reflctv,REFLECTIVE
sandi,SANDING
mirka,MIRKA
brushles,BRUSHLESS
knox,KNOX
intchg,INTERCHANGE
ska,SKA
elmers,ELMER'S
faces,FACES
aircooled,AIR-COOLED
boringbar,BORING-BAR
philps,PHILLIPS
vibratite,VIBRATITE
ftc,FTC
cushio,CUSHION
gsk,GASKET
pushlock,PUSHLOCK
toggles,TOGGLE
telemecanique,TELEMECANIQUE
prismacolor,PRISMACOLOR
protectve,PROTECTIVE
fluoroelastome,FLUOROELASTOMER
hipress,HIGH-PRESSURE
hrdnd,HARDENED
subs,SUBS
grse,GREASE
ccw,COUNTERCLOCKWISE
deli,DELI
cartrdg,CARTRIDGE
flamma,FLAMMABLE
kimwipes,KIMWIPES
er4043,WELDING-WIRE-CLASSIFICATION
fluoresent,FLUORESCENT
ballend,BALL-END
charted,CHARTED
explosimeter,EXPLOSIMETER
isopropanol,ISOPROPANOL
replcmt,REPLACEMENT
drums,DRUMS
lense,LENS
gaiters,GAITER
raingear,RAIN-GEAR
kamlok,KAMLOK
accuwipe,ACCUWIPE
sawstop,SAWSTOP
straigt,STRAIGHT
rechargeabl,RECHARGEABLE
ballvalve,BALL-VALVE
fluorscent,FLUORESCENT
texwipe,TEXWIPE
keps,KEPS-NUT
chemi,CHEMICAL
pans,PANS
mothers,MOTHERS
cleanrm,CLEANROOM
crescen,CRESCENT
almnm,ALUMINUM
increments,INCREMENTS
qrae,QRAE
bearin,BEARING
suspnsn,SUSPENSION
retrievl,RETRIEVAL
loadcenter,LOAD-CENTER
accessorie,ACCESSORY
drives,DRIVE
gromme,GROMMET
retroreflctv,RETROREFLECTIVE
brstl,BRISTLE
filamnt,FILAMENT
drwl,DRYWALL
cors,COARSE
cnnectr,CONNECTOR
hiway,HIGHWAY
contractors,CONTRACTOR
nalco,NALCO
selfclosing,SELF-CLOSING
oatey,OATEY
ladie,LADIES
pullout,PULLOUT
steristrip,STERI-STRIP
fans,FANS
elasticized,ELASTICIZED
mazak,MAZAK
smartcompliance,SMARTCOMPLIANCE
tensioning,TENSIONING
slidng,SLIDING
textur,TEXTURE
levels,LEVEL
e40,LAMP-BASE-SIZE
facewash,FACE-WASH
alcoh,ALCOHOL
dynabrade,DYNABRADE
headstrap,HEAD-STRAP
rotationally,ROTATIONALLY
supremo,SUPREMO
ldc,LDC
mpg,MPG
dtp,DTP
demolit,DEMOLITION
steele,STEELE
pops,POPS
malle,MALLEABLE
cuttr,CUTTER
identificat,IDENTIFICATION
spndl,SPINDLE
dinse,DINSE
sqft,SQUARE-FOOT
waterbased,WATER-BASED
chuc,CHUCK
cntsk,COUNTERSINK
sealnt,SEALANT
nonasb,NON-ASBESTOS
casa,CASA
mol,MOL
trad,TRAD
cleanerdegreaser,CLEANER-DEGREASER
combinatio,COMBINATION
acetoxy,ACETOXY
gasalertmax,GASALERTMAX
supplies,SUPPLIES
shorty,SHORTY
gasalertmicroclip,GASALERTMICROCLIP
repositionable,REPOSITIONABLE
wal,WAL
tapers,TAPERS
adjstbl,ADJUSTABLE
booties,BOOTIE
cleanin,CLEANING
pcbn,POLYCRYSTALLINE-CUBIC-BORON-NITRIDE
crowsfoot,CROWFOOT
tecnu,TECNU
kano,KANO
rivnut,RIVNUT
stripmaster,STRIPMASTER
scru,SCREW
types,TYPES
outter,OUTER
legris,LEGRIS
gnmtl,GUNMETAL
microtouch,MICRO-TOUCH
curcuit,CIRCUIT
coloured,COLORED
reusble,REUSABLE
tescom,TESCOM
semisynthetic,SEMI-SYNTHETIC
doubel,DOUBLE
interlocking,INTERLOCKING
heavduty,HEAVY-DUTY
meguiars,MEGUIAR'S
laboratories,LABORATORIES
sideshields,SIDE-SHIELD
dspsbl,DISPOSABLE
hydrocarbons,HYDROCARBON
calibrated,CALIBRATED
isolator,ISOLATOR
atomizing,ATOMIZING
gromm,GROMMET
slotte,SLOTTED
chains,CHAIN
lithiu,LITHIUM
malibu,MALIBU
hightemp,HIGH-TEMP
exting,EXTINGUISHER
chromeplated,CHROME-PLATED
dampening,DAMPENING
lacquered,LACQUERED
png,PNG
matic,MATIC
chestwader,CHEST-WADER
tyvk,TYVEK
chm,CHM
padlocks,PADLOCK
cvral,COVERALL
mops,MOPS
mfa,MFA
gr63,GRADE
aeroquip,AEROQUIP
threade,THREADED
shims,SHIMS
forgd,FORGED
dynabolt,DYNABOLT
disin,DISINFECTANT
crwn,CROWN
personne,PERSONNEL
clsd,CLOSED
microfibr,MICROFIBER
marksalot,MARKS-A-LOT
grobet,GROBET
trimmers,TRIMMER
ballseat,BALL-SEAT
wthrprf,WEATHERPROOF
fanfold,FAN-FOLD
hosetail,HOSE-TAIL
powr,POWER
blanks,BLANKS
lightcurtain,LIGHT-CURTAIN
rubbr,RUBBER
ssd,SSD
semisyn,SEMI-SYNTHETIC
formagasket,FORM-A-GASKET
assebmly,ASSEMBLY
discont,DISCONTINUED
nonmarking,NON-MARKING
thyssenkrupp,THYSSENKRUPP
dated,DATED
dtctr,DETECTOR
selfadh,SELF-ADHESIVE
brshlss,BRUSHLESS
duplicolor,DUPLI-COLOR
petrole,PETROLEUM
e309l,WELDING-ELECTRODE-CLASSIFICATION
ip20,IP-INGRESS-PROTECTION-RATING
circulating,CIRCULATING
feraloy,FERALOY
males,MALES
techno,TECHNO
weldwood,WELDWOOD
hyster,HYSTER
materials,MATERIAL
rs232,SERIAL-DATA-STANDARD
crewmate,CREWMATE
antisieze,ANTI-SEIZE
fusing,FUSING
turtleneck,TURTLENECK
forks,FORKS
flas,FLASH
beams,BEAMS
profibus,PROFIBUS
reelcraft,REELCRAFT
eiko,EIKO
adjustabl,ADJUSTABLE
cottered,COTTERED
battry,BATTERY
towellettes,TOWELETTE
frekote,FREKOTE
gr6,GRADE
roofers,ROOFERS
inhibitr,INHIBITOR
gardn,GARDEN
boxers,BOXERS
chck,CHECK
champfer,CHAMFER
flexhone,FLEX-HONE
lghtwght,LIGHTWEIGHT
gridlock,GRIDLOCK
firefighting,FIREFIGHTING
cvs,CVS
lpg,LPG
dblend,DOUBLE-END
rectang,RECTANGULAR
polyethlene,POLYETHYLENE
fusable,FUSIBLE
natur,NATURAL
assemby,ASSEMBLY
silvaloy,SILVALOY
heartstart,HEARTSTART
locki,LOCKING
no810,NUMBER
builders,BUILDERS
naptha,NAPHTHA
anchoring,ANCHORING
singleuse,SINGLE-USE
sections,SECTION
farmers,FARMERS
diagnl,DIAGONAL
woodscrew,WOOD-SCREW
ches,CHEST
indestructable,INDESTRUCTIBLE
deod,DEODORANT
dippd,DIPPED
degreas,DEGREASER
respi,RESPIRATOR
arbors,ARBOR
pressed,PRESSED
passthru,PASS-THROUGH
particul,PARTICULATE
dispnsr,DISPENSER
dashes,DASHES
polymide,POLYIMIDE
psf,PSF
condut,CONDUIT
polysty,POLYSTYRENE
galvan,GALVANIZED
ashcroft,ASHCROFT
atural,NATURAL
rivers,RIVERS
corrg,CORRUGATED
speedair,SPEEDAIRE
mammography,MAMMOGRAPHY
layers,LAYERS
toggleswitch,TOGGLE-SWITCH
flapdsc,FLAP-DISC
waterpr,WATERPROOF
personel,PERSONNEL
cntrsk,COUNTERSINK
ceriated,CERIATED
brigh,BRIGHT
panels,PANEL
extrastrength,EXTRA-STRENGTH
coverplate,COVER-PLATE
aisi,AMERICAN-IRON-AND-STEEL-INSTITUTE
hort,HORT
hdband,HEADBAND
flapwhl,FLAP-WHEEL
charcoa,CHARCOAL
encapsulatd,ENCAPSULATED
hndlng,HANDLING
danfoss,DANFOSS
lther,LEATHER
stdd,STANDARD
extinguiser,EXTINGUISHER
fittng,FITTING
truing,TRUING
makalu,MAKALU
mvp,MVP
eleme,ELEMENT
hdty,HEAVY-DUTY
hoover,HOOVER
pillows,PILLOW
mixers,MIXERS
solutions,SOLUTION
noryl,NORYL
fluxcore,FLUX-CORE
sikasil,SIKASIL
gallo,GALLO
ppi,PPI
fractions,FRACTION
pnuem,PNEUMATIC
neral,NERAL
toughened,TOUGHENED
pec,PEC
pferd,PFERD
disconti,DISCONTINUED
cpu,CPU
sebring,SEBRING
raincoats,RAINCOATS
brr,BRR
swingline,SWINGLINE
swiveling,SWIVELING
swak,SWAK
junkyard,JUNKYARD
lind,LIND
bundling,BUNDLING
pregalv,PREGALVANIZED
tyvex,TYVEK
retaine,RETAINER
burrs,BURRS
cardstk,CARDSTOCK
toolhol,TOOLHOLDER
magnifi,MAGNIFIER
vactra,VACTRA
alvania,ALVANIA
biotech,BIOTECH
abrasiv,ABRASIVE
hardwr,HARDWARE
peanuts,PEANUTS
hiload,HIGH-LOAD
overlaminate,OVER-LAMINATE
ventilat,VENTILATION
fastbond,FASTBOND
applicators,APPLICATOR
r134a,REFRIGERANT
timberl,TIMBERLAND
luxeon,LUXEON
voltg,VOLTAGE
diox,DIOXIDE
moldex,MOLDEX
concre,CONCRETE
penlite,PENLIGHT
pwdf,POWDER-FREE
hoists,HOIST
gusst,GUSSET
microfinishing,MICRO-FINISHING
overboots,OVER-BOOT
utilty,UTILITY
procel,PROCELL
coroman,COROMANT
diamtr,DIAMETER
ifm,IFM
liftoff,LIFTOFF
universa,UNIVERSAL
kendall,KENDALL
reamr,REAMER
fields,FIELD
containerized,CONTAINERIZED
metalized,METALLIZED
bndsaw,BAND-SAW
falk,FALK
gntlt,GAUNTLET
princeton,PRINCETON
hagen,HAGEN
cogsdill,COGSDILL
exposur,EXPOSURE
millime,MILLIME
limiters,LIMITERS
pyrenees,PYRENEES
capacit,CAPACITY
stirrups,STIRRUPS
fastner,FASTENER
reconditioned,RECONDITIONED
enamal,ENAMEL
sawzal,SAWZALL
eveready,EVEREADY
bol,BOL
stepdrill,STEP-DRILL
nonpltd,NONPLATED
bijur,BIJUR
harrington,HARRINGTON
stoppers,STOPPER
ballscrew,BALL-SCREW
intrins,INTRINSIC
disconect,DISCONNECT
columbus,COLUMBUS
mckinnon,MCKINNON
automotiv,AUTOMOTIVE
hosebarb,HOSE-BARB
patchcord,PATCH-CORD
dblctd,DOUBLE-COATED
extensi,EXTENSION
dayco,DAYCO
profil,PROFILE
drilldrive,DRILL-DRIVE
camlocks,CAM-LOCKS
presure,PRESSURE
torrington,TORRINGTON
cages,CAGES
lvdt,LINEAR-VARIABLE-DIFFERENTIAL-TRANSFORMER
wejit,WEJ-IT
nonaerosol,NON-AEROSOL
numbr,NUMBER
multiples,MULTIPLE
hydroge,HYDROGEN
omb,OMB
lyndex,LYNDEX
tba,TBA
spartacus,SPARTACUS
oxyacet,OXYACETYLENE
silcone,SILICONE
structur,STRUCTURAL
electrnc,ELECTRONIC
lifespan,LIFESPAN
volvo,VOLVO
smless,SEAMLESS
seq,SEQ
regul,REGULATOR
magnets,MAGNET
thorogood,THOROGOOD
nonstick,NONSTICK
goatski,GOATSKIN
avg,AVG
chipboard,CHIPBOARD
incr,INCR
helliarc,HELIARC
greens,GREEN
pbs,PBS
cav,CAV
techspray,TECHSPRAY
cyld,CYLINDER
upholstry,UPHOLSTERY
articulating,ARTICULATING
platfrm,PLATFORM
coxreels,COXREELS
snaphooks,SNAP-HOOK
sytle,STYLE
holddown,HOLD-DOWN
padlckg,PADLOCKING
squegee,SQUEEGEE
screens,SCREEN
shades,SHADES
refurbished,REFURBISHED
footprints,FOOTPRINTS
billings,BILLINGS
pullers,PULLER
neutralizing,NEUTRALIZING
outputs,OUTPUT
airways,AIRWAYS
unger,UNGER
dvidrs,DIVIDER
cnctr,CONNECTOR
journeyma,JOURNEYMAN
silve,SILVER
firs,FIRST
nbc,NBC
cartrdge,CARTRIDGE
valenite,VALENITE
tightening,TIGHTENING
capicity,CAPACITY
lexmark,LEXMARK
cutmaster,CUTMASTER
nicholson,NICHOLSON
maintenanc,MAINTENANCE
ezout,EZ-OUT
cali,CALI
sidekick,SIDEKICK
structrl,STRUCTURAL
coupln,COUPLING
shaf,SHAFT
wesson,WESSON
drillng,DRILLING
clinching,CLINCHING
meduim,MEDIUM
winds,WINDS
particula,PARTICULATE
florsheim,FLORSHEIM
epson,EPSON
mfr,MFR
pliobond,PLIOBOND
havoline,HAVOLINE
orgnl,ORIGINAL
libman,LIBMAN
coarsefine,COARSE-FINE
platd,PLATED
inbox,INBOX
cubitronii,CUBITRON-II
adc,ADC
discontinued,DISCONTINUED
industria,INDUSTRIAL
bauer,BAUER
sandblaster,SANDBLASTER
reflectiv,REFLECTIVE
elkskn,ELKSKIN
boards,BOARDS
kryl,KRYLON
no080,NUMBER
acura,ACURA
fluores,FLUORESCENT
replacem,REPLACEMENT
skincare,SKINCARE
laserjet,LASERJET
kimcare,KIMCARE
effic,EFFICIENCY
antiwear,ANTI-WEAR
jobox,JOBOX
lucas,LUCAS
rubberbands,RUBBER-BAND
barstk,BAR-STOCK
scal,SCALE
reducin,REDUCING
torr,TORR
swival,SWIVEL
folgers,FOLGERS
weldaid,WELD-AID
immunizations,IMMUNIZATIONS
hardtop,HARDTOP
filtered,FILTERED
jackeroo,JACKEROO
halotron,HALOTRON
afn,AFN
uscg,USCG
earbuds,EARBUD
silvr,SILVER
acetaminophen,ACETAMINOPHEN
polyestr,POLYESTER
wesco,WESCO
impat,IMPACT
lubrican,LUBRICANT
gleason,GLEASON
coppe,COPPER
taperd,TAPERED
spikes,SPIKES
nozzel,NOZZLE
dulux,DULUX
keylss,KEYLESS
orbiter,ORBITER
sylvania,SYLVANIA
komfort,COMFORT
enlargers,ENLARGERS
hazcom,HAZARD-COMMUNICATION
cartri,CARTRIDGE
nyloc,NYLOK
adapted,ADAPTED
blockout,BLOCK-OUT
troffer,TROFFER
glands,GLAND
lenco,LENCO
concret,CONCRETE
vblocks,V-BLOCK
snaploc,SNAP-LOCK
acryli,ACRYLIC
downs,DOWN
dimming,DIMMING
gr120,GRADE
handifoam,HANDI-FOAM
spacers,SPACER
dwyer,DWYER
emuge,EMUGE
nema3r,NEMA-RATING
annulr,ANNULAR
lightwe,LIGHTWEIGHT
crews,CREWS
sponges,SPONGES
compnd,COMPOUND
keyston,KEYSTONE
renfrew,RENFREW
lifts,LIFTS
beig,BEIGE
selflock,SELF-LOCK
cleveland,CLEVELAND
bibpant,BIB-PANT
inspected,INSPECTED
restoring,RESTORING
screwdri,SCREWDRIVER
soldr,SOLDER
laces,LACES
srew,SCREW
touchscrn,TOUCHSCREEN
energiz,ENERGIZED
extingusher,EXTINGUISHER
england,ENGLAND
charlynn,CHAR-LYNN
fumes,FUMES
lable,LABEL
records,RECORD
prewired,PREWIRED
shapes,SHAPES
witeout,WITE-OUT
natura,NATURAL
tasman,TASMAN
numatics,NUMATICS
continous,CONTINUOUS
tamperresistant,TAMPER-RESISTANT
viledon,VILEDON
syr,SYR
slipresist,SLIP-RESISTANT
mitering,MITERING
respir,RESPIRATOR
exxon,EXXON
photoeye,PHOTO-EYE
splicers,SPLICERS
booms,BOOMS
anchr,ANCHOR
hangers,HANGER
paasche,PAASCHE
groun,GROUND
crossbrace,CROSS-BRACE
controls,CONTROL
gerson,GERSON
railcar,RAIL-CAR
creped,CREPED
astr,ASTR
dcell,D-CELL
junct,JUNCTION
gauntl,GAUNTLET
degreasr,DEGREASER
lbf,POUND-FORCE
powerheart,POWERHEART
deodo,DEODORANT
vanes,VANES
cryst,CRYST
raggwool,RAGG-WOOL
pails,PAILS
tackcloth,TACK-CLOTH
permabond,PERMABOND
xtension,EXTENSION
fklift,FORKLIFT
blockheater,BLOCK-HEATER
flashlite,FLASHLIGHT
hivltg,HIGH-VOLTAGE
wrkmn,WORKMAN
reusa,REUSABLE
homelite,HOMELITE
instru,INSTRUMENT
synflex,SYNFLEX
bipolymer,BI-POLYMER
flaps,FLAPS
brio,BRIO
edwards,EDWARDS
constru,CONSTRUCTION
antishort,ANTI-SHORT
acylic,ACRYLIC
celcon,CELCON
spectru,SPECTRUM
inficon,INFICON
gimme,GIMME
din7980,DIN-STANDARD
polyethyln,POLYETHYLENE
caplet,CAPLET
enterprises,ENTERPRISES
aol,AOL
electricl,ELECTRICAL
halfmask,HALF-MASK
kraftform,KRAFTFORM
grde,GRADE
suggested,SUGGESTED
staight,STRAIGHT
dotco,DOTCO
beari,BEARING
profe,PROFESSIONAL
wrkshrt,WORK-SHIRT
timemist,TIMEMIST
singlefold,SINGLE-FOLD
framers,FRAMERS
groov,GROOVE
scotchkote,SCOTCHKOTE
titex,TITEX
protecti,PROTECTION
burgandy,BURGUNDY
chan,CHAN
syste,SYSTEM
nzzl,NOZZLE
checmical,CHEMICAL
jrsy,JERSEY
seali,SEALING
tel,TEL
gundrill,GUN-DRILL
spokane,SPOKANE
amphr,AMP-HOUR
sinks,SINKS
infin,INFIN
liquitite,LIQUID-TIGHT
transmitte,TRANSMITTER
cvrlls,COVERALLS
phillps,PHILLIPS
graphene,GRAPHENE
wratchet,RATCHET
coatd,COATED
lyondell,LYONDELLBASELL
romex,ROMEX
fogfree,FOG-FREE
magni,MAGNIFIER
ency,ENCY
compoun,COMPOUND
conenctor,CONNECTOR
acidflux,ACID-FLUX
disks,DISCS
alumninum,ALUMINUM
khz,KHZ
pum,PUMP
usda,USDA
brooks,BROOKS
grea,GREASE
nesting,NESTING
vlve,VALVE
chrme,CHROME
clippard,CLIPPARD
intermatic,INTERMATIC
steeltoed,STEEL-TOED
twoway,TWO-WAY
dispe,DISPENSER
shockabsorb,SHOCK-ABSORBING
bubblewrap,BUBBLE-WRAP
aetna,AETNA
shouldr,SHOULDER
receptable,RECEPTACLE
degre,DEGREE
glves,GLOVE
peaks,PEAKS
mandrell,MANDREL
polarizd,POLARIZED
jeweller,JEWELER
tsquare,T-SQUARE
a105,ASTM-SPECIFICATION
erin,ERIN
elim,ELIMINATOR
shallo,SHALLOW
fttng,FITTING
strgth,STRENGTH
stages,STAGES
premoistened,PREMOISTENED
mtrl,MATERIAL
hrdhat,HARD-HAT
chro,CHROME
ectric,ELECTRIC
prisim,PRISM
quickgrip,QUICK-GRIP
greenlee,GREENLEE
robots,ROBOTS
attn,ATTN
bored,BORED
scotchcal,SCOTCHCAL
erk,ERK
interlocked,INTERLOCKED
milstd2073,MIL-STD-SPECIFICATION
bronz,BRONZE
guardmaster,GUARDMASTER
suspen,SUSPENSION
faceshld,FACE-SHIELD
cabinets,CABINET
gripped,GRIPPED
gmt,GMT
plstic,PLASTIC
ident,IDENTIFICATION
brulin,BRULIN
coars,COARSE
wireties,WIRE-TIES
velocite,VELOCITE
cowsplit,COW-SPLIT
recipricating,RECIPROCATING
trimsol,TRIMSOL
blacklight,BLACKLIGHT
crimpers,CRIMPER
calibrat,CALIBRATE
gloveworks,GLOVEWORKS
worx,WORX
tesco,TESCO
endmi,END-MILL
serated,SERRATED
soldered,SOLDERED
mirlon,MIRLON
wires,WIRE
bbs,BBS
ghz,GHZ
coroma,COROMANT
longlife,LONG-LIFE
nonhaz,NON-HAZARDOUS
staticdiss,STATIC-DISSIPATIVE
arts,ARTS
protectio,PROTECTION
parallels,PARALLEL
taperlock,TAPER-LOCK
erasing,ERASING
semperguard,SEMPERGUARD
bushng,BUSHING
leaktite,LEAKTITE
nachi,NACHI
outs,OUTS
tennant,TENNANT
adhesives,ADHESIVE
premuim,PREMIUM
aegir,AEGIR
proces,PROCESS
profl,PROFILE
digimati,DIGIMATIC
weldin,WELDING
guhring,GUHRING
vehicles,VEHICLE
bimeta,BIMETAL
portables,PORTABLE
tampax,TAMPAX
supra,SUPRA
multifak,MULTIFAK
welde,WELDER
spudger,SPUDGER
tapere,TAPERED
counte,COUNTER
lefthand,LEFT-HAND
dettol,DETTOL
pei,PEI
workrite,WORKRITE
tsurumi,TSURUMI
outsol,OUTSOLE
misting,MISTING
fibergl,FIBERGLASS
mci,MCI
fiberg,FIBERGLASS
orginal,ORIGINAL
crystl,CRYSTAL
slott,SLOTTED
nomx,NOMEX
bulls,BULLS
etc,ETC
goggl,GOGGLE
marke,MARKER
xtnd,EXTEND
shackl,SHACKLE
bessey,BESSEY
ragg,RAGG-WOOL
subminiature,SUBMINIATURE
returning,RETURNING
shirred,SHIRRED
ss430,STAINLESS-STEEL-GRADE
brakes,BRAKE
bodywarmer,BODY-WARMER
leggings,LEGGINGS
tons,TONS
crdstk,CARDSTOCK
delvac,DELVAC
interchangable,INTERCHANGEABLE
heig,HEIGHT
benzalk,BENZALKONIUM
suspens,SUSPENSION
nsa,NSA
cushgrip,CUSHION-GRIP
polyurea,POLYUREA
prfrm,PERFORM
pipes,PIPES
aisles,AISLES
beveller,BEVELER
mfd,MFD
kalrez,KALREZ
fao,FAO
sprays,SPRAYS
clutc,CLUTCH
packag,PACKAGE
amptrap,AMPTRAP
installing,INSTALLING
labl,LABEL
lcknut,LOCKNUT
xxi,XXI
workholding,WORK-HOLDING
returns,RETURN
spyder,SPYDER
oilresistant,OIL-RESISTANT
vlvs,VALVE
lldpe,LINEAR-LOW-DENSITY-POLYETHYLENE
hab,HAB
footware,FOOTWEAR
painte,PAINTER
tefl,TEFL
cocks,COCKS
resista,RESISTANT
fibrgls,FIBERGLASS
lem,LEM
serrations,SERRATIONS
edison,EDISON
precautions,PRECAUTION
arami,ARAMID
pulaski,PULASKI
knipex,KNIPEX
ramps,RAMPS
dyneem,DYNEEMA
sanicloth,SANI-CLOTH
forms,FORMS
dovet,DOVETAIL
jetweld,JETWELD
stbby,STUBBY
sandable,SANDABLE
cepacol,CEPACOL
spoolarc,SPOOLARC
bristl,BRISTLE
sprayers,SPRAYER
multigrip,MULTI-GRIP
disconne,DISCONNECT
bearng,BEARING
polyurthn,POLYURETHANE
knaack,KNAACK
selftap,SELF-TAPPING
naugahyde,NAUGAHYDE
jul,JUL
aircrft,AIRCRAFT
kinfe,KNIFE
labelwriter,LABELWRITER
couplg,COUPLING
acheson,ACHESON
moog,MOOG
crosslink,CROSS-LINK
autoretractable,AUTO-RETRACTABLE
pigs,PIGS
extingushr,EXTINGUISHER
fingless,FINGERLESS
handpad,HAND-PAD
silastic,SILASTIC
baginbox,BAG-IN-BOX
cardbd,CARDBOARD
decks,DECKS
altered,ALTERED
nonshrink,NON-SHRINK
rectorseal,RECTORSEAL
bracke,BRACKET
quinn,QUINN
noalox,NOALOX
oerlikon,OERLIKON
cements,CEMENT
coppertop,COPPERTOP
snaptite,SNAP-TITE
magnfr,MAGNIFIER
cnnctrs,CONNECTOR
clecos,CLECO
praxair,PRAXAIR
slev,SLEEVE
combintn,COMBINATION
supt,SUPT
syntheti,SYNTHETIC
dessicant,DESICCANT
leeson,LEESON
tko,TKO
lintfree,LINT-FREE
facepiec,FACEPIECE
nrrw,NARROW
calib,CALIBRATION
bilingl,BILINGUAL
locktite,LOCTITE
norbide,NORBIDE
packard,PACKARD
highspeed,HIGH-SPEED
freud,FREUD
caplugs,CAPLUGS
midweight,MID-WEIGHT
buffering,BUFFERING
stltoe,STEEL-TOE
feml,FEMALE
doosan,DOOSAN
leight,HOWARD-LEIGHT
strings,STRINGS
cleanr,CLEANER
pilotlite,PILOT-LIGHT
acrylc,ACRYLIC
comfor,COMFORT
er70s2,WELDING-WIRE-CLASSIFICATION
fabuloso,FABULOSO
equiv,EQUIV
pheno,PHENOLIC
fwd,FWD
busing,BUSING
superhawg,SUPER-HAWG
disulfide,DISULFIDE
machines,MACHINE
rainx,RAIN-X
antiseiz,ANTI-SEIZE
gaske,GASKET
tegaderm,TEGADERM
filamnet,FILAMENT
eyebolts,EYEBOLT
suv,SUV
flashlt,FLASHLIGHT
greenworks,GREENWORKS
weldas,WELDAS
modules,MODULE
calip,CALIPER
tracking,TRACKING
chocked,CHOCKED
choc,CHOC
airhydraulic,AIR-HYDRAULIC
cartrdige,CARTRIDGE
extensions,EXTENSION
ruber,RUBBER
accessor,ACCESSORY
fixtures,FIXTURE
bostik,BOSTIK
drft,DRAFT
touchscr,TOUCHSCREEN
distribut,DISTRIBUTION
biofreeze,BIOFREEZE
environmen,ENVIRONMENTAL
separa,SEPARATOR
cargill,CARGILL
wirebrush,WIRE-BRUSH
degf,DEGREES-FAHRENHEIT
deutz,DEUTZ
ene,ENE
husqvarna,HUSQVARNA
designated,DESIGNATED
vickers,VICKERS
flushometer,FLUSHOMETER
spanners,SPANNERS
dishsoap,DISH-SOAP
tbolts,T-BOLTS
fuser,FUSER
greenfield,GREENFIELD
fineline,FINE-LINE
selfleveling,SELF-LEVELING
reva,REVA
configured,CONFIGURED
sandin,SANDING
piab,PIAB
gran,GRAN
opp,OPP
padd,PADDED
hast,HAST
scotchcast,SCOTCHCAST
weighs,WEIGHS
markings,MARKING
bakers,BAKERS
phllps,PHILLIPS
workers,WORKERS
carria,CARRIAGE
spotfacer,SPOT-FACER
lanya,LANYARD
wix,WIX
riveters,RIVETER
pukka,PUKKA
ujoint,U-JOINT
iso7379,ISO-STANDARD
onsite,ONSITE
grve,GROOVE
handtight,HAND-TIGHT
preventa,PREVENTATIVE
profle,PROFILE
multiway,MULTI-WAY
construc,CONSTRUCTION
squa,SQUARE
natrl,NATURAL
febreeze,FEBREZE
ibm,IBM
bibbed,BIBBED
maxifoam,MAXIFOAM
dspsble,DISPOSABLE
crousehinds,CROUSE-HINDS
chesterton,CHESTERTON
fleetguard,FLEETGUARD
squeeg,SQUEEGEE
enclosur,ENCLOSURE
headbnd,HEADBAND
schlage,SCHLAGE
boutique,BOUTIQUE
microfib,MICROFIBER
signaling,SIGNALING
shutters,SHUTTERS
lables,LABEL
slipstream,SLIPSTREAM
strech,STRETCH
modbus,MODBUS
etl,ETL-LISTED
disinfe,DISINFECTANT
dieless,DIELESS
swaging,SWAGING
shrp,SHARP
contracto,CONTRACTOR
anglehead,ANGLE-HEAD
dblsided,DOUBLE-SIDED
cauti,CAUTION
helmt,HELMET
boys,BOYS
boelube,BOELUBE
cordles,CORDLESS
thermoset,THERMO-SET
lanthanated,LANTHANATED
marson,MARSON
efl,EFL
radi,RADIUS
spreaders,SPREADERS
pwdrfree,POWDER-FREE
photocontrol,PHOTOCONTROL
polypropy,POLYPROPYLENE
rall,RALL
carbiner,CARABINER
cmbo,COMBO
lokwash,LOCK-WASHER
pltnm,PLATINUM
buttondown,BUTTON-DOWN
cylindri,CYLINDRICAL
reqd,REQUIRED
ferrul,FERRULE
sorbothane,SORBOTHANE
antiimpct,ANTI-IMPACT
autooff,AUTO-OFF
silikroil,SILI-KROIL
pennies,PENNIES
totes,TOTES
mossyoak,MOSSY-OAK
no88,NUMBER
splined,SPLINED
seperator,SEPARATOR
jbox,J-BOX
jacquard,JACQUARD
cvralls,COVERALLS
breatha,BREATHABLE
hois,HOIST
staticdis,STATIC-DISSIPATIVE
sande,SANDER
bendix,BENDIX
xxtra,EXTRA
styli,STYLI
lockset,LOCK-SET
magnaloy,MAGNALOY
prints,PRINTS
polysorb,POLYSORB
chamferg,CHAMFERING
knucklehead,KNUCKLEHEAD
doublecut,DOUBLE-CUT
retardan,RETARDANT
e308l,WELDING-ELECTRODE-CLASSIFICATION
exhaus,EXHAUST
stored,STORED
comms,COMMS
fragra,FRAGRANCE
cornmeal,CORNMEAL
attachmen,ATTACHMENT
atchet,RATCHET
steril,STERILE
flagg,FLAGGING
apprx,APPROXIMATELY
eyewe,EYEWEAR
meters,METERS
depressors,DEPRESSOR
copco,ATLAS-COPCO
addressable,ADDRESSABLE
dispbl,DISPOSABLE
bloodborne,BLOODBORNE
inclds,INCLUDE
vlcr,VELCRO
instan,INSTANT
patches,PATCHES
embedded,EMBEDDED
hardiboard,HARDIEBOARD
pully,PULLEY
plastigage,PLASTIGAUGE
landfill,LANDFILL
phlps,PHILLIPS
harnss,HARNESS
lrge,LARGE
brak,BRAKE
layup,LAYUP
ziplok,ZIPLOCK
wettask,WETTASK
hispd,HIGH-SPEED
produc,PRODUCT
dennison,DENNISON
emi,EMI
microstop,MICROSTOP
countertop,COUNTER-TOP
ironworkers,IRONWORKERS
hevy,HEAVY
interio,INTERIOR
cementex,CEMENTEX
charts,CHARTS
tesa,TESA
flexaust,FLEXAUST
nsc,NSC
nightstick,NIGHTSTICK
blksmith,BLACKSMITH
salvequick,SALVEQUICK
spher,SPHERICAL
horizonal,HORIZONTAL
gears,GEARS
hydralic,HYDRAULIC
hazar,HAZARD
closeup,CLOSEUP
disposa,DISPOSABLE
bttle,BOTTLE
filtr,FILTER
lii,LII
hylomar,HYLOMAR
monitors,MONITOR
ones,ONES
polyster,POLYESTER
jacke,JACKET
shafts,SHAFT
disinfectants,DISINFECTANT
hemmed,HEMMED
respirat,RESPIRATOR
cordova,CORDOVA
drawe,DRAWER
endml,END-MILL
famowood,FAMOWOOD
kleanstrip,KLEAN-STRIP
halar,HALAR
technicians,TECHNICIANS
countersnk,COUNTERSINK
solvents,SOLVENT
drver,DRIVER
krista,KRISTA
delco,DELCO
atp,ATP
linemaster,LINEMASTER
gaylord,GAYLORD
hellberg,HELLBERG
texturized,TEXTURIZED
loadbreak,LOAD-BREAK
pozidr,POZIDRIV
hammerdrvr,HAMMER-DRIVER
knve,KNIFE
mirco,MICRO
spoons,SPOONS
sq4,SQUARE-DRIVE-SIZE
contruction,CONSTRUCTION
schunk,SCHUNK
laerdal,LAERDAL
cottonelle,COTTONELLE
compresion,COMPRESSION
crimpd,CRIMPED
stnstl,STAINLESS-STEEL
machn,MACHINE
nonferr,NONFERROUS
interlck,INTERLOCK
brkaway,BREAKAWAY
borescope,BORESCOPE
conten,CONTENT
cured,CURED
chlorid,CHLORIDE
westinghouse,WESTINGHOUSE
attachm,ATTACHMENT
nonperf,NON-PERFORATED
xlge,XLARGE
flaggers,FLAGGERS
gals,GALS
carpntr,CARPENTER
inkjoy,INKJOY
emerson,EMERSON
corregated,CORRUGATED
shipp,SHIPPING
novec,NOVEC
ipex,IPEX
kleengua,KLEENGUARD
detailing,DETAILING
inscribed,INSCRIBED
noninsltd,NONINSULATED
instld,INSTALLED
ads,ADS
carthage,CARTHAGE
ss303,STAINLESS-STEEL-GRADE
sales,SALES
centerdrill,CENTER-DRILL
receptical,RECEPTACLE
carrlane,CARR-LANE
equivilent,EQUIVALENT
shf,SHF
polyproply,POLYPROPYLENE
hollowshaf,HOLLOW-SHAFT
tanks,TANKS
custo,CUSTOM
sqaure,SQUARE
avionics,AVIONICS
stopoff,STOPOFF
grommeted,GROMMETED
hogg,HOGG
complia,COMPLIANCE
moeller,MOELLER
bernar,BERNARD
cars,CARS
kleengard,KLEENGUARD
positions,POSITION
preventio,PREVENTION
measur,MEASURE
abd,ABD
watson,WATSON
stabil,STABILIZER
fiebing,FIEBING'S
delphi,DELPHI
portacount,PORTACOUNT
asking,ASKING
dange,DANGER
fluids,FLUIDS
buckt,BUCKET
amines,AMINES
eywear,EYEWEAR
encased,ENCASED
leviton,LEVITON
recyc,RECYCLE
nonsilicone,NON-SILICONE
elastc,ELASTIC
inver,INVERTER
pretaped,PRE-TAPED
sidecutting,SIDE-CUTTING
durapore,DURAPORE
nonflamable,NONFLAMMABLE
shround,SHROUD
utlity,UTILITY
awg3,AMERICAN-WIRE-GAUGE
milw,MILWAUKEE
deka,DEKA
perfrmnc,PERFORMANCE
cmprssion,COMPRESSION
slimlin,SLIMLINE
extre,EXTREME
gluconate,GLUCONATE
interlocks,INTERLOCK
backlight,BACKLIGHT
clampmeter,CLAMP-METER
browguard,BROW-GUARD
gasalertquattro,GASALERTQUATTRO
calcm,CALCIUM
wrenche,WRENCH
suits,SUITS
kubota,KUBOTA
coulping,COUPLING
intens,INTENS
strippr,STRIPPER
bucke,BUCKET
brightner,BRIGHTENER
scotchbright,SCOTCH-BRITE
brushl,BRUSHLESS
grindr,GRINDER
actors,ACTORS
odour,ODOR
brshls,BRUSHLESS
synthe,SYNTHETIC
hussmann,HUSSMANN
dispensin,DISPENSING
mailing,MAILING
drwg,DRAWING
statshield,STATSHIELD
oilers,OILERS
couplant,COUPLANT
awg10,AMERICAN-WIRE-GAUGE
releaseable,RELEASABLE
gr43,GRADE
conbraco,CONBRACO
relton,RELTON
prefill,PREFILLED
heliarc,HELIARC
optivisor,OPTIVISOR
mutiplier,MULTIPLIER
telescop,TELESCOPING
milwa,MILWAUKEE
rif,RIF
allinone,ALL-IN-ONE
strengt,STRENGTH
m39,METRIC-SIZE-DESIGNATION
holokrome,HOLO-KROME
boundry,BOUNDARY
locknu,LOCKNUT
capac,CAPACITY
bernzomatic,BERNZOMATIC
automoti,AUTOMOTIVE
twopart,TWO-PART
profssnl,PROFESSIONAL
freerunning,FREE-RUNNING
unpltd,UNPLATED
shatterprf,SHATTERPROOF
shackles,SHACKLE
prepunched,PRE-PUNCHED
lockou,LOCKOUT
shocks,SHOCKS
thinsult,THINSULATE
pnumatic,PNEUMATIC
includ,INCLUDE
thrmplstc,THERMOPLASTIC
structral,STRUCTURAL
manil,MANILA
denso,DENSO
dynel,DYNEL
headst,HEADSET
superglaze,SUPERGLAZE
multipurpos,MULTIPURPOSE
sae30,SAE-SPECIFICATION
tshirts,T-SHIRTS
ftp,FTP
termnl,TERMINAL
spind,SPINDLE
hardnd,HARDENED
betts,BETTS
faceshields,FACE-SHIELD
waylube,WAY-LUBE
lacq,LACQUER
kennedy,KENNEDY
moveable,MOVABLE
cuttng,CUTTING
dowell,DOWEL
tampresist,TAMPER-RESISTANT
cavicide,CAVICIDE
mss,MSS
atd,ATD
terminl,TERMINAL
keychn,KEYCHAIN
twx,TWX
sprockets,SPROCKET
bumps,BUMPS
crud,CRUD
drawr,DRAWER
torqu,TORQUE
racks,RACKS
applicatior,APPLICATOR
sprayway,SPRAYWAY
detectabl,DETECTABLE
lav,LAV
ohms,OHMS
tedlar,TEDLAR
novolac,NOVOLAC
hdbnd,HEADBAND
hazrd,HAZARD
seatbelt,SEATBELT
aerosl,AEROSOL
marples,MARPLES
wypal,WYPALL
econom,ECONOMY
indicatr,INDICATOR
cuno,CUNO
buckets,BUCKET
cheaters,CHEATERS
qtips,Q-TIP
feb,FEB
cartdridge,CARTRIDGE
seale,SEALER
fastest,FASTEST
glovebox,GLOVE-BOX
comparments,COMPARTMENT
no540,NUMBER
dissapative,DISSIPATIVE
eyesaline,EYESALINE
ribs,RIBS
hivizgard,HIVIZGARD
shatterproo,SHATTERPROOF
bhcs,BUTTON-HEAD-CAP-SCREW
impregnating,IMPREGNATING
glovs,GLOVE
sullair,SULLAIR
checks,CHECK
timberla,TIMBERLAND
larger,LARGER
modul,MODULE
stel,STEEL
coolin,COOLING
clmbr,CLIMBER
apprvd,APPROVED
vacum,VACUUM
bundles,BUNDLE
din935,DIN-STANDARD
heatseal,HEAT-SEAL
groundin,GROUNDING
javex,JAVEX
aram,ARAM
ip68,IP-INGRESS-PROTECTION-RATING
threadin,THREADING
platg,PLATING
scrubbers,SCRUBBER
loomex,LOOMEX
incld,INCLUDE
drilldrvr,DRILL-DRIVER
oildri,OIL-DRI
printers,PRINTER
truerms,TRUE-RMS
wingtip,WINGTIP
traced,TRACED
collaps,COLLAPSIBLE
screwdrv,SCREWDRIVER
a500,ASTM-SPECIFICATION
circul,CIRCULAR
liqd,LIQUID
flashl,FLASHLIGHT
hobbing,HOBBING
gearhead,GEAR-HEAD
bridgeport,BRIDGEPORT
recha,RECHARGEABLE
pulleys,PULLEY
doubleend,DOUBLE-END
delo,DELO
a563,ASTM-SPECIFICATION
ultracore,ULTRACORE
pushtotest,PUSH-TO-TEST
ul98,UL-STANDARD
polyca,POLYCARBONATE
airforce,AIR-FORCE
permacel,PERMACEL
elctrc,ELECTRIC
silcn,SILICONE
incandes,INCANDESCENT
dripless,DRIPLESS
rcptcl,RECEPTACLE
supressor,SUPPRESSOR
focusing,FOCUSING
mpactool,IMPACT-TOOL
shrin,SHRINK
no90,NUMBER
nondairy,NONDAIRY
radios,RADIOS
megacomfort,MEGACOMFORT
delayed,DELAYED
sata,SATA
receiving,RECEIVING
extn,EXTENSION
huskies,HUSKIES
acidoil,ACID-OIL
carwash,CARWASH
fullport,FULL-PORT
caniste,CANISTER
torino,TORINO
microgard,MICROGARD
rom,ROM
circut,CIRCUIT
pakistan,PAKISTAN
hylfex,HYFLEX
halog,HALOGEN
babbit,BABBITT
no94,NUMBER
rollaway,ROLLAWAY
dispsbl,DISPOSABLE
handel,HANDEL
bayone,BAYONET
defoaming,DEFOAMING
eph,EPH
binders,BINDERS
inserting,INSERTING
sfpm,SURFACE-FEET-PER-MINUTE
infared,INFRARED
enclosr,ENCLOSURE
selfcont,SELF-CONTAINED
overmold,OVERMOLD
colo,COLO
spic,SPIC
polyuret,POLYURETHANE
compounds,COMPOUND
extinguishers,EXTINGUISHER
professio,PROFESSIONAL
eavy,HEAVY
thimbles,THIMBLE
encapsulating,ENCAPSULATING
rogers,ROGERS
everdur,EVERDUR
dippe,DIPPED
restor,RESTORE
dblperf,DOUBLE-PERFORATED
hexarmour,HEXARMOR
catalog,CATALOG
b31,ASME/ASTM-DESIGNATION
tempil,TEMPIL
buffered,BUFFERED
sunshield,SUN-SHIELD
swtich,SWITCH
newark,NEWARK
reciprocati,RECIPROCATING
ammon,AMMON
hopping,HOPPING
dpt,DPT
marring,MARRING
irc,IRC
centr,CENTER
meets,MEETS
gte,GTE
cabide,CARBIDE
velour,VELOUR
xlpe,CROSS-LINKED-POLYETHYLENE
scrwdvr,SCREWDRIVER
johns,JOHNS
drwst,DRAWSTRING
actuated,ACTUATED
bootcut,BOOT-CUT
guedel,GUEDEL
recipr,RECIPROCATING
nonprtd,NON-PRINTED
patterson,PATTERSON
gobain,SAINT-GOBAIN
a106,ASTM-SPECIFICATION
advncd,ADVANCED
thu,THU
backdraft,BACK-DRAFT
parabol,PARABOLIC
kinney,KINNEY
junc,JUNCTION
sweats,SWEATS
codura,CORDURA
hvacr,HVAC/R
awg6,AMERICAN-WIRE-GAUGE
replacemnt,REPLACEMENT
markal,MARKAL
climbers,CLIMBER
brackett,BRACKET
airlines,AIRLINE
barricad,BARRICADE
oke,OKE
padlk,PADLOCK
aids,AIDS
asj,ALL-SERVICE-JACKET
reels,REELS
quickcha,QUICK-CHANGE
dsnfct,DISINFECTANT
cimcool,CIMCOOL
bopp,BIAXIALLY-ORIENTED-POLYPROPYLENE
taptite,TAPTITE
liquatite,LIQUATITE
beavertail,BEAVER-TAIL
nutsette,NUT-SETTER
centerfir,CENTERFIRE
configurable,CONFIGURABLE
imapct,IMPACT
jensen,JENSEN
nissan,NISSAN
ares,ARES
punctur,PUNCTURE
longterm,LONG-TERM
tubs,TUBS
whimis,WHMIS
diele,DIELECTRIC
cmplt,COMPLETE
invista,INVISTA
rechareable,RECHARGEABLE
avi,AVI
advil,ADVIL
items,ITEMS
polorized,POLARIZED
verti,VERTICAL
scothgard,SCOTCHGARD
airduct,AIR-DUCT
firestorm,FIRESTORM
disposble,DISPOSABLE
insulati,INSULATION
boraxo,BORAXO
origina,ORIGINAL
pistons,PISTON
vader,VADER
thinsulit,THINSULATE
others,OTHERS
clamped,CLAMPED
premiu,PREMIUM
cores,CORES
squez,SQUEEZE
thred,THREAD
slammer,SLAMMER
bulkhd,BULKHEAD
traffi,TRAFFIC
milwauke,MILWAUKEE
cafe,CAFE
avon,AVON
gnrl,GENERAL
halffngr,HALF-FINGER
synthtc,SYNTHETIC
gaint,GIANT
tcp,TCP
fuseholde,FUSE-HOLDER
awg22,AMERICAN-WIRE-GAUGE
bates,BATES
hearng,HEARING
charc,CHARCOAL
waterhog,WATERHOG
er90s,WELDING-WIRE-CLASSIFICATION
hytrol,HYTROL
vacuu,VACUUM
crimpable,CRIMPABLE
milwauk,MILWAUKEE
alcoa,ALCOA
thrmst,THERMOSTAT
corodr,CORODRILL
ditching,DITCHING
pwrd,POWERED
agco,AGCO
consists,CONSISTS
decor,DECOR
nilfisk,NILFISK
recipro,RECIPROCATING
starbucks,STARBUCKS
expproof,EXPLOSION-PROOF
lowvolt,LOW-VOLTAGE
autodarkening,AUTO-DARKENING
dehydrated,DEHYDRATED
shrinkwrap,SHRINK-WRAP
frmng,FRAMING
widths,WIDTH
dyes,DYES
rene,RENE
dedicated,DEDICATED
scotchgar,SCOTCHGARD
shallw,SHALLOW
din374,DIN-STANDARD
transl,TRANSL
jacks,JACKS
arr,ARR
stratton,STRATTON
bastar,BASTARD
bolted,BOLTED
emergen,EMERGENCY
deicing,DEICING
coolng,COOLING
advntge,ADVANTAGE
felts,FELTS
chewable,CHEWABLE
compct,COMPACT
corrigated,CORRUGATED
kluber,KLÜBER
reinfrcd,REINFORCED
nonrechargeable,NON-RECHARGEABLE
sandr,SANDER
latexfree,LATEX-FREE
sheetmetal,SHEET-METAL
r100,NIOSH-FILTER-CLASS
alodine,ALODINE
ampules,AMPULE
sparkplugs,SPARK-PLUG
sparta,SPARTA
latches,LATCH
braising,BRAZING
ellsworth,ELLSWORTH
acidgas,ACID-GAS
honed,HONED
cuyd,CUBIC-YARD
cutlerhammer,CUTLER-HAMMER
premixed,PRE-MIXED
hydrcrbns,HYDROCARBON
sanitar,SANITARY
camloc,CAMLOCK
no87,NUMBER
kidsk,KIDSKIN
fuchs,FUCHS
ahj,AUTHORITY-HAVING-JURISDICTION
fastball,FASTBALL
damaged,DAMAGED
earnhardt,EARNHARDT
programming,PROGRAMMING
stnless,STAINLESS
broadband,BROADBAND
knif,KNIFE
enriched,ENRICHED
scrol,SCROLL
flnge,FLANGE
zyklop,ZYKLOP
pouc,POUCH
photolum,PHOTOLUMINESCENT
cpap,CONTINUOUS-POSITIVE-AIRWAY-PRESSURE
passthrough,PASS-THROUGH
mirrors,MIRROR
scotchlite,SCOTCHLITE
gauges,GAUGE
butted,BUTTED
a182,ASTM-SPECIFICATION
cuttoff,CUTOFF
wilcox,WILCOX
hurrican,HURRICANE
din604,DIN-STANDARD
telfa,TELFA
hvywgt,HEAVYWEIGHT
leathermans,LEATHERMAN
conductr,CONDUCTOR
compactlogix,COMPACTLOGIX
pola,POLA
dat,DAT
cordl,CORDLESS
orr,ORR
polishers,POLISHER
attaches,ATTACHES
hngd,HINGED
linde,LINDE
nylok,NYLOK
marette,MARRETTE
batterie,BATTERY
aterial,MATERIAL
axiall,AXIAL
nonwaxed,NON-WAXED
trays,TRAYS
microns,MICRON
pistolgrip,PISTOL-GRIP
ssr,SSR
strenght,STRENGTH
evaporativ,EVAPORATIVE
hipot,HIPOT
scrwdrv,SCREWDRIVER
halfround,HALF-ROUND
watchmakers,WATCH-MAKERS
respiratr,RESPIRATOR
ane,ANE
automation,AUTOMATION
detroit,DETROIT
regulat,REGULATOR
inhalants,INHALANTS
housin,HOUSING
chocks,CHOCKS
multipoint,MULTI-POINT
removr,REMOVER
scrapr,SCRAPER
cyli,CYLINDER
uhf,UHF
whizzbang,WHIZZBANG
grates,GRATES
sctchweld,SCOTCH-WELD
xtrem,EXTREME
bevelling,BEVELING
caplets,CAPLET
identifica,IDENTIFICATION
checkli,CHECKLIST
vaughan,VAUGHAN
phelps,PHELPS
daikin,DAIKIN
microban,MICROBAN
multiport,MULTIPORT
bilsom,BILSOM
dispensr,DISPENSER
obround,OBROUND
whims,WHMIS
este,ESTE
disinfec,DISINFECTANT
badgeholder,BADGE-HOLDER
lethbridge,LETHBRIDGE
performa,PERFORMANCE
suppressant,SUPPRESSANT
portab,PORTABLE
apapter,ADAPTER
evercoat,EVERCOAT
sunnen,SUNNEN
antibacteria,ANTIBACTERIAL
stoody,STOODY
sands,SANDS
dsub,D-SUB
hgt,HGT
orin,ORIN
attenuating,ATTENUATING
balde,BLADE
oscil,OSCILLATING
magnaglo,MAGNAGLO
norgren,NORGREN
yellw,YELLOW
neopreme,NEOPRENE
accepts,ACCEPTS
astros,ASTROS
cejn,CEJN
headban,HEADBAND
crnr,CORNER
no96,NUMBER
superglue,SUPERGLUE
reflectv,REFLECTIVE
lockwshr,LOCK-WASHER
pourable,POURABLE
povidone,POVIDONE
milprf85285e,MIL-PRF-SPECIFICATION
repai,REPAIR
rockwell,ROCKWELL
breathr,BREATHER
dimmable,DIMMABLE
ashpalt,ASPHALT
fingercots,FINGER-COTS
bilayer,BI-LAYER
thrdd,THREADED
awg4,AMERICAN-WIRE-GAUGE
gesipa,GESIPA
surv,SURV
rca,RCA
biocide,BIOCIDE
worksite,WORKSITE
gems,GEMS
mechanis,MECHANISM
canva,CANVAS
offse,OFFSET
chromed,CHROMED
induc,INDUC
purpo,PURPOSE
sorbathane,SORBOTHANE
elevators,ELEVATOR
recycl,RECYCLE
timble,THIMBLE
antishock,ANTI-SHOCK
lckout,LOCKOUT
airgun,AIR-GUN
weldolet,WELDOLET
resistent,RESISTANT
acklands,ACKLANDS
lubr,LUBRICANT
punchin,PUNCHING
fluorosilicone,FLUOROSILICONE
robinair,ROBINAIR
antiitch,ANTI-ITCH
fullbod,FULL-BODY
electrica,ELECTRICAL
ripped,RIPPED
spotcheck,SPOTCHECK
evaporating,EVAPORATING
hduty,HEAVY-DUTY
solderwick,SOLDER-WICK
pharma,PHARMA
blackhaw,BLACKHAWK
brshd,BRUSHED
alrm,ALARM
desgn,DESIGN
technicloth,TECHNICLOTH
interchg,INTERCHANGE
no82,NUMBER
multipack,MULTI-PACK
phys,PHYS
energ,ENERGY
lightweigh,LIGHTWEIGHT
grph,GRAPHITE
prusik,PRUSIK
no81,NUMBER
hardman,HARDMAN
neons,NEONS
cimstar,CIMSTAR
professiona,PROFESSIONAL
mediumduty,MEDIUM-DUTY
fiskars,FISKARS
pnk,PINK
apiezon,APIEZON
acids,ACIDS
asstd,ASSORTED
conveyors,CONVEYOR
flscnt,FLUORESCENT
attchmnt,ATTACHMENT
hts,HTS
aeroshell,AEROSHELL
extensn,EXTENSION
reciprocatin,RECIPROCATING
som,SOM
cgsb,CANADIAN-GENERAL-STANDARDS-BOARD
haws,HAWS
aqueou,AQUEOUS
masterlock,MASTER-LOCK
nondrip,NON-DRIP
purolator,PUROLATOR
inspectio,INSPECTION
linesmen,LINESMEN
e6013,WELDING-ELECTRODE-CLASSIFICATION
homeowners,HOMEOWNERS
tacoma,TACOMA
malco,MALCO
limeaway,LIME-A-WAY
utica,UTICA
assby,ASSEMBLY
tweez,TWEEZERS
dynarex,DYNAREX
tellus,TELLUS
extracting,EXTRACTING
dosing,DOSING
neoprn,NEOPRENE
loadcell,LOAD-CELL
lyondellbasell,LYONDELLBASELL
ecofriendly,ECO-FRIENDLY
ionizing,IONIZING
keyence,KEYENCE
shorting,SHORTING
overs,OVERS
segments,SEGMENT
engin,ENGINE
noninsulat,NONINSULATED
hearin,HEARING
cyanoacrylate,CYANOACRYLATE
diamd,DIAMOND
firehose,FIRE-HOSE
triangles,TRIANGLE
tongegroove,TONGUE-AND-GROOVE
unibraze,UNIBRAZE
ticonderoga,TICONDEROGA
bullseye,BULLSEYE
regulators,REGULATOR
hols,HOLS
elctrcl,ELECTRICAL
transf,TRANSF
corros,CORROSION
connctor,CONNECTOR
freq,FREQ
visors,VISOR
lightwgt,LIGHTWEIGHT
stabilized,STABILIZED
seaml,SEAMLESS
embly,ASSEMBLY
stepdown,STEP-DOWN
armr,ARMOR
loclin,LOC-LINE
ergodyn,ERGODYNE
accssry,ACCESSORY
dewa,DEWALT
clearview,CLEAR-VIEW
sprin,SPRING
concentr,CONCENTRATE
pfte,PTFE
degreasing,DEGREASING
dipd,DIPPED
intrmdiat,INTERMEDIATE
skyhook,SKYHOOK
prfrmnc,PERFORMANCE
dblcoat,DOUBLE-COAT
machery,MACHINERY
anchorag,ANCHORAGE
nickl,NICKEL
attchd,ATTACHED
premoist,PREMOISTENED
horzntl,HORIZONTAL
solvay,SOLVAY
retrdnt,RETARDANT
nextel,NEXTEL
complt,COMPLETE
conditions,CONDITION
nonilluminated,NON-ILLUMINATED
kings,KINGS
branson,BRANSON
oscilating,OSCILLATING
histrgth,HIGH-STRENGTH
flammabl,FLAMMABLE
trucklite,TRUCK-LITE
wisconsin,WISCONSIN
sharpened,SHARPENED
centrefeed,CENTER-FEED
changeover,CHANGEOVER
roberston,ROBERTSON
rips,RIPS
mediumweight,MEDIUM-WEIGHT
antmpct,ANTI-IMPACT
dissipat,DISSIPATIVE
masters,MASTER
awg1,AMERICAN-WIRE-GAUGE
interleav,INTERLEAVED
rgb,RGB
thinsul,THINSULATE
elastometric,ELASTOMERIC
awg8,AMERICAN-WIRE-GAUGE
greas,GREASE
exhal,EXHALATION
que,QUE
multipur,MULTIPURPOSE
keeps,KEEPS
micromete,MICROMETER
stailness,STAINLESS
purified,PURIFIED
stretchwrap,STRETCH-WRAP
hexdrive,HEX-DRIVE
americas,AMERICAS
cherne,CHERNE
retractng,RETRACTING
wells,WELLS
nonmtllc,NONMETALLIC
buchner,BUCHNER
explosio,EXPLOSION
tailgate,TAILGATE
seratd,SERRATED
adhesivesealant,ADHESIVE-SEALANT
aktivator,ACTIVATOR
oder,ODOR
equipmen,EQUIPMENT
taco,TACO
endmll,END-MILL
mortising,MORTISING
fridge,FRIDGE
fiting,FITTING
conicl,CONICAL
knobs,KNOBS
retai,RETAINER
blasts,BLASTS
sorbet,SORBET
screwdrivers,SCREWDRIVER
parabolc,PARABOLIC
bacho,BAHCO
nutsett,NUT-SETTER
combina,COMBINATION
valeo,VALEO
tilex,TILEX
laredo,LAREDO
dectector,DETECTOR
circuitbreaker,CIRCUIT-BREAKER
conformaing,CONFORMING
arcflsh,ARC-FLASH
sprocke,SPROCKET
rungs,RUNGS
miniatur,MINIATURE
padloc,PADLOCK
nonmar,NON-MAR
hamr,HAMMER
greased,GREASED
ratcheti,RATCHETING
vacuums,VACUUM
igus,IGUS
hwy,HWY
drye,DRYER
electroni,ELECTRONIC
opens,OPENS
ergonom,ERGONOMIC
refriger,REFRIGERANT
galvinized,GALVANIZED
ecoat,E-COAT
vehicl,VEHICLE
handcream,HAND-CREAM
nondetergent,NON-DETERGENT
selfadherent,SELF-ADHERENT
zerust,ZERUST
opinel,OPINEL
actuators,ACTUATOR
fricti,FRICTION
moisturizer,MOISTURIZER
b18,ASME/ASTM-DESIGNATION
resharpenabl,RESHARPENABLE
oximeter,OXIMETER
gigs,GIGS
clarostat,CLAROSTAT
benders,BENDER
efi,ELECTRONIC-FUEL-INJECTION
wastewater,WASTEWATER
fabri,FABRIC
requir,REQUIRED
micropor,MICROPORE
perferated,PERFORATED
actuating,ACTUATING
dtctbl,DETECTABLE
transfers,TRANSFER
formalde,FORMALDEHYDE
faceshie,FACE-SHIELD
fsh,FSH
lara,LARA
zincpl,ZINC-PLATED
gardner,GARDNER
worktunes,WORKTUNES
interlok,INTERLOCK
antivibra,ANTI-VIBRATION
efector,EFECTOR
couplng,COUPLING
groundn,GROUNDING
barel,BARREL
fila,FILA
ergono,ERGONOMIC
figures,FIGURE
vectra,VECTRA
rulers,RULERS
fireres,FIRE-RESISTANT
impcat,IMPACT
adpater,ADAPTER
prinz,PRINZ
bunge,BUNGEE
polycar,POLYCARBONATE
hemet,HEMET
trimmable,TRIMMABLE
motoman,MOTOMAN
wrappe,WRAPPED
immers,IMMERSION
forcep,FORCEPS
kirby,KIRBY
mallable,MALLEABLE
ceasefire,CEASEFIRE
bootcover,BOOT-COVER
flexilla,FLEXZILLA
automated,AUTOMATED
permanen,PERMANENT
klvr,KEVLAR
glvnz,GALVANIZED
hammr,HAMMER
royco,ROYCO
schutz,SCHÜTZ
klee,KLEE
benzalkonium,BENZALKONIUM
chlrd,CHLORIDE
backlit,BACKLIT
plactic,PLASTIC
masks,MASKS
attachmnt,ATTACHMENT
gladhand,GLAD-HAND
flammble,FLAMMABLE
norgen,NORGREN
antimicrobl,ANTIMICROBIAL
indstrial,INDUSTRIAL
litre,LITRE
lands,LANDS
no85,NUMBER
backloading,BACK-LOADING
slits,SLITS
xlarg,XLARGE
no04,NUMBER
extin,EXTINGUISHER
appollo,APOLLO
alfra,ALFRA
checklist,CHECKLIST
strappin,STRAPPING
hexacon,HEXACON
milwau,MILWAUKEE
drem,DREMEL
kunkle,KUNKLE
remvble,REMOVABLE
bpa,BISPHENOL-A
speakman,SPEAKMAN
attachme,ATTACHMENT
automot,AUTOMOTIVE
paperless,PAPERLESS
hazet,HAZET
intrinsicly,INTRINSICALLY
ecu,ECU
goret,GORE-TEX
ferru,FERRULE
channe,CHANNEL
reducng,REDUCING
rocol,ROCOL
parall,PARALLEL
flares,FLARE
benz,BENZ
baretool,BARE-TOOL
no86,NUMBER
cntrsink,COUNTERSINK
anitbacterial,ANTIBACTERIAL
powerstrip,POWER-STRIP
avant,AVANT
fingerles,FINGERLESS
toughsystem,TOUGHSYSTEM
driverdrill,DRIVER-DRILL
keson,KESON
mayon,MAYON
fullbrm,FULL-BRIM
nonslp,NONSLIP
guntlt,GAUNTLET
personl,PERSONAL
tyco,TYCO
aerated,AERATED
sasquatch,SASQUATCH
modifications,MODIFICATION
frictio,FRICTION
heyco,HEYCO
managed,MANAGED
tolulene,TOLUENE
lifelin,LIFELINE
dzus,DZUS
retreiving,RETRIEVING
purpos,PURPOSE
batry,BATTERY
corlar,CORLAR
estwing,ESTWING
hngr,HANGER
maintenan,MAINTENANCE
airgas,AIRGAS
chmfr,CHAMFER
velc,VELCRO
modulating,MODULATING
cyclindical,CYLINDRICAL
filterregulator,FILTER-REGULATOR
camelbak,CAMELBAK
toshiba,TOSHIBA
shrouds,SHROUD
pretreated,PRE-TREATED
diamode,DIAMOND
clotting,CLOTTING
plung,PLUNGER
balluff,BALLUFF
measurin,MEASURING
kathon,KATHON
zinger,ZINGER
brandt,BRANDT
ultimat,ULTIMATE
h12,TOOL-STEEL-GRADE
grindng,GRINDING
dsktp,DESKTOP
metals,METAL
circula,CIRCULAR
asptin,ASPIRIN
hardwire,HARD-WIRE
cfh,CUBIC-FEET-PER-HOUR
touchpad,TOUCH-PAD
histrngth,HIGH-STRENGTH
soapston,SOAPSTONE
crimps,CRIMPS
cntrlld,CONTROLLED
thiosulfate,THIOSULFATE
valvoline,VALVOLINE
desicant,DESICCANT
headge,HEADGEAR
bayco,BAYCO
wallmoun,WALL-MOUNT
rotabroa,ROTABROACH
acidfree,ACID-FREE
pipefitters,PIPE-FITTER
ladr,LADDER
braun,BRAUN
prepacked,PREPACKED
esco,ESCO
eps,EPS
assly,ASSEMBLY
hannay,HANNAY
powerwash,POWER-WASH
en145,EN-STANDARD
househol,HOUSEHOLD
justrite,JUSTRITE
allenwrench,ALLEN-WRENCH
no400,NUMBER
antibact,ANTIBACTERIAL
selfextingu,SELF-EXTINGUISHING
oscillat,OSCILLATING
condensing,CONDENSING
solvnt,SOLVENT
flexco,FLEXCO
vulkem,VULKEM
minirae,MINIRAE
tractel,TRACTEL
biodegrade,BIODEGRADE
trigge,TRIGGER
adapetr,ADAPTER
biggie,BIGGIE
uppr,UPPER
reflecti,REFLECTIVE
ahdesive,ADHESIVE
busbar,BUS-BAR
automask,AUTO-MASK
handlebar,HANDLEBAR
chemicalsplash,CHEMICAL-SPLASH
hornell,HORNELL
thermometers,THERMOMETER
rohm,RÖHM
revrsibl,REVERSIBLE
overpants,OVER-PANTS
allplastic,ALL-PLASTIC
oilles,OILLESS
intermetro,INTERMETRO
exide,EXIDE
deublin,DEUBLIN
statione,STATIONARY
e27,LAMP-BASE-SIZE
gmaw,GAS-METAL-ARC-WELDING
ssm,SSM
disposible,DISPOSABLE
retriev,RETRIEVE
no92,NUMBER
alcan,ALCAN
composi,COMPOSITE
no600,NUMBER
hydrnt,HYDRANT
exractor,EXTRACTOR
parlec,PARLEC
cissor,SCISSOR
flowthrough,FLOW-THROUGH
purex,PUREX
thum,THUMB
nonrinse,NON-RINSE
snglfold,SINGLE-FOLD
expresso,ESPRESSO
telesco,TELESCOPING
twistlok,TWIST-LOCK
fireblock,FIRE-BLOCK
mgnesum,MAGNESIUM
hardcoated,HARD-COATED
littman,LITTMANN
entries,ENTRIES
chokr,CHOKER
biodegradble,BIODEGRADABLE
ratios,RATIO
vermillion,VERMILION
rplcmt,REPLACEMENT
stuby,STUBBY
transmissio,TRANSMISSION
fibrglass,FIBERGLASS
spirl,SPIRAL
autodrive,AUTO-DRIVE
gr36,GRADE
lexington,LEXINGTON
intertape,INTERTAPE
hiimpact,HIGH-IMPACT
stockinette,STOCKINETTE
recptcl,RECEPTACLE
dollies,DOLLY
allmetal,ALL-METAL
stretc,STRETCH
patching,PATCHING
utlilty,UTILITY
grundfos,GRUNDFOS
neutrogena,NEUTROGENA
hankison,HANKISON
sockeet,SOCKET
polishi,POLISHING
cotterman,COTTERMAN
hydroknit,HYDROKNIT
propa,PROPANE
schmalz,SCHMALZ
litium,LITHIUM
eam,EAM
threadedrod,THREADED-ROD
curent,CURRENT
ceramc,CERAMIC
clmps,CLAMPS
powderfre,POWDER-FREE
tohnichi,TOHNICHI
procedures,PROCEDURES
calbrat,CALIBRATE
nema12en,NEMA-RATING
mgnetic,MAGNETIC
defib,DEFIBRILLATOR
conditionr,CONDITIONER
traff,TRAFFIC
gritted,GRITTED
schroeder,SCHROEDER
fibergls,FIBERGLASS
cardstck,CARDSTOCK
firefox,FIREFOX
elkay,ELKAY
approx,APPROX
cells,CELLS
soluti,SOLUTION
sae60,SAE-SPECIFICATION
huckbolt,HUCK-BOLT
cams,CAMS
parsons,PARSONS
clenr,CLEANER
epon,EPON
twil,TWILL
sqre,SQUARE
egde,EDGE
laminat,LAMINATE
polyproplene,POLYPROPYLENE
muskol,MUSKOL
mortice,MORTISE
fighters,FIGHTER
inspecti,INSPECTION
hus,HUS
floodligh,FLOODLIGHT
fingr,FINGER
sqin,SQUARE-INCH
consumables,CONSUMABLES
detachbl,DETACHABLE
switchblade,SWITCHBLADE
members,MEMBERS
covr,COVER
corrosio,CORROSION
longslv,LONG-SLEEVE
polypropolene,POLYPROPYLENE
surfaces,SURFACE
thck,THICK
nihon,NIHON
desoutter,DESOUTTER
dynema,DYNEEMA
tublar,TUBULAR
underlayment,UNDERLAYMENT
moisturizers,MOISTURIZER
poo,POO
ultrathon,ULTRATHON
polyproylene,POLYPROPYLENE
polycarbate,POLYCARBONATE
gloved,GLOVED
openings,OPENINGS
unirex,UNIREX
checking,CHECKING
rotopeen,ROTO-PEEN
pipets,PIPETS
nonstretch,NON-STRETCH
barracade,BARRICADE
chemours,CHEMOURS
nicopress,NICOPRESS
tefln,TEFLON
tonguebuckle,TONGUE-BUCKLE
cabletie,CABLE-TIE
shwr,SHOWER
stopwatch,STOPWATCH
pt100,PLATINUM-RTD-SENSOR
keystne,KEYSTONE
anitimpact,ANTI-IMPACT
coatng,COATING
davidson,DAVIDSON
outfeed,OUTFEED
backrest,BACKREST
assembley,ASSEMBLY
pushbroom,PUSH-BROOM
dissip,DISSIPATIVE
weeks,WEEKS
guardra,GUARDRAIL
stryker,STRYKER
clevises,CLEVIS
lawnmower,LAWNMOWER
pentel,PENTEL
fined,FINED
type2,TYPE-2
cartg,CARTRIDGE
skins,SKINS
dowels,DOWEL
expansio,EXPANSION
transparnt,TRANSPARENT
flapdisc,FLAP-DISC
commerc,COMMERCIAL
terminat,TERMINATE
breakr,BREAKER
maleable,MALLEABLE
milprf680,MIL-PRF-SPECIFICATION
woodcarving,WOODCARVING
bacteriafungi,BACTERIA-FUNGI
pedestrians,PEDESTRIANS
cncentrate,CONCENTRATE
generators,GENERATOR
inhibiting,INHIBITING
cutr,CUTTER
neomycin,NEOMYCIN
channellck,CHANNELLOCK
diagcutting,DIAGONAL-CUTTING
octal,OCTAL
spools,SPOOLS
belvel,BEVEL
kennam,KENNAMETAL
lxwxh,LENGTH-X-WIDTH-X-HEIGHT
flexicon,FLEXICON
isture,MOISTURE
maste,MASTER
noninsu,NONINSULATED
handoffauto,HAND-OFF-AUTO
calibrtn,CALIBRATION
pvccoated,PVC-COATED
conducting,CONDUCTING
jetmelt,JET-MELT
strainrelief,STRAIN-RELIEF
shockresistant,SHOCK-RESISTANT
handpiece,HANDPIECE
prsnnl,PERSONNEL
cellul,CELLULOSE
hivs,HIGH-VISIBILITY
reads,READS
patented,PATENTED
no89,NUMBER
anitmicrob,ANTIMICROBIAL
tiles,TILES
metalcutting,METAL-CUTTING
colr,COLOR
infrare,INFRARED
cbc,CBC
lozenges,LOZENGE
a108,ASTM-SPECIFICATION
insecticde,INSECTICIDE
din7444,DIN-STANDARD
chinguard,CHIN-GUARD
levl,LEVEL
ss316l,STAINLESS-STEEL-GRADE
guns,GUNS
splicin,SPLICING
warni,WARNING
grizzley,GRIZZLY
gardena,GARDENA
camping,CAMPING
operators,OPERATOR
crmpd,CRIMPED
drillco,DRILLCO
lefthanded,LEFT-HANDED
sieze,SEIZE
chromiumvi,CHROMIUM-VI
sprkt,SPROCKET
fibergla,FIBERGLASS
lockouts,LOCKOUT
magent,MAGENTA
bathrm,BATHROOM
nonabrasive,NONABRASIVE
combs,COMBS
cresce,CRESCENT
nylock,NYLOK
perox,PEROXIDE
disinfectan,DISINFECTANT
mousepad,MOUSEPAD
strok,STROKE
suzette,SUZETTE
mutilcolor,MULTICOLOR
dsubminiature,D-SUBMINIATURE
mba,MBA
eyescrews,EYE-SCREWS
cnn,CNN
arbr,ARBOR
pulsed,PULSED
baumer,BAUMER
seas,SEAS
athrizd,AUTHORIZED
sensormatic,SENSORMATIC
neutraliser,NEUTRALIZER
surefire,SUREFIRE
resharpenable,RESHARPENABLE
wrinch,WRENCH
mountd,MOUNTED
thermocoupler,THERMOCOUPLE
klinger,KLINGER
radia,RADIAL
savers,SAVERS
pfc,PFC
triclosan,TRICLOSAN
thickn,THICKNESS
akromills,AKROMILS
tuckpointing,TUCK-POINTING
bia,BIA
gauntle,GAUNTLET
maintnce,MAINTENANCE
prestressed,PRESTRESSED
propelled,PROPELLED
battchrgr,BATTERY-CHARGER
gearkeeper,GEAR-KEEPER
semigls,SEMI-GLOSS
basecoat,BASE-COAT
goatsk,GOATSKIN
stplr,STAPLER
faston,FASTON
thermoplastc,THERMOPLASTIC
chainflex,CHAINFLEX
frklft,FORKLIFT
polymr,POLYMER
bandaids,BANDAIDS
lidocaine,LIDOCAINE
solventbased,SOLVENT-BASED
slippry,SLIPPERY
mallbl,MALLEABLE
monitored,MONITORED
hollowshaft,HOLLOW-SHAFT
zoeller,ZOELLER
amana,AMANA
degreaserer,DEGREASER
steph,STEPH
sftoe,SAFETY-TOE
no91,NUMBER
fullycoated,FULLY-COATED
brkts,BRACKET
jobesite,JOBSITE
lightbulb,LIGHT-BULB
cabnt,CABINET
bryant,BRYANT
ubolts,U-BOLT
woodwk,WOODWORKING
odoban,ODOBAN
electroless,ELECTROLESS
transtar,TRANSTAR
wrkhorse,WORKHORSE
hydrocolloid,HYDROCOLLOID
bastrad,BASTARD
sealent,SEALANT
garag,GARAGE
firemen,FIREMEN
selant,SEALANT
lange,LANGE
bottm,BOTTOM
soleniod,SOLENOID
calss,CLASS
midsize,MIDSIZE
srvice,SERVICE
jameson,JAMESON
hedland,HEDLAND
ultim,ULTIMATE
lice,LICE
ansiisea,ANSI/ISEA-STANDARD
released,RELEASED
charco,CHARCOAL
barksdale,BARKSDALE
detrgnt,DETERGENT
keenserts,KEENSERT
epoxies,EPOXY
unauthoriz,UNAUTHORIZED
ciruclar,CIRCULAR
aircool,AIR-COOL
syncrowave,SYNCROWAVE
cubes,CUBES
reflectorize,REFLECTORIZED
telescopc,TELESCOPIC
flatbck,FLAT-BACK
cnstrctn,CONSTRUCTION
akita,AKITA
sueded,SUEDED
penn,PENN
gagin,GAUGING
fibrglss,FIBERGLASS
reeves,REEVES
rilsan,RILSAN
natu,NATURAL
slipres,SLIP-RESISTANT
carbons,CARBON
turnbuckl,TURNBUCKLE
deadblw,DEADBLOW
engra,ENGRAVING
suspensio,SUSPENSION
despenser,DISPENSER
audi,AUDI
subplate,SUB-PLATE
grpht,GRAPHITE
micromtr,MICROMETER
americian,AMERICAN
cholorine,CHLORINE
nitrille,NITRILE
proportioning,PROPORTIONING
keyseating,KEY-SEATING
pneumat,PNEUMATIC
sterilizing,STERILIZING
hrzntl,HORIZONTAL
crystals,CRYSTAL
degrea,DEGREASER
seasons,SEASONS
bunn,BUNN
woundseal,WOUNDSEAL
extrawide,EXTRA-WIDE
extinquisher,EXTINGUISHER
nonswivel,NON-SWIVEL
earbud,EARBUD
sandng,SANDING
separ,SEPARATOR
fauc,FAUCET
sealants,SEALANT
universl,UNIVERSAL
joined,JOINED
uhmwpe,ULTRA-HIGH-MOLECULAR-WEIGHT-POLYETHYLENE
novus,NOVUS
asmb,ASSEMBLY
m52,METRIC-SIZE-DESIGNATION
deadbolt,DEADBOLT
seatin,SEATING
videojet,VIDEOJET
iecex,IECEX-CERTIFICATION
streamlt,STREAMLIGHT
dualaction,DUAL-ACTION
eyewea,EYEWEAR
maski,MASKING
maskin,MASKING
assmbl,ASSEMBLY
rb4,ROBERTSON-DRIVER-SIZE
univsl,UNIVERSAL
rpms,RPMS
no640,NUMBER
gaskt,GASKET
deffused,DIFFUSED
absorbs,ABSORB
numbering,NUMBERING
removalbe,REMOVABLE
skived,SKIVED
impro,IMPROVED
aspheric,ASPHERIC
isopro,ISOPROPYL
eos,EOS
ampoules,AMPULE
telescopes,TELESCOPE
elastane,ELASTANE
salts,SALTS
deodorized,DEODORIZED
silfos,SILFOS
straightening,STRAIGHTENING
mandr,MANDREL
retrctbl,RETRACTABLE
slidin,SLIDING
gasalertmicro,GASALERTMICRO
no84,NUMBER
deepcycle,DEEP-CYCLE
bausch,BAUSCH
biobased,BIO-BASED
monolec,MONOLEC
cubtrnii,CUBITRON-II
nordlok,NORD-LOCK
brights,BRIGHT
flammables,FLAMMABLE
ladde,LADDER
challanger,CHALLENGER
klevar,KEVLAR
multpurpose,MULTIPURPOSE
dinrail,DIN-RAIL
jetlube,JET-LUBE
germs,GERMS
absorben,ABSORBENT
earloops,EAR-LOOP
allows,ALLOWS
transpar,TRANSPARENT
gpo,GPO
drywal,DRYWALL
no311,NUMBER
waters,WATER
lowe,LOWE
orton,ORTON
rducr,REDUCER
sausag,SAUSAGE
dbledged,DOUBLE-EDGED
concentrat,CONCENTRATE
hangr,HANGER
intchang,INTERCHANGE
breathin,BREATHING
demol,DEMOLITION
pvt,PVT
mildtl117h,MIL-DTL-SPECIFICATION
ransburg,RANSBURG
hardie,JAMES-HARDIE
milacron,MILACRON
regltr,REGULATOR
screwdiver,SCREWDRIVER
concentra,CONCENTRATE
gillette,GILLETTE
benchstones,BENCH-STONE
plains,PLAINS
cleans,CLEAN
detctr,DETECTOR
hubless,HUBLESS
marki,MARKING
tylenol,TYLENOL
fanjet,FANJET
oilsafe,OILSAFE
rotomolded,ROTO-MOLDED
adhesivelined,ADHESIVE-LINED
petri,PETRI
jamesbury,JAMESBURY
proxi,PROXIMITY
comtac,COMTAC
rb2,ROBERTSON-DRIVER-SIZE
percision,PRECISION
protectn,PROTECTION
er70s,WELDING-WIRE-CLASSIFICATION
switche,SWITCH
custm,CUSTOM
bricks,BRICKS
saniti,SANITIZER
baldes,BLADE
masterlink,MASTER-LINK
ejectors,EJECTORS
asmbly,ASSEMBLY
varsol,VARSOL
microfine,MICRO-FINE
cordgrip,CORD-GRIP
pozidrv,POZIDRIV
driveline,DRIVELINE
eyewsh,EYEWASH
mastercool,MASTERCOOL
crosb,CROSBY
earp,EARP
beamclamp,BEAM-CLAMP
suspensi,SUSPENSION
safey,SAFETY
cleanerdegrease,CLEANER-DEGREASER
henkel,HENKEL
no93,NUMBER
mainline,MAINLINE
selfprim,SELF-PRIMING
mountz,MOUNTZ
flaired,FLARED
fusehldr,FUSE-HOLDER
chrging,CHARGING
disinfectnt,DISINFECTANT
imprv,IMPROVED
vlcro,VELCRO
carbde,CARBIDE
ashtray,ASHTRAY
endeavour,ENDEAVOUR
selfdrilling,SELF-DRILLING
allangle,ALL-ANGLE
closu,CLOSURE
blisterpak,BLISTER-PACK
jumb,JUMBO
domesti,DOMESTIC
eletric,ELECTRIC
extrcation,EXTRICATION
stepdwn,STEP-DOWN
pockt,POCKET
gerber,GERBER
extenstion,EXTENSION
waterjet,WATER-JET
nfc,NFC
suppor,SUPPORT
axl,AXLE
masnry,MASONRY
polane,POLANE
tensioners,TENSIONER
fromm,FROMM
cresent,CRESCENT
fipt,FEMALE-IRON-PIPE-THREAD
conductv,CONDUCTIVE
beveling,BEVELING
no140,NUMBER
elvex,ELVEX
lifters,LIFTER
davits,DAVITS
killark,KILLARK
cutrs,CUTTER
dukal,DUKAL
asme,AMERICAN-SOCIETY-OF-MECHANICAL-ENGINEERS
cahnge,CHANGE
mandril,MANDREL
spraypaint,SPRAY-PAINT
fractiona,FRACTIONAL
adjst,ADJUST
naturl,NATURAL
milwuakee,MILWAUKEE
balistic,BALLISTIC
hours,HOURS
retracta,RETRACTABLE
finsih,FINISH
sarco,SPIRAX-SARCO
allinclusive,ALL-INCLUSIVE
hytorc,HYTORC
intermec,INTERMEC
months,MONTH
isoprpyl,ISOPROPYL
flasks,FLASKS
filamen,FILAMENT
subarc,SUBMERGED-ARC
hella,HELLA
din963,DIN-STANDARD
handtruck,HAND-TRUCK
nonreinforce,NON-REINFORCED
simonds,SIMONDS
accupro,ACCUPRO
corks,CORKS
toolholdr,TOOLHOLDER
vogel,VOGEL
aston,ASTON
steris,STERIS
thermocoup,THERMOCOUPLE
auveco,AUVECO
carousel,CAROUSEL
solven,SOLVENT
mors,MORS
briarwood,BRIARWOOD
steelers,STEELERS
pathog,PATHOGEN
emulsifiabl,EMULSIFIABLE
nonsil,NON-SILICONE
artwork,ARTWORK
filtermist,FILTERMIST
whiteboard,WHITEBOARD
oilbase,OIL-BASE
diamo,DIAMOND
reame,REAMER
lionfish,LIONFISH
penatrant,PENETRANT
tended,TENDED
kleenflo,KLEEN-FLO
stol,STOL
enamele,ENAMELED
hyraulic,HYDRAULIC
hydraulc,HYDRAULIC
pigski,PIGSKIN
tranformer,TRANSFORMER
milspec,MILITARY-SPECIFICATION
spineboard,SPINE-BOARD
engi,ENGINE
belzona,BELZONA
centerfold,CENTERFOLD
sharpi,SHARPIE
inked,INKED
primed,PRIMED
weldr,WELDER
cuter,CUTTER
sq2,SQUARE-DRIVE-SIZE
tungaloy,TUNGALOY
adkins,ADKINS
varia,VARIA
drilldrv,DRILL-DRIVE
grindi,GRINDING
loct,LOCTITE
entwined,ENTWINED
buckingham,BUCKINGHAM
batttery,BATTERY
conoco,CONOCO
tissu,TISSUE
tivar,TIVAR
hydrlc,HYDRAULIC
expoxy,EPOXY
settings,SETTING
polyimid,POLYIMIDE
anchorscrew,ANCHOR-SCREW
asym,ASYMMETRIC
reducr,REDUCER
bubbl,BUBBLE
fillmore,FILLMORE
winterized,WINTERIZED
cushions,CUSHION
wallmnt,WALL-MOUNT
dogclutch,DOG-CLUTCH
showerhead,SHOWER-HEAD
naturals,NATURAL
hreaded,THREADED
wrinkl,WRINKLE
eletronic,ELECTRONIC
anderol,ANDEROL
funne,FUNNEL
gr50,GRADE
zimmerman,ZIMMERMAN
castiron,CAST-IRON
powdr,POWDER
adpter,ADAPTER
canste,CANISTER
paperclips,PAPERCLIP
wriststrap,WRIST-STRAP
timin,TIMING
highpressure,HIGH-PRESSURE
hndsw,HANDSAW
no109,NUMBER
plyethyln,POLYETHYLENE
lumocolour,LUMOCOLOR
nongrounding,NON-GROUNDING
sunscrn,SUNSCREEN
interlockin,INTERLOCKING
chmicl,CHEMICAL
chalmers,CHALMERS
benchstone,BENCH-STONE
suply,SUPPLY
redlith,REDLITHIUM
kevelar,KEVLAR
elemnt,ELEMENT
novalac,NOVOLAC
chis,CHISEL
curvd,CURVED
nonperforate,NON-PERFORATED
saddl,SADDLE
acutator,ACTUATOR
corodri,CORODRILL
cowhid,COWHIDE
sanitization,SANITIZATION
copoly,COPOLYMER
aloris,ALORIS
recond,RECONDITIONED
fleec,FLEECE
atform,PLATFORM
applicato,APPLICATOR
slipresi,SLIP-RESISTANT
removbl,REMOVABLE
cutquik,CUTQUIK
spaces,SPACES
closures,CLOSURE
buty,BUTYL
parke,PARKER
quickchng,QUICK-CHANGE
enl,ENL
applicatr,APPLICATOR
bayon,BAYONET
beardnet,BEARD-NET
silverdeming,SILVER-&-DEMING
beve,BEVEL
erasers,ERASER
anaerobc,ANAEROBIC
takes,TAKES
countersinks,COUNTERSINK
polyet,POLYETHYLENE
orch,ORCH
connections,CONNECTION
toyoda,TOYODA
indstrl,INDUSTRIAL
rivited,RIVETED
lightwei,LIGHTWEIGHT
facpiece,FACEPIECE
malone,MALONE
gauntlt,GAUNTLET
sony,SONY
centerfeed,CENTER-FEED
motorolla,MOTOROLA
lightwght,LIGHTWEIGHT
recirculating,RECIRCULATING
ono,ONO
ecologo,ECOLOGO
presat,PRESATURATED
extng,EXTINGUISHER
securtiy,SECURITY
haskel,HASKEL
lieflat,LIE-FLAT
yeild,YIELD
cabinent,CABINET
olin,OLIN
interchnge,INTERCHANGE
kellem,KELLEMS
klingspor,KLINGSPOR
feeders,FEEDER
finshing,FINISHING
heavydut,HEAVY-DUTY
quincy,QUINCY
nitrilecoated,NITRILE-COATED
sheilded,SHIELDED
minibar,MINIBAR
backplane,BACKPLANE
tigh,TIGHT
elbo,ELBOW
loadbinder,LOAD-BINDER
scotchwel,SCOTCH-WELD
packa,PACKAGE
aresol,AEROSOL
hdw,HARDWARE
atcheting,RATCHETING
polys,POLYS
padlo,PADLOCK
foldi,FOLDING
no83,NUMBER
hammond,HAMMOND
mcmaster,MCMASTER
multiplie,MULTIPLIER
componet,COMPONENT
osram,OSRAM
hhs,HHS
freshe,FRESHENER
defibrillator,DEFIBRILLATOR
globa,GLOBAL
betco,BETCO
resuable,REUSABLE
accrssories,ACCESSORY
rooms,ROOMS
elctrplt,ELECTROPLATED
dwn,DOWN
cylin,CYLINDER
hersee,COLE-HERSEE
shortcut,SHORTCUT
edt,EDT
anerobic,ANAEROBIC
rb1,ROBERTSON-DRIVER-SIZE
firefigh,FIREFIGHTER
vargus,VARGUS
heaters,HEATER
kant,KANT
variab,VARIABLE
subassy,SUBASSEMBLY
racor,RACOR
nusiance,NUISANCE
combinati,COMBINATION
selfadhering,SELF-ADHERING
targeting,TARGETING
malleabl,MALLEABLE
encoding,ENCODING
andrews,ANDREWS
r99,NIOSH-FILTER-CLASS
penzoil,PENNZOIL
lockwashers,LOCK-WASHER
pga,PGA
contct,CONTACT
cltch,CLUTCH
pitches,PITCHES
assortmen,ASSORTMENT
dblleg,DOUBLE-LEG
attacment,ATTACHMENT
holste,HOLSTER
facepieces,FACEPIECE
class4,CLASS
hivz,HIGH-VISIBILITY
bowtie,BOW-TIE
antigel,ANTI-GEL
preparati,PREPARATION
carnuba,CARNAUBA
chevrolet,CHEVROLET
eastman,EASTMAN
processr,PROCESSOR
exr,EXR
bact,BACT
industrail,INDUSTRIAL
tripl,TRIPLE
hikers,HIKERS
mastik,MASTIC
sorben,SORBENT
spilltech,SPILLTECH
cornering,CORNERING
extinguis,EXTINGUISHER
threadlock,THREADLOCKER
pwdfree,POWDER-FREE
fstnr,FASTENER
sgt,SGT
petrochem,PETROCHEMICAL
dichloroethylene,DICHLOROETHYLENE
ultrasonc,ULTRASONIC
aspirating,ASPIRATING
highimpact,HIGH-IMPACT
lexus,LEXUS
towelet,TOWELETTE
deflectr,DEFLECTOR
kellems,KELLEMS
stretchfilm,STRETCH-FILM
generalpurpose,GENERAL-PURPOSE
grvd,GROOVED
no256,NUMBER
jackets,JACKET
eyeglasses,EYEGLASSES
allenbradley,ALLEN-BRADLEY
removeable,REMOVABLE
velero,VELCRO
linco,LINCOLN
electrican,ELECTRICIAN
sctchlok,SCOTCHLOK
altai,ALTAI
download,DOWNLOAD
paulson,PAULSON
germx,GERMX
premiium,PREMIUM
leggins,LEGGINGS
varistor,VARISTOR
syracuse,SYRACUSE
skids,SKIDS
quenching,QUENCHING
artridge,CARTRIDGE
sharpwriter,SHARPWRITER
repellnt,REPELLENT
stablizer,STABILIZER
filli,FILLING
pushbttn,PUSHBUTTON
plazma,PLASMA
spraying,SPRAYING
padde,PADDED
photohelic,PHOTOHELIC
weathertight,WEATHERTIGHT
pulsar,PULSAR
vynl,VINYL
carbburr,CARBIDE-BURR
antisept,ANTISEPTIC
fractio,FRACTION
multiunit,MULTIUNIT
bandge,BANDAGE
spooled,SPOOLED
dieltrc,DIELECTRIC
programable,PROGRAMMABLE
ethern,ETHERNET
awg5,AMERICAN-WIRE-GAUGE
twaron,TWARON
inverte,INVERTER
slurries,SLURRIES
pumic,PUMICE
loctit,LOCTITE
fingerls,FINGERLESS
halffingered,HALF-FINGERED
tubin,TUBING
uppe,UPPER
extrnl,EXTERNAL
freshnr,FRESHENER
alligatorstyle,ALLIGATOR-STYLE
propel,PROPEL
hinges,HINGE
inductiv,INDUCTIVE
loki,LOKI
virex,VIREX
css,CSS
magnifie,MAGNIFIER
facecover,FACE-COVER
earmuf,EARMUFF
degreased,DEGREASED
superstrut,SUPERSTRUT
bulletnose,BULLET-NOSE
kennamet,KENNAMETAL
trigg,TRIGGER
monoxid,MONOXIDE
changed,CHANGED
coverings,COVERING
grams,GRAMS
bsa,BSA
whitney,WHITNEY
dblloop,DOUBLE-LOOP
seats,SEATS
surgi,SURGICAL
msg,MSG
dangero,DANGEROUS
batteres,BATTERY
suspndrs,SUSPENDERS
classifica,CLASSIFICATION
solnd,SOLENOID
pwdrd,POWDERED
coatin,COATING
adapterplenum,ADAPTER-PLENUM
fryers,FRYERS
coar,COARSE
antimicrob,ANTIMICROBIAL
antispetic,ANTISEPTIC
algoma,ALGOMA
solenoi,SOLENOID
cylndrcl,CYLINDRICAL
modes,MODES
groovin,GROOVING
duluth,DULUTH
r410a,REFRIGERANT
slowblow,SLOW-BLOW
deodor,DEODORANT
badges,BADGE
generl,GENERAL
industrila,INDUSTRIAL
tyr,TYR
antstat,ANTISTATIC
wedges,WEDGE
replaceabl,REPLACEABLE
cleanerdisinfectant,CLEANER-DISINFECTANT
titeflex,TITEFLEX
ontario,ONTARIO
rps,RPS
polyethln,POLYETHYLENE
jcket,JACKET
backyard,BACKYARD
dustoff,DUST-OFF
playtex,PLAYTEX
outlt,OUTLET
prntd,PRINTED
concepts,CONCEPTS
enaml,ENAMEL
alphawipe,ALPHAWIPE
selfadjusting,SELF-ADJUSTING
sealng,SEALING
hidensity,HIGH-DENSITY
endplate,END-PLATE
colle,COLLET
leco,LECO
pinstrip,PINSTRIPE
oxyfuel,OXY-FUEL
cpcty,CAPACITY
thickne,THICKNESS
butterly,BUTTERFLY
citranox,CITRANOX
borazon,BORAZON
cntnr,CONTAINER
ariadni,ARIADNI
nonadhes,NONADHESIVE
vacume,VACUUM
pros,PROS
pneumati,PNEUMATIC
linr,LINER
decongestant,DECONGESTANT
steeltoe,STEEL-TOE
combustable,COMBUSTIBLE
sae4,SAE-SPECIFICATION
dumpster,DUMPSTER
thomson,THOMSON
trailers,TRAILER
bactin,BACTINE
hoshizaki,HOSHIZAKI
shoecvr,SHOE-COVER
semiaut,SEMIAUTOMATIC
spenser,SPENSER
no111,NUMBER
polyst,POLYSTYRENE
wtrtight,WATERTIGHT
fusehold,FUSE-HOLDER
bandaide,BAND-AID
fineliner,FINE-LINER
lubriderm,LUBRIDERM
couplers,COUPLER
provon,PROVON
tamperevident,TAMPER-EVIDENT
rittal,RITTAL
prefilled,PREFILLED
antifatgue,ANTI-FATIGUE
bayer,BAYER
adhseive,ADHESIVE
sealan,SEALANT
equals,EQUALS
accidents,ACCIDENT
accssrs,ACCESSORY
etherne,ETHERNET
neverkink,NEVERKINK
aluminm,ALUMINUM
failsafe,FAIL-SAFE
futur,FUTURE
martens,DR.-MARTENS
testers,TESTER
antispat,ANTI-SPATTER
castile,CASTILE
laquering,LACQUERING
weldi,WELDING
lemo,LEMO
cyanoacrylates,CYANOACRYLATE
ambidextrouse,AMBIDEXTROUS
plted,PLATED
extraheavy,EXTRA-HEAVY
diphen,DIPHENHYDRAMINE
linebacker,LINEBACKER
subm,SUBMERSIBLE
aviatn,AVIATION
koike,KOIKE
corrision,CORROSION
compressi,COMPRESSION
salisbury,SALISBURY
stainlesssteel,STAINLESS-STEEL
swich,SWITCH
applicatio,APPLICATION
lanyar,LANYARD
polystyrn,POLYSTYRENE
nonmaring,NON-MARRING
fluoroelaster,FLUOROELASTOMER
lckr,LOCKER
gorman,GORMAN
beats,BEATS
reducers,REDUCER
bandfile,BAND-FILE
packages,PACKAGE
hexhead,HEX-HEAD
ratchett,RATCHET
submers,SUBMERSIBLE
rul,RULE
valu,VALUE
theatre,THEATRE
thumbwheel,THUMBWHEEL
ballpein,BALL-PEEN
harting,HARTING
mckee,MCKEE
colar,COLLAR
inputs,INPUT
komastu,KOMATSU
extesion,EXTENSION
telecom,TELECOM
rays,RAYS
including,INCLUDING
polyuretha,POLYURETHANE
cmpound,COMPOUND
lightduty,LIGHT-DUTY
spectacl,SPECTACLE
pta,PTA
aspirated,ASPIRATED
polypr,POLYPROPYLENE
pressu,PRESSURE
roofs,ROOFS
huskie,HUSKIE
flanges,FLANGE
curbside,CURBSIDE
biege,BEIGE
gators,GATORS
calble,CABLE
transmiter,TRANSMITTER
southwire,SOUTHWIRE
cushioning,CUSHIONING
grooves,GROOVE
conector,CONNECTOR
makers,MAKERS
mainten,MAINTENANCE
yards,YARDS
extinguishr,EXTINGUISHER
uso,USO
techniks,TECHNIKS
replacements,REPLACEMENT
clrnc,CLEARANCE
scis,SCISSORS
slugs,SLUGS
asbstos,ASBESTOS
kerlix,KERLIX
dexerity,DEXTERITY
dustbane,DUSTBANE
screwdrivr,SCREWDRIVER
paddles,PADDLE
upvc,UNPLASTICIZED-PVC
hygien,HYGIENE
penetratin,PENETRATING
monito,MONITOR
sonalert,SONALERT
beakers,BEAKERS
ul100,UL-STANDARD
combnatn,COMBINATION
fisk,FISK
moistened,MOISTENED
stndard,STANDARD
googles,GOGGLES
abm,ABM
shelv,SHELVING
scrwgun,SCREW-GUN
magnahelic,MAGNEHELIC
sheilding,SHIELDING
cmprssd,COMPRESSED
ebara,EBARA
genrl,GENERAL
threadi,THREADING
organizers,ORGANIZER
conect,CONNECT
curtai,CURTAIN
electrod,ELECTRODE
waranty,WARRANTY
gaffers,GAFFERS
fines,FINES
coddington,CODDINGTON
dblface,DOUBLE-FACE
hydrogn,HYDROGEN
carbidetipp,CARBIDE-TIPPED
stratix,STRATIX
permt,PERMANENT
fluorscnt,FLUORESCENT
ul1015,UL-STANDARD
fillrite,FILL-RITE
facesheild,FACE-SHIELD
quikchange,QUICK-CHANGE
flexibel,FLEXIBLE
torxplus,TORX-PLUS
markin,MARKING
crylic,ACRYLIC
kansas,KANSAS
lubrica,LUBRICANT
accordian,ACCORDION
comprn,COMPRESSION
connecotr,CONNECTOR
outsi,OUTSIDE
mechanica,MECHANICAL
strippe,STRIPPER
pigta,PIGTAIL
wallmtd,WALL-MOUNTED
oof,OOF
explosionproof,EXPLOSION-PROOF
cowhi,COWHIDE
comple,COMPLETE
maching,MACHINING
perl,PERL
aerosols,AEROSOL
kvlar,KEVLAR
resistoflex,RESISTOFLEX
glazin,GLAZING
retracto,RETRACTOR
chlorne,CHLORINE
genral,GENERAL
kleener,CLEANER
synthet,SYNTHETIC
no97,NUMBER
wireduct,WIRE-DUCT
sleve,SLEEVE
ferraz,FERRAZ-SHAWMUT
genpurp,GENERAL-PURPOSE
knocked,KNOCKED
extech,EXTECH
picatinny,PICATINNY
hygenic,HYGIENIC
perfrmnce,PERFORMANCE
extraflexible,EXTRA-FLEXIBLE
leybold,LEYBOLD
rducers,REDUCER
filterdryer,FILTER-DRIER
compou,COMPOUND
diagcutter,DIAGONAL-CUTTER
breakers,BREAKER
pisto,PISTOL
towlettes,TOWELETTE
carabnr,CARABINER
antidrainback,ANTI-DRAINBACK
laquer,LACQUER
interna,INTERNAL
distanc,DISTANCE
prepaid,PREPAID
rotozip,ROTOZIP
blkhd,BULKHEAD
hazzard,HAZARD
jobbr,JOBBER
digita,DIGITAL
offwht,OFF-WHITE
tuthill,TUTHILL
liftng,LIFTING
biodegrad,BIODEGRADABLE
gunslinger,GUNSLINGER
purchased,PURCHASED
adjusted,ADJUSTED
exeter,EXETER
endcaps,END-CAP
electroplated,ELECTROPLATED
milprf23377k,MIL-PRF-SPECIFICATION
rockport,ROCKPORT
ccu,CCU
draftsmen,DRAFTSMEN
magnifer,MAGNIFIER
wider,WIDER
bastcut,BASTARD-CUT
papers,PAPERS
buttonhead,BUTTON-HEAD
diamondpl,DIAMOND-PLATE
wrappd,WRAPPED
paintd,PAINTED
shrader,SCHRADER
xfmr,TRANSFORMER
puncturing,PUNCTURING
sweatbands,SWEAT-BANDS
ip66,IP-INGRESS-PROTECTION-RATING
sae37,SAE-SPECIFICATION
spndx,SPANDEX
doublelock,DOUBLE-LOCK
degraser,DEGREASER
breathbl,BREATHABLE
diamonds,DIAMOND
envelp,ENVELOPE
proffessional,PROFESSIONAL
themometer,THERMOMETER
starte,STARTER
retainin,RETAINING
packin,PACKING
spoolmatic,SPOOLMATIC
sensitivi,SENSITIVITY
nirtil,NITRILE
sftywalk,SAFETY-WALK
duplx,DUPLEX
angld,ANGLED
lockng,LOCKING
cornr,CORNER
vlier,VLIER
braide,BRAIDED
nonrotatin,NONROTATING
nyc,NYC
opw,OPW
heavey,HEAVY
pattie,PATTIE
mopping,MOPPING
energi,ENERGY
balaclave,BALACLAVA
measu,MEASURE
accel,ACCEL
efficency,EFFICIENCY
firewatch,FIRE-WATCH
cupl,COUPLING
jus,JUS
pinstripe,PINSTRIPE
chasis,CHASSIS
nonfer,NONFERROUS
trademark,TRADEMARK
corrugat,CORRUGATED
rightangle,RIGHT-ANGLE
extingshr,EXTINGUISHER
rotatin,ROTATING
remvbl,REMOVABLE
circuits,CIRCUIT
penetra,PENETRATING
educer,REDUCER
ratin,RATING
arbour,ARBOR
anulr,ANNULAR
dielect,DIELECTRIC
thinsulat,THINSULATE
kask,KASK
electtric,ELECTRIC
cleanrook,CLEANROOM
hivoltage,HIGH-VOLTAGE
knurld,KNURLED
selffusing,SELF-FUSING
tempurature,TEMPERATURE
lowpressure,LOW-PRESSURE
internl,INTERNAL
addative,ADDITIVE
cutresis,CUT-RESISTANT
frndly,FRIENDLY
loknut,LOCKNUT
cyclon,CYCLONE
preven,PREVENT
equipmnt,EQUIPMENT
ocedar,O-CEDAR
demolitio,DEMOLITION
heavydty,HEAVY-DUTY
iso500,ISO-STANDARD
glvoe,GLOVE
polishng,POLISHING
mexico,MEXICO
lownoise,LOW-NOISE
fingernails,FINGERNAILS
axles,AXLE
hookandloop,HOOK-AND-LOOP
pennants,PENNANTS
highvisibility,HIGH-VISIBILITY
encoders,ENCODER
controlle,CONTROLLER
overhea,OVERHEAD
coolants,COOLANT
flexovit,FLEXOVIT
wsher,WASHER
keysert,KEYSERT
nonrepairable,NON-REPAIRABLE
cray,CRAY
disenfect,DISINFECT
showr,SHOWER
hubcity,HUB-CITY
refrigeran,REFRIGERANT
detecti,DETECTION
awg14,AMERICAN-WIRE-GAUGE
preforme,PREFORMED
polycarbo,POLYCARBONATE
complet,COMPLETE
deterity,DEXTERITY
lockwire,LOCK-WIRE
assortd,ASSORTED
jsa,JOB-SAFETY-ANALYSIS
strands,STRAND
ripoff,RIPOFF
checkl,CHECKLIST
grounging,GROUNDING
knapp,KNAPP
nonmetllc,NONMETALLIC
raytek,RAYTEK
bushg,BUSHING
conductiv,CONDUCTIVE
kwikset,KWIKSET
ibuporfen,IBUPROFEN
acetaldehyd,ACETALDEHYDE
jobbber,JOBBER
extenson,EXTENSION
reclosbl,RECLOSABLE
insrts,INSERT
brkdwn,BREAKDOWN
powdercoat,POWDER-COAT
hardw,HARDWARE
stockhausen,STOCKHAUSEN
springloaded,SPRING-LOADED
snglply,SINGLE-PLY
solvants,SOLVENT
enclos,ENCLOSURE
shuttered,SHUTTERED
roadrunner,ROADRUNNER
fogging,FOGGING
siliconized,SILICONIZED
paton,PATON
bsebll,BASEBALL
flashlght,FLASHLIGHT
biodigradable,BIODEGRADABLE
labelling,LABELING
releasing,RELEASING
moyno,MOYNO
cbnet,CABINET
spliced,SPLICED
habasit,HABASIT
collecti,COLLECTION
intrnal,INTERNAL
attix,ATTIX
blockgauge,BLOCK-GAUGE
positionin,POSITIONING
lowprof,LOW-PROFILE
lenz,LENS
internatio,INTERNATIONAL
enpac,ENPAC
petrolium,PETROLEUM
sortng,SORTING
electricn,ELECTRICIAN
flurescen,FLUORESCENT
leverag,LEVERAGE
sprecher,SPRECHER+SCHUH
eliment,ELEMENT
estes,ESTES
dulled,DULLED
compability,COMPATIBILITY
hydral,HYDRAULIC
diaganol,DIAGONAL
sanfrd,SANFORD
rechrg,RECHARGE
leased,LEASED
utilities,UTILITIES
hydroblasting,HYDRO-BLASTING
generatr,GENERATOR
fibregla,FIBERGLASS
ropegrab,ROPE-GRAB
titaniu,TITANIUM
kinco,KINCO
blenderm,BLENDERM
dragersorb,DRÄGERSORB
cunningham,CUNNINGHAM
manufacturing,MANUFACTURING
bridg,BRIDGE
landscaping,LANDSCAPING
naoh,SODIUM-HYDROXIDE
aces,ACES
apo,APO
ammco,AMMCO
hyperthern,HYPERTHERM
deepgroove,DEEP-GROOVE
steeel,STEEL
selfsharpening,SELF-SHARPENING
interrup,INTERRUPTER
etchg,ETCHING
highdensit,HIGH-DENSITY
bowden,BOWDEN-CABLE
ptg,PTG
r11,REFRIGERANT
antisep,ANTISEPTIC
bluemonster,BLUE-MONSTER
shakle,SHACKLE
fcaw,FLUX-CORED-ARC-WELDING
cutlerham,CUTLER-HAMMER
cubfuse,CUBEFUSE
anthricite,ANTHRACITE
devilb,DEVILBISS
brooms,BROOMS
frick,FRICK
aplifier,AMPLIFIER
assmb,ASSEMBLY
dagonal,DIAGONAL
carrabiner,CARABINER
hdware,HARDWARE
formsprag,FORMSPRAG
distrabution,DISTRIBUTION
ul10,UL-STANDARD
pinnion,PINION
invertd,INVERTED
ceilin,CEILING
carabi,CARABINER
avn,AVN
hardne,HARDENER
navig,NAVIG
synfuel,SYNFUEL
users,USERS
dvider,DIVIDER
tigercat,TIGERCAT
brillo,BRILLO
lockstitch,LOCK-STITCH
vinly,VINYL
detct,DETECT
microdot,MICRODOT
dimpd,DIMPLED
cubitrn,CUBITRON
kitchn,KITCHEN
cushn,CUSHION
heavywall,HEAVY-WALL
adhesiveset,ADHESIVE-SET
clearnroom,CLEANROOM
dscnncts,DISCONNECT
groute,GROUT
lockbolt,LOCK-BOLT
lenin,LENIN
utiity,UTILITY
butts,BUTTS
powderfr,POWDER-FREE
no330,NUMBER
couplr,COUPLER
nikon,NIKON
attachem,ATTACHMENT
alrge,LARGE
membr,MEMBRANE
heatresistant,HEAT-RESISTANT
honeywe,HONEYWELL
fluoresc,FLUORESCENT
printabl,PRINTABLE
stablok,STAB-LOK
lghtweight,LIGHTWEIGHT
bottls,BOTTLE
balllock,BALL-LOCK
breathabl,BREATHABLE
washes,WASHES
dexron,DEXRON
timken,TIMKEN
flurescent,FLUORESCENT
paintgu,PAINT-GUN
securing,SECURING
produ,PRODUCT
antisplatter,ANTI-SPATTER
juntion,JUNCTION
cambuckle,CAM-BUCKLE
expos,EXPOSURE
textil,TEXTILE
multtool,MULTITOOL
nonlatex,NON-LATEX
strippabl,STRIPPABLE
brthble,BREATHABLE
heay,HEAVY
din6921,DIN-STANDARD
degreasercleane,DEGREASER-CLEANER
dursban,DURSBAN
serrat,SERRATED
accessry,ACCESSORY
respirtor,RESPIRATOR
nippl,NIPPLE
economi,ECONOMY
dared,DARED
ridgd,RIGID
intrchngabl,INTERCHANGEABLE
reclosing,RECLOSING
demountab,DEMOUNTABLE
antibactrial,ANTIBACTERIAL
evaporatve,EVAPORATIVE
histreng,HIGH-STRENGTH
foll,FOLL
proctector,PROTECTOR
humidit,HUMIDITY
vectran,VECTRAN
premie,PREMIER
calbration,CALIBRATION
diecst,DIECAST
lockformer,LOCKFORMER
ozonol,OZONOL
outdor,OUTDOOR
hydrualic,HYDRAULIC
tubng,TUBING
yeti,YETI
incandscnt,INCANDESCENT
reni,RENI
micrometr,MICROMETER
insulatio,INSULATION
superheavy,SUPERHEAVY
grommett,GROMMET
nurses,NURSES
indianapolis,INDIANAPOLIS
diversey,DIVERSEY
motorla,MOTOROLA
photocont,PHOTOCONTROL
epichlorhyd,EPICHLOROHYDRIN
stnl,STAINLESS
er70s3,WELDING-WIRE-CLASSIFICATION
crowfoo,CROWFOOT
mods,MODS
adjustablespanner,ADJUSTABLE-SPANNER
microfinis,MICROFINISH
cultures,CULTURES
adjusts,ADJUST
liftex,LIFTEX
encapsulant,ENCAPSULANT
fresheners,FRESHENER
countersk,COUNTERSINK
translucnt,TRANSLUCENT
pere,PERE
belart,BEL-ART
waterproff,WATERPROOF
defuser,DIFFUSER
knockouts,KNOCKOUT
sae52,SAE-SPECIFICATION
selfstck,SELF-STICK
hacksaws,HACKSAW
ratchetng,RATCHETING
warmers,WARMERS
alkalin,ALKALINE
er5356,WELDING-WIRE-CLASSIFICATION
gladhands,GLAD-HAND
eleastic,ELASTIC
levr,LEVER
intermidiat,INTERMEDIATE
idlr,IDLER
foldng,FOLDING
enclsure,ENCLOSURE
coduit,CONDUIT
dualwall,DUAL-WALL
ul13,UL-STANDARD
eucerin,EUCERIN
reducter,REDUCER
linaer,LINEAR
disinfct,DISINFECTANT
canad,CANAD
functi,FUNCTION
infrered,INFRARED
radiatio,RADIATION
raduis,RADIUS
breakawa,BREAKAWAY
pictograms,PICTOGRAMS
furrule,FERRULE
arco,ARCO
shackel,SHACKLE
rechargea,RECHARGEABLE
climbin,CLIMBING
expnd,EXPAND
fellowes,FELLOWES
wtrproof,WATERPROOF
harnesses,HARNESS
hydrau,HYDRAULIC
polari,POLARIZED
clifton,CLIFTON
caviwipes,CAVIWIPES
envlop,ENVELOPE
tubeing,TUBING
setscr,SET-SCREW
selftappin,SELF-TAPPING
antirllout,ANTI-ROLLOUT
clearcut,CLEARCUT
scrib,SCRIBE
coghlans,COGHLAN'S
extrflx,EXTRA-FLEX
protecor,PROTECTOR
freqncy,FREQUENCY
barriers,BARRIER
switchblad,SWITCHBLADE
sempermed,SEMPERMED
cler,CLEAR
illumin,ILLUMINATED
antiimpac,ANTI-IMPACT
protecte,PROTECTED
emergencystop,EMERGENCY-STOP
cuplr,COUPLER
indestruct,INDESTRUCTIBLE
headligh,HEADLIGHT
claritin,CLARITIN
digikey,DIGI-KEY
miyachi,MIYACHI
resharpened,RESHARPENED
berbnard,BERNARD
scaffol,SCAFFOLD
kendrick,KENDRICK
splicng,SPLICING
clothi,CLOTHING
phosph,PHOSPHATE
fstnrs,FASTENER
penet,PENETRATING
timedela,TIME-DELAY
nonvntd,NONVENTED
multiu,MULTIUSE
microporus,MICROPOROUS
autorng,AUTORANGING
epth,DEPTH
antimagntc,ANTIMAGNETIC
lubricants,LUBRICANT
alloyhead,ALLOY-HEAD
polyururethane,POLYURETHANE
no103,NUMBER
tungstun,TUNGSTEN
rectractable,RETRACTABLE
trasmission,TRANSMISSION
dissolved,DISSOLVED
mettlertoledo,METTLER-TOLEDO
impace,IMPACT
adapater,ADAPTER
clsed,CLOSED
heatsink,HEAT-SINK
coverup,COVER-UP
oxyg,OXYGEN
excl,EXCL
vassar,VASSAR
schmidt,SCHMIDT
finishin,FINISHING
dusters,DUSTERS
ied,IED
dressings,DRESSING
specif,SPECIF
krystal,KRYSTAL
kurved,CURVED
iso16028,ISO-STANDARD
topgrain,TOP-GRAIN
no339,NUMBER
rachetthandle,RATCHET-HANDLE
starr,STARR
recov,RECOVERY
documenting,DOCUMENTING
calibratin,CALIBRATING
botle,BOTTLE
intrchg,INTERCHANGE
beginners,BEGINNERS
powersupply,POWER-SUPPLY
sporlan,SPORLAN
graduatd,GRADUATED
grren,GREEN
embroidere,EMBROIDERED
stepstool,STEP-STOOL
millipore,MILLIPORE
quicck,QUICK
latched,LATCHED
thrmocpl,THERMOCOUPLE
emissions,EMISSIONS
vinylinsul,VINYL-INSULATED
nogo,NO-GO
mainfold,MANIFOLD
alloysheet,ALLOY-SHEET
astrobrights,ASTROBRIGHTS
rins,RINSE
cleaining,CLEANING
antistc,ANTISTATIC
inhib,INHIBITOR
easyoff,EASY-OFF
esse,ESSE
flatpack,FLAT-PACK
presharpened,PRE-SHARPENED
droppers,DROPPERS
heavywght,HEAVYWEIGHT
propionat,PROPIONATE
anvi,ANVIL
hazards,HAZARD
univerl,UNIVERSAL
hndcrnk,HAND-CRANK
temperatur,TEMPERATURE
slanted,SLANTED
gague,GAUGE
chlorofor,CHLOROFORM
appx,APPROXIMATELY
antidust,ANTI-DUST
matrl,MATERIAL
disnfctnt,DISINFECTANT
househld,HOUSEHOLD
domtar,DOMTAR
multivolt,MULTI-VOLT
identifcation,IDENTIFICATION
cllass,CLASS
compount,COMPOUND
battyer,BATTERY
tbwoods,TB-WOOD'S
nicorpress,NICOPRESS
urthane,URETHANE
miltary,MILITARY
generac,GENERAC
guaze,GAUZE
ul1028,UL-STANDARD
paints,PAINT
stretched,STRETCHED
camou,CAMOUFLAGE
pesticides,PESTICIDE
hubcap,HUBCAP
handsa,HANDSAW
tegera,TEGERA
boringtool,BORING-TOOL
oriffice,ORIFICE
recyclable,RECYCLABLE
gammex,GAMMEX
spraye,SPRAYER
aleve,ALEVE
embroidered,EMBROIDERED
shrtslv,SHORT-SLEEVE
quickchg,QUICK-CHANGE
polyethy,POLYETHYLENE
athroom,BATHROOM
gusseteed,GUSSETED
cyanoac,CYANOACRYLATE
ul508,UL-STANDARD
transmssion,TRANSMISSION
illumi,ILLUMINATED
ballpeen,BALL-PEEN
accuform,ACCUFORM
brightest,BRIGHTEST
airfreshener,AIR-FRESHENER
visibilty,VISIBILITY
coumpound,COMPOUND
bsd,BSD
floormat,FLOOR-MAT
screwdruver,SCREWDRIVER
lightbar,LIGHT-BAR
undergarm,UNDERGARMENT
protecton,PROTECTION
combinaton,COMBINATION
biberall,BIB-OVERALL
extremes,EXTREME
diecas,DIECAST
no011,NUMBER
cylndrs,CYLINDER
configurd,CONFIGURED
dissipating,DISSIPATING
dualshield,DUAL-SHIELD
contactors,CONTACTOR
cadillac,CADILLAC
iso40,ISO-STANDARD
contrlr,CONTROLLER
dampened,DAMPENED
nonilum,NON-ILLUMINATED
replacing,REPLACING
preformance,PERFORMANCE
stationai,STATIONARY
diagonalcutters,DIAGONAL-CUTTER
buds,BUDS
cveral,COVERALL
marin,MARIN
hexdrvr,HEX-DRIVER
eyepatch,EYE-PATCH
aterproof,WATERPROOF
cutpile,CUT-PILE
ballrllr,BALL-ROLLER
ampule,AMPULE
finised,FINISHED
marne,MARNE
stregth,STRENGTH
freightliner,FREIGHTLINER
diame,DIAMETER
distrbutr,DISTRIBUTOR
xtractor,EXTRACTOR
smoothie,SMOOTHIE
mtrial,MATERIAL
elctrical,ELECTRICAL
houston,HOUSTON
texans,TEXANS
electricia,ELECTRICIAN
loratadine,LORATADINE
canliner,CAN-LINER
matured,MATURED
catrpllr,CATERPILLAR
accustical,ACOUSTIC
apoc,APOC
swagelock,SWAGELOK
chesel,CHISEL
milprf26514,MIL-PRF-SPECIFICATION
trufuel,TRUFUEL
mountng,MOUNTING
bussway,BUSWAY
dvr,DVR
arnband,ARMBAND
maxstar,MAXSTAR
electrsttic,ELECTROSTATIC
alumoxide,ALUMINUM-OXIDE
hazwaste,HAZ-WASTE
funnels,FUNNEL
millscale,MILL-SCALE
workwear,WORK-WEAR
btw,BTW
jbweld,J-B-WELD
towellette,TOWELETTE
oscill,OSCILLATING
crosshatc,CROSSHATCH
kerosine,KEROSENE
bsuhing,BUSHING
duburr,DEBURR
electrochem,ELECTROCHEMICAL
summers,SUMMERS
cupling,COUPLING
regualtor,REGULATOR
natrual,NATURAL
dressers,DRESSER
ssw,SSW
protecion,PROTECTION
milprf81705e,MIL-PRF-SPECIFICATION
yuasa,YUASA
binoculars,BINOCULARS
bushnell,BUSHNELL
comercial,COMMERCIAL
accuride,ACCURIDE
emuls,EMULSION
sanitay,SANITARY
antfatgue,ANTI-FATIGUE
strnded,STRANDED
asembly,ASSEMBLY
braids,BRAID
chillers,CHILLER
mailers,MAILERS
heattreat,HEAT-TREAT
chamdrill,CHAMDRILL
coltrane,COLTRANE
tuv,TÜV
charmilles,CHARMILLES
footpedal,FOOT-PEDAL
alcohl,ALCOHOL
frontline,FRONTLINE
folde,FOLDER
no150,NUMBER
rebuil,REBUILD
fibregl,FIBERGLASS
recordi,RECORDING
prfrmnce,PERFORMANCE
raychem,RAYCHEM
wookworking,WOODWORKING
compoud,COMPOUND
industrual,INDUSTRIAL
adaptorextension,ADAPTER-EXTENSION
dpeth,DEPTH
checmial,CHEMICAL
prohib,PROHIBITED
nonconductiv,NONCONDUCTIVE
preserved,PRESERVED
hydroca,HYDROCARBON
abbott,ABBOTT
sockset,SOCKET-SET
imoact,IMPACT
ewalt,DEWALT
cionnector,CONNECTOR
connnector,CONNECTOR
carpt,CARPET
barrie,BARRIE
amfm,AM/FM
tunes,TUNES
emory,EMORY
naural,NATURAL
saintgobain,SAINT-GOBAIN
nema45,NEMA-RATING
orignl,ORIGINAL
depresser,DEPRESSOR
ettore,ETTORE
desinfect,DISINFECT
cincin,CINCINNATI
amsteel,AMSTEEL
pt1000,PLATINUM-RTD-SENSOR
wtrtght,WATERTIGHT
dimpl,DIMPLE
sortment,ASSORTMENT
autodkening,AUTO-DARKENING
codine,CODEINE
heavyd,HEAVY-DUTY
backsplas,BACKSPLASH
capstn,CAPSTAN
chucks,CHUCK
mtal,METAL
staionary,STATIONARY
outbrd,OUTBOARD
polyol,POLYOL
controllr,CONTROLLER
edgng,EDGING
paperwork,PAPERWORK
capscrews,CAP-SCREW
liferaft,LIFE-RAFT
turqoise,TURQUOISE
no329,NUMBER
baselyer,BASE-LAYER
shimstock,SHIM-STOCK
masonay,MASONRY
oxyge,OXYGEN
alakali,ALKALI
asssy,ASSEMBLY
dispener,DISPENSER
ename,ENAMEL
etd,ETD
penatrating,PENETRATING
bifoc,BIFOCAL
prewetted,PRE-WETTED
detectors,DETECTOR
quickclot,QUIKCLOT
supportd,SUPPORTED
scruber,SCRUBBER
hustlr,HUSTLER
florine,FLORINE
antistats,ANTISTATIC
nonrtrnbl,NON-RETURNABLE
buyout,BUYOUT
selfadhesiv,SELF-ADHESIVE
printr,PRINTER
ethrnet,ETHERNET
canstr,CANISTER
sheav,SHEAVE
dilutin,DILUTING
cowboys,COWBOYS
protracto,PROTRACTOR
lghtng,LIGHTING
cushi,CUSHION
discha,DISCHARGE
dreft,DREFT
capaci,CAPACITY
contactr,CONTACTOR
polyurethaan,POLYURETHANE
no00,NUMBER
ashesive,ADHESIVE
bodylotion,BODY-LOTION
ratcheted,RATCHETED
shielde,SHIELDED
dispencer,DISPENSER
spilfyter,SPILFYTER
assesory,ACCESSORY
cubtron,CUBITRON
e7010,WELDING-ELECTRODE-CLASSIFICATION
dehydrating,DEHYDRATING
aluminizied,ALUMINIZED
applicatiors,APPLICATOR
prsonnl,PERSONNEL
desiccants,DESICCANT
facpeiece,FACEPIECE
peroxi,PEROXIDE
aditional,ADDITIONAL
flrsnt,FLUORESCENT
xhhw,XHHW-WIRE
radiators,RADIATOR
gowning,GOWNING
aetrex,AETREX
plungers,PLUNGER
apon,APRON
bodyshop,BODY-SHOP
sandapaper,SANDPAPER
polishin,POLISHING
breathng,BREATHING
relievers,RELIEVERS
xref,XREF
vcr,VCR
din7,DIN-STANDARD
eprom,EPROM
adaptorsplashguard,ADAPTOR-SPLASHGUARD
mutipurpos,MULTIPURPOSE
quantities,QUANTITIES
wheaton,WHEATON
athrzd,AUTHORIZED
compressin,COMPRESSION
indexabl,INDEXABLE
autobody,AUTO-BODY
allaround,ALL-AROUND
comalong,COME-ALONG
scotchbr,SCOTCH-BRITE
allloy,ALLOY
koyo,KOYO
curcible,CRUCIBLE
advantag,ADVANTAGE
wasteb,WASTEBASKET
finishng,FINISHING
champs,CHAMPS
brads,BRADS
ancor,ANCOR
fibglass,FIBERGLASS
framless,FRAMELESS
din791,DIN-STANDARD
haas,HAAS
ethernt,ETHERNET
chamfe,CHAMFER
retractabable,RETRACTABLE
colbalt,COBALT
ensor,ENSOR
releases,RELEASE
jetdry,JET-DRY
electromech,ELECTROMECHANICAL
lista,LISTA
rotabroac,ROTABROACH
fenwal,FENWAL
bstard,BASTARD
sweatbnd,SWEATBAND
rappeling,RAPPELLING
voyagr,VOYAGER
tractors,TRACTOR
antiifog,ANTI-FOG
varialbe,VARIABLE
externa,EXTERNAL
gyrolok,GYROLOK
newpig,NEW-PIG
sockect,SOCKET
bubba,BUBBA
medicl,MEDICAL
repellen,REPELLENT
highdensity,HIGH-DENSITY
cormatic,CORMATIC
polyurenthane,POLYURETHANE
r600a,REFRIGERANT
instron,INSTRON
regulaor,REGULATOR
handpads,HAND-PAD
setpoints,SET-POINTS
detona,DETONATOR
adjustables,ADJUSTABLE
no220,NUMBER
nonflamm,NONFLAMMABLE
decibels,DECIBELS
abrsve,ABRASIVE
sprague,SPRAGUE
rappaport,RAPPAPORT
antishk,ANTI-SHOCK
multipostion,MULTIPOSITION
chalking,CHALKING
wexford,WEXFORD
upsidedown,UPSIDE-DOWN
lightnin,LIGHTNING
camlck,CAMLOCK
stnlsstl,STAINLESS-STEEL
translucn,TRANSLUCENT
hanle,HANDLE
pleate,PLEATED
adapting,ADAPTING
tigers,TIGERS
hightorque,HIGH-TORQUE
adhesiveback,ADHESIVE-BACK
huntr,HUNTER
fibreglss,FIBERGLASS
samsung,SAMSUNG
medicin,MEDICINE
medique,MEDIQUE
enersys,ENERSYS
delano,DELANO
nonstat,NONSTATIC
alchol,ALCOHOL
alcoholisopropanol,ALCOHOL-ISOPROPANOL
teledyne,TELEDYNE
combin,COMBINATION
kun,KUN
gogg,GOGGLE
nashville,NASHVILLE
timedely,TIME-DELAY
awg2,AMERICAN-WIRE-GAUGE
protc,PROTECT
dualelmnt,DUAL-ELEMENT
connecti,CONNECTION
stainsteel,STAINLESS-STEEL
placrd,PLACARD
solderi,SOLDERING
polystyr,POLYSTYRENE
threeway,THREE-WAY
lions,LIONS
broaching,BROACHING
airdry,AIR-DRY
highcap,HIGH-CAPACITY
dtrgnt,DETERGENT
crowsft,CROWFOOT
leathre,LEATHER
shockwav,SHOCKWAVE
monofilamnt,MONOFILAMENT
asbly,ASSEMBLY
keyhol,KEYHOLE
lenze,LENZE
flaten,FLATTEN
chainnose,CHAIN-NOSE
perc,PERCHLOROETHYLENE
hyatt,HYATT
korloy,KORLOY
headin,HEADING
vertcal,VERTICAL
dewal,DEWALT
nirtile,NITRILE
cvergll,COVERALL
counduit,CONDUIT
eyewr,EYEWEAR
clssic,CLASSIC
varible,VARIABLE
urithane,URETHANE
ives,IVES
earpad,EAR-PAD
anacin,ANACIN
aervoe,AERVOE
trichloroethane,TRICHLOROETHANE
saddles,SADDLE
extngushr,EXTINGUISHER
autoclaves,AUTOCLAVE
scfh,STANDARD-CUBIC-FEET-PER-HOUR
adhsive,ADHESIVE
cylindricl,CYLINDRICAL
dilectric,DIELECTRIC
thermoplas,THERMOPLASTIC
sterilized,STERILIZED
moved,MOVED
stablized,STABILIZED
tackles,TACKLES
adaptershort,ADAPTER-SHORT
eidos,EIDOS
bibovrl,BIB-OVERALL
lenghth,LENGTH
nonphosphate,NON-PHOSPHATE
capscrw,CAP-SCREW
recharged,RECHARGED
linned,LINED
connnctr,CONNECTOR
strnd,STRAND
worldwide,WORLDWIDE
essentra,ESSENTRA
purcell,PURCELL
calibratio,CALIBRATION
singleacting,SINGLE-ACTING
gasalertclip,GASALERTCLIP
filtrat,FILTRATION
nonmarkin,NON-MARKING
flashligh,FLASHLIGHT
hexshan,HEX-SHANK
hexshank,HEX-SHANK
desenex,DESENEX
drams,DRAMS
antimcrbl,ANTIMICROBIAL
antsptc,ANTISEPTIC
ballas,BALLAST
apllicator,APPLICATOR
ergonomi,ERGONOMIC
melts,MELTS
azbil,AZBIL
fluorid,FLUORIDE
aironet,AIRONET
replcement,REPLACEMENT
expansi,EXPANSION
inhibited,INHIBITED
clrcoat,CLEAR-COAT
enhancd,ENHANCED
fastene,FASTENER
caulkin,CAULKING
jointin,JOINTING
proctect,PROTECT
hammers,HAMMER
chnstrap,CHINSTRAP
ellbow,ELBOW
transitions,TRANSITIONS
comander,COMMANDER
workpant,WORK-PANT
hrc13,ROCKWELL-C-HARDNESS
absolut,ABSOLUTE
resueable,REUSABLE
autobodywelding,AUTO-BODY-WELDING
mechncs,MECHANICS
simoniz,SIMONIZ
bemis,BEMIS
electrochemica,ELECTROCHEMICAL
cresnt,CRESCENT
awg11,AMERICAN-WIRE-GAUGE
awg19,AMERICAN-WIRE-GAUGE
armlock,ARM-LOCK
specialst,SPECIALIST
hygie,HYGIENE
aeg,AEG
opaqu,OPAQUE
scrapers,SCRAPER
bkg,BKG
reporting,REPORTING
goove,GROOVE
ultrasoni,ULTRASONIC
pentek,PENTEK
pwered,POWERED
holdr,HOLDER
setpoint,SETPOINT
modine,MODINE
balluf,BALLUFF
no800,NUMBER
multsurface,MULTISURFACE
autolube,AUTO-LUBE
keurig,KEURIG
horton,HORTON
numbrd,NUMBERED
carroll,CARROLL
silicona,SILICONE
crests,CRESTS
particles,PARTICLE
dds,DDS
aution,CAUTION
plastidip,PLASTI-DIP
allterrai,ALL-TERRAIN
chalklines,CHALK-LINES
penetrat,PENETRATING
headbolt,HEAD-BOLT
turnstiles,TURNSTILE
ferro,FERRO
linclon,LINCOLN
polyurthne,POLYURETHANE
detecto,DETECTOR
reinfr,REINFORCED
transfo,TRANSFORMER
marshalltown,MARSHALLTOWN
detachabl,DETACHABLE
condo,CONDO
speciman,SPECIMEN
wtrpf,WATERPROOF
visquen,VISQUEEN
presoak,PRESOAK
suspensions,SUSPENSION
no514,NUMBER
dissipativ,DISSIPATIVE
outpu,OUTPUT
preprinte,PREPRINTED
bushiing,BUSHING
yuken,YUKEN
citru,CITRUS
antifatique,ANTI-FATIGUE
fronius,FRONIUS
no164,NUMBER
renewals,RENEWAL
srewdriver,SCREWDRIVER
vinyle,VINYL
tecgen,TECGEN
ovrsizd,OVERSIZED
extndr,EXTENDER
snoods,SNOODS
motorol,MOTOROLA
norw,NORW
contace,CONTACT
automasking,AUTO-MASKING
nonsubmersible,NON-SUBMERSIBLE
resucitator,RESUSCITATOR
fats,FATS
batterypack,BATTERY-PACK
eavyweight,HEAVYWEIGHT
farenheit,FAHRENHEIT
cntinous,CONTINUOUS
pressures,PRESSURE
ilsco,ILSCO
permits,PERMITS
mcrofib,MICROFIBER
curad,CURAD
pictor,PICTOR
cylvlv,CYLINDER-VALVE
tears,TEARS
buns,BUNS
pennzoil,PENNZOIL
hanita,HANITA
identif,IDENTIFICATION
graymills,GRAYMILLS
polycarbnate,POLYCARBONATE
cnnector,CONNECTOR
gussetd,GUSSETED
powerpc,POWERPC
bttlnck,BOTTLENECK
instruc,INSTRUCTION
complemen,COMPLEMENT
alaklin,ALKALINE
sunscr,SUNSCREEN
scrolling,SCROLLING
breathi,BREATHING
puncha,PUNCH
craper,SCRAPER
twstd,TWISTED
distorti,DISTORTION
defibtech,DEFIBTECH
hudson,HUDSON
debure,DEBURR
greast,GREASE
xcelit,XCELITE
trewax,TREWAX
intrlock,INTERLOCK
trademan,TRADESMAN
diametr,DIAMETER
aluninum,ALUMINUM
orifi,ORIFICE
twopiece,TWO-PIECE
cambridge,CAMBRIDGE
tasks,TASKS
truckee,TRUCKEE
hastelloy,HASTELLOY
dualelemnt,DUAL-ELEMENT
flarin,FLARING
groung,GROUND
neman,NEMAN
cureved,CURVED
bloodborn,BLOODBORNE
bears,BEARS
sciss,SCISSOR
nutdrv,NUT-DRIVER
outsid,OUTSIDE
markr,MARKER
piggyb,PIGGYBACK
overlays,OVERLAY
voltge,VOLTAGE
merchandising,MERCHANDISING
higloss,HIGH-GLOSS
toiletpaper,TOILET-PAPER
loadbinders,LOAD-BINDER
hydroc,HYDROCARBON
r507,REFRIGERANT
thermopl,THERMOPLASTIC
levelling,LEVELING
dolley,DOLLY
sawzl,SAWZALL
lightwhgt,LIGHTWEIGHT
sae80,SAE-SPECIFICATION
impdriver,IMPACT-DRIVER
priv,PRIV
knuckel,KNUCKLE
gormanrupp,GORMAN-RUPP
blackmer,BLACKMER
ergonimc,ERGONOMIC
wanrning,WARNING
hellfire,HELLFIRE
goosen,GOOSENECK
electrless,ELECTROLESS
diaphgragm,DIAPHRAGM
distrib,DISTRIBUTION
raypak,RAYPAK
dishes,DISHES
cutreist,CUT-RESISTANT
imron,IMRON
magnu,MAGNUM
ocr,OCR
eurodrive,EURODRIVE
hemostats,HEMOSTAT
drfit,DRIFT
planks,PLANKS
chcuking,CHUCKING
cleang,CLEANING
caribide,CARBIDE
polym,POLYMER
anticut,ANTI-CUT
encapsula,ENCAPSULATED
deterg,DETERGENT
cailbration,CALIBRATION
effici,EFFICIENCY
dremmel,DREMEL
cml,CML
jackt,JACKET
neodyn,NEODYMIUM
boeing,BOEING
bowers,BOWERS
diesl,DIESEL
arburetor,CARBURETOR
emergncy,EMERGENCY
tlc,TLC
comerical,COMMERCIAL
adpator,ADAPTER
elctrcty,ELECTRICITY
bearg,BEARING
dychem,DYCHEM
kinife,KNIFE
nonpolarized,NON-POLARIZED
neelde,NEEDLE
errule,FERRULE
voltalert,VOLTALERT
elastics,ELASTIC
enlarg,ENLARGE
renata,RENATA
diaphrag,DIAPHRAGM
distan,DISTANCE
replacemt,REPLACEMENT
competitors,COMPETITORS
roth,ROTH
ladi,LADIES
seires,SERIES
deprsd,DEPRESSED
forktruck,FORK-TRUCK
gtaw,GAS-TUNGSTEN-ARC-WELDING
vibrations,VIBRATION
calibrating,CALIBRATING
tintd,TINTED
distributors,DISTRIBUTOR
fastened,FASTENED
monofil,MONOFILAMENT
exthvy,EXTRA-HEAVY
flashpoint,FLASH-POINT
sulfate,SULFATE
perchloroethylen,PERCHLOROETHYLENE
fuction,FUNCTION
barbd,BARBED
no100,NUMBER
defenders,DEFENDER
multigrade,MULTIGRADE
dischar,DISCHARGE
fitti,FITTING
kwikbolt,KWIK-BOLT
medicines,MEDICINE
comprssion,COMPRESSION
allweathe,ALL-WEATHER
extented,EXTENDED
annodized,ANODIZED
nonprinted,NON-PRINTED
ppd,PPD
stncl,STENCIL
dectecor,DETECTOR
extralarge,EXTRA-LARGE
sweatshirts,SWEATSHIRT
yardstic,YARDSTICK
nexen,NEXEN
hydrion,HYDRION
spannerwrench,SPANNER-WRENCH
instl,INSTALL
rivetnut,RIVET-NUT
filterdrier,FILTER-DRIER
cmprss,COMPRESS
diaphr,DIAPHRAGM
overmoulded,OVERMOLDED
maskant,MASKANT
inducti,INDUCTION
scottfold,SCOTTFOLD
no123,NUMBER
avr,AUTOMATIC-VOLTAGE-REGULATOR
hoder,HOLDER
notches,NOTCH
freezeresist,FREEZE-RESISTANT
eyepad,EYE-PAD
rechrgbl,RECHARGEABLE
lenght,LENGTH
rubs,RUBS
esso,ESSO
bartack,BAR-TACK
tarpualine,TARPAULIN
healthcre,HEALTHCARE
siegling,SIEGLING
circel,CIRCLE
mutipurpose,MULTIPURPOSE
greenleaf,GREENLEAF
accesories,ACCESSORY
ineman,LINEMAN
turing,TURING
needlen,NEEDLE-NOSE
exprf,EXPLOSION-PROOF
acetylen,ACETYLENE
nutwshr,NUT-WASHER
pirtek,PIRTEK
masterflex,MASTERFLEX
din9021,DIN-STANDARD
trimmed,TRIMMED
fuels,FUEL
loads,LOADS
ammoni,AMMONIA
fiter,FILTER
barrows,BARROWS
germany,GERMANY
countersi,COUNTERSINK
adjustble,ADJUSTABLE
tethers,TETHERS
jergen,JERGENS
ip55,IP-INGRESS-PROTECTION-RATING
oiless,OILLESS
hardsided,HARD-SIDED
definte,DEFINITE
padlocking,PADLOCKING
hande,HANDLE
coatn,COATING
highvisibili,HIGH-VISIBILITY
chaulk,CHALK
germicid,GERMICIDAL
precharged,PRECHARGED
keyles,KEYLESS
dampenr,DAMPENER
seismc,SEISMIC
removl,REMOVAL
cylndcl,CYLINDRICAL
wraparoun,WRAPAROUND
polymers,POLYMER
ovrload,OVERLOAD
brkn,BROKEN
doublr,DOUBLE
reported,REPORTED
dichrom,DICHROMATE
adjtbl,ADJUSTABLE
adhesve,ADHESIVE
incandescen,INCANDESCENT
martins,MARTINS
spandx,SPANDEX
headg,HEADGEAR
toile,TOILE
gsm,GSM
bimete,BIMETAL
shiled,SHIELD
quartenary,QUATERNARY
backtalk,BACKTALK
dowcorning,DOW-CORNING
vancouver,VANCOUVER
hannifin,PARKER-HANNIFIN
bacitiracin,BACITRACIN
newer,NEWER
sping,SPRING
disposabke,DISPOSABLE
kito,KITO
kid,KID
meltric,MELTRIC
repostionable,REPOSITIONABLE
multipurpo,MULTIPURPOSE
globl,GLOBAL
decoupler,DECOUPLER
facepie,FACEPIECE
quickconnec,QUICK-CONNECT
marat,MARAT
slicone,SILICONE
prybars,PRY-BARS
deurring,DEBURRING
cncrt,CONCRETE
fusehol,FUSE-HOLDER
flashlig,FLASHLIGHT
runne,RUNNER
hologen,HALOGEN
mri,MRI
dressg,DRESSING
drierite,DRIERITE
timberline,TIMBERLINE
abbrasive,ABRASIVE
cuttere,CUTTER
trunion,TRUNNION
stringknit,STRING-KNIT
embrossed,EMBOSSED
collectn,COLLECTION
paral,PARALLEL
gridded,GRIDDED
caviwipe,CAVIWIPES
kruger,KRUGER
gemicidal,GERMICIDAL
beanies,BEANIE
solarcaine,SOLARCAINE
conponent,COMPONENT
argonaught,ARGONAUT
intrntl,INTERNATIONAL
complies,COMPLIES
pyrame,PYRAMEX
ratechet,RATCHET
whiteout,WHITEOUT
paintroller,PAINT-ROLLER
operato,OPERATOR
mainteneance,MAINTENANCE
chann,CHANNEL
prtction,PROTECTION
guat,GUAT
diecu,DIE-CUT
reynolds,REYNOLDS
chlrn,CHLORINE
encodr,ENCODER
swithc,SWITCH
bershire,BERKSHIRE
keyswitch,KEY-SWITCH
din862,DIN-STANDARD
chamfered,CHAMFERED
debarker,DEBARKER
ios,IOS
glutaraldehyde,GLUTARALDEHYDE
charges,CHARGE
nichiban,NICHIBAN
retu,RETURN
scrubing,SCRUBBING
efficie,EFFICIENCY
sae9,SAE-SPECIFICATION
champagn,CHAMPAGNE
cardboar,CARDBOARD
tarps,TARPS
autoswitch,AUTO-SWITCH
troubleshoot,TROUBLESHOOT
clearner,CLEANER
bbq,BBQ
no599,NUMBER
parked,PARKED
radiu,RADIUS
kia,KIA
hyundai,HYUNDAI
gearmoto,GEARMOTOR
hotmelt,HOT-MELT
reist,RESIST
tekton,TEKTON
nuggets,NUGGETS
ald,ALD
westcott,WESTCOTT
nutdrivr,NUT-DRIVER
analgesics,ANALGESICS
tubefitting,TUBE-FITTING
awg15,AMERICAN-WIRE-GAUGE
allens,ALLEN
litihum,LITHIUM
solinoid,SOLENOID
coalesc,COALESCING
prescreen,PRESCREEN
electicians,ELECTRICIAN
seperat,SEPARATE
debruring,DEBURRING
cartridgefliter,CARTRIDGE-FILTER
bodyarmor,BODY-ARMOR
alcatel,ALCATEL
ushio,USHIO
en352,EN-STANDARD
dissipatv,DISSIPATIVE
fttings,FITTING
comprssn,COMPRESSION
thrmcpl,THERMOCOUPLE
bifrucated,BIFURCATED
installr,INSTALLER
photoelect,PHOTOELECTRIC
edgin,EDGING
ankel,ANKLE
marshmallow,MARSHMALLOW
coppertone,COPPERTONE
delaval,DELAVAL
sae96,SAE-SPECIFICATION
cerami,CERAMIC
ampjenol,AMPHENOL
cnector,CONNECTOR
firealarm,FIRE-ALARM
enclosuer,ENCLOSURE
dropline,DROPLINE
nonconduc,NONCONDUCTIVE
din7982,DIN-STANDARD
detectr,DETECTOR
stanle,STANLEY
superseded,SUPERSEDED
kiddie,KIDDIE
diaphargm,DIAPHRAGM
charmin,CHARMIN
brshed,BRUSHED
ovrhd,OVERHEAD
awg50,AMERICAN-WIRE-GAUGE
genreal,GENERAL
brthbl,BREATHABLE
perimtr,PERIMETER
sonora,SONORA
halogenated,HALOGENATED
linting,LINTING
lithim,LITHIUM
backhoe,BACKHOE
calibation,CALIBRATION
pera,PERA
thermstat,THERMOSTAT
wanted,WANTED
gerrard,GERRARD
pierc,PIERCE
integ,INTEGRATED
carpe,CARPET
solennoid,SOLENOID
punchdown,PUNCH-DOWN
notepads,NOTEPAD
conentrate,CONCENTRATE
hitorq,HIGH-TORQUE
beenies,BEANIE
battcharg,BATTERY-CHARGER
cntrctr,CONTRACTOR
steth,STETHOSCOPE
fastners,FASTENER
isopar,ISOPAR
audiovisual,AUDIOVISUAL
ridig,RIGID
aluminim,ALUMINUM
assisted,ASSISTED
lufki,LUFKIN
vertcl,VERTICAL
cutterr,CUTTER
mutlitest,MULTITEST
spacin,SPACING
scrwdrver,SCREWDRIVER
fluidmaster,FLUIDMASTER
colore,COLORED
behive,BEEHIVE
lubricates,LUBRICATES
assemblies,ASSEMBLY
anders,ANDERS
deoderizer,DEODORIZER
kitch,KITCHEN
waterborn,WATERBORNE
jalapeno,JALAPENO
chipboar,CHIPBOARD
polyurehane,POLYURETHANE
controllogix,CONTROLLOGIX
balston,BALSTON
recycable,RECYCLABLE
wasterbasket,WASTEBASKET
spirax,SPIRAX
adhesivebacked,ADHESIVE-BACKED
gunmtl,GUNMETAL
fluorosilicon,FLUOROSILICONE
outsd,OUTSIDE
canola,CANOLA
emblems,EMBLEMS
fabr,FABRIC
bulkhed,BULKHEAD
frieght,FREIGHT
signage,SIGNAGE
metrici,METRIC
inflating,INFLATING
disulphid,DISULPHIDE
hitorque,HIGH-TORQUE
no217,NUMBER
gutting,GUTTING
superfabric,SUPERFABRIC
rectangul,RECTANGULAR
detchble,DETACHABLE
alchohol,ALCOHOL
pushbotton,PUSHBUTTON
airlaid,AIRLAID
fittinging,FITTING
sidecutters,SIDE-CUTTER
hcksw,HACKSAW
envel,ENVELOPE
emergcy,EMERGENCY
submini,SUBMINIATURE
bottlecap,BOTTLE-CAP
elit,ELITE
lopressure,LOW-PRESSURE
antiscalant,ANTISCALANT
dector,DETECTOR
punchline,PUNCHLINE
concav,CONCAVE
oxidized,OXIDIZED
bstrd,BASTARD
oscilla,OSCILLATING
styles,STYLE
alcoholfree,ALCOHOL-FREE
chasers,CHASERS
greatneck,GREAT-NECK
bouffa,BOUFFANT
eyel,EYELET
cllpsbl,COLLAPSIBLE
din6334,DIN-STANDARD
wheelchair,WHEELCHAIR
parki,PARKING
intercepto,INTERCEPTOR
epipen,EPIPEN
no101,NUMBER
fininsh,FINISH
nonmagne,NON-MAGNETIC
nonsteri,NONSTERILE
interfc,INTERFACE
papertowel,PAPER-TOWEL
wraparounds,WRAP-AROUNDS
zigsaw,JIGSAW
electrogalv,ELECTROGALVANIZED
diamondplt,DIAMOND-PLATE
screwdrver,SCREWDRIVER
jaipur,JAIPUR
preston,PRESTON
awzall,SAWZALL
ansi4,ANSI-CLASS
guesset,GUSSET
staggered,STAGGERED
reverisible,REVERSIBLE
drawstr,DRAWSTRING
celeb,CELEB
fluoropolymer,FLUOROPOLYMER
sae56,SAE-SPECIFICATION
dics,DISCS
kills,KILLS
lubricat,LUBRICANT
diegrinder,DIE-GRINDER
nonmetalic,NONMETALLIC
toolhold,TOOLHOLDER
autolocking,AUTO-LOCKING
no316,NUMBER
acidcaustic,ACID-CAUSTIC
no293,NUMBER
designs,DESIGN
hrdw,HARDWARE
indvd,INDIVIDUAL
enclo,ENCLOSURE
bridles,BRIDLE
personalized,PERSONALIZED
ingersollrand,INGERSOLL-RAND
gorbel,GORBEL
flaggi,FLAGGING
nutdvr,NUT-DRIVER
cuttung,CUTTING
throwaw,THROWAWAY
xfmer,TRANSFORMER
harrison,HARRISON
fdr,FDR
nonthrd,NON-THREADED
knuckl,KNUCKLE
slugbuster,SLUG-BUSTER
brkrbar,BREAKER-BAR
retriver,RETRIEVER
paces,PACES
lags,LAGS
formaldehyd,FORMALDEHYDE
journeymn,JOURNEYMAN
connectot,CONNECTOR
neporene,NEOPRENE
yankauer,YANKAUER
badg,BADGE
cnstruction,CONSTRUCTION
boats,BOATS
preve,PREVENT
autoswit,AUTO-SWITCH
gonogo,GO/NO-GO
din127,DIN-STANDARD
esl,ESL
interflon,INTERFLON
shuttl,SHUTTLE
gussetted,GUSSETED
silicones,SILICON
racine,RACINE
responding,RESPONDING
spraygun,SPRAY-GUN
ethhernet,ETHERNET
carabiniers,CARABINER
velco,VELCRO
tungste,TUNGSTEN
clossure,CLOSURE
kobelco,KOBELCO
ipm,INCHES-PER-MINUTE
drlling,DRILLING
invis,INVISIBLE
biohaz,BIOHAZARD
hookitii,HOOKIT-II
crankcas,CRANKCASE
coors,COORS
lutch,CLUTCH
autostop,AUTO-STOP
antibackoff,ANTI-BACKOFF
transponder,TRANSPONDER
airbag,AIRBAG
ammoniated,AMMONIATED
durabilty,DURABILITY
clippedhea,CLIPPED-HEAD
dayglow,DAYGLO
foldr,FOLDER
prtect,PROTECT
no544,NUMBER
nonlocking,NON-LOCKING
startup,STARTUP
reductio,REDUCTION
drifts,DRIFT
enginee,ENGINEER
dna,DNA
polycrbonate,POLYCARBONATE
din2093,DIN-STANDARD
extinguishe,EXTINGUISHER
flarenu,FLARE-NUT
devi,DEVI
brushon,BRUSH-ON
allrechargeables,ALL-RECHARGEABLES
nema5,NEMA-RATING
electrostati,ELECTROSTATIC
replacea,REPLACEABLE
intrlck,INTERLOCK
uhmwp,UHMWPE
colorcoding,COLOR-CODING
moisturewicking,MOISTURE-WICKING
padlcock,PADLOCK
sheilds,SHIELD
nonven,NONVENTED
acfm,ACTUAL-CUBIC-FEET-PER-MINUTE
lexmar,LEXMARK
twezzers,TWEEZERS
enclosu,ENCLOSURE
explos,EXPLOSION
instrume,INSTRUMENT
liquide,LIQUID
battscharger,BATTERY-CHARGER
yanmar,YANMAR
encolsure,ENCLOSURE
deioni,DEIONIZED
elastikon,ELASTIKON
ratchetin,RATCHETING
hygeine,HYGIENE
headphones,HEADPHONE
fuseable,FUSIBLE
buckboost,BUCK-BOOST
gutlt,GAUNTLET
engravers,ENGRAVERS
baffl,BAFFLE
clorine,CHLORINE
cruved,CURVED
diphenhydramine,DIPHENHYDRAMINE
solenold,SOLENOID
keying,KEYING
polyphenylene,POLYPHENYLENE
tagging,TAGGING
elasticiz,ELASTICIZED
collecter,COLLECTOR
kompakt,COMPACT
megohms,MEGOHM
grining,GRINDING
faux,FAUX
noninsulate,NONINSULATED
onboard,ONBOARD
cllt,COLLET
strecth,STRETCH
strappng,STRAPPING
cinci,CINCINNATI
awg20,AMERICAN-WIRE-GAUGE
sytrene,STYRENE
dkgrn,DARK-GREEN
disinfected,DISINFECTED
dampers,DAMPERS
osciallating,OSCILLATING
bettis,BETTIS
goofoff,GOOF-OFF
sparco,SPARCO
precisi,PRECISION
degrsr,DEGREASER
skelton,SKELTON
benze,BENZENE
staniless,STAINLESS
buddies,BUDDIES
aanular,ANNULAR
odors,ODOR
alphanumeric,ALPHANUMERIC
watersoluble,WATER-SOLUBLE
postitnote,POST-IT-NOTE
eras,ERAS
nonmetllic,NONMETALLIC
hoddie,HOODIE
cyanid,CYANIDE
kuriyama,KURIYAMA
glt,GLT
awg18,AMERICAN-WIRE-GAUGE
awg13,AMERICAN-WIRE-GAUGE
perbunan,PERBUNAN
positn,POSITION
waves,WAVES
vehic,VEHICLE
thrufeed,THRU-FEED
preinsulated,PREINSULATED
remarks,REMARKS
signed,SIGNED
ratcet,RATCHET
hydrocarbone,HYDROCARBON
acrylicpoly,ACRYLIC-POLY
presaturate,PRESATURATED
clinchnut,CLINCH-NUT
battchanger,BATTERY-CHANGER
chisl,CHISEL
chargers,CHARGER
manifol,MANIFOLD
ellip,ELLIPSE
ferrazshawmut,FERRAZ-SHAWMUT
refrigernt,REFRIGERANT
beloit,BELOIT
no114,NUMBER
funiroyal,UNIROYAL
banners,BANNER
stemco,STEMCO
no500,NUMBER
nonhalogen,NON-HALOGEN
spouts,SPOUTS
rathchet,RATCHET
dressng,DRESSING
crossbrac,CROSS-BRACE
complie,COMPLIES
solderin,SOLDERING
tubula,TUBULAR
packers,PACKERS
catheters,CATHETERS
hdlp,HEADLAMP
encls,ENCLOSURE
bndsw,BAND-SAW
nonsprk,NONSPARKING
glvnizd,GALVANIZED
polywater,POLYWATER
neles,NELES
brackeet,BRACKET
antibacteril,ANTIBACTERIAL
nonstk,NONSTICK
ectrical,ELECTRICAL
camoflage,CAMOUFLAGE
aerators,AERATORS
soluable,SOLUBLE
dishwas,DISHWASHER
secutiry,SECURITY
ali,ALI
dispsble,DISPOSABLE
recesse,RECESSED
homeline,HOMELINE
cchannel,C-CHANNEL
ssh,SSH
conventnal,CONVENTIONAL
hardboard,HARDBOARD
clpbrd,CLIPBOARD
hydrcrbn,HYDROCARBON
polyethyleln,POLYETHYLENE
resat,RESAT
batcharger,BATTERY-CHARGER
frctn,FRICTION
scothbrite,SCOTCH-BRITE
polyethelen,POLYETHYLENE
ryton,RYTON
engines,ENGINE
classics,CLASSIC
chrslr,CHRYSLER
leukoplast,LEUKOPLAST
cfcfree,CFC-FREE
tennessee,TENNESSEE
titans,TITANS
pilotlight,PILOT-LIGHT
clysol,LYSOL
everbilt,EVERBILT
earpl,EARPLUG
markng,MARKING
meidum,MEDIUM
cobolt,COBALT
personnell,PERSONNEL
bds,BDS
sumitomo,SUMITOMO
laminatin,LAMINATING
adhessive,ADHESIVE
cubriton,CUBITRON
elctrial,ELECTRICAL
knuc,KNUCKLE
softsoap,SOFTSOAP
cuttining,CUTTING
gearwrenc,GEARWRENCH
triathlon,TRIATHLON
means,MEANS
consturction,CONSTRUCTION
gardnerdenver,GARDNER-DENVER
peng,PENG
scew,SCREW
pci,PCI
dblebraid,DOUBLE-BRAID
hanes,HANES
sanitz,SANITIZE
encapsulatin,ENCAPSULATING
ballvlv,BALL-VALVE
performnce,PERFORMANCE
pressurizatio,PRESSURIZATION
awg9,AMERICAN-WIRE-GAUGE
magnt,MAGNET
wobbl,WOBBLE
quitting,QUITTING
compressors,COMPRESSOR
retaing,RETAINING
chmcl,CHEMICAL
adaper,ADAPTER
boroscope,BORESCOPE
alulmnm,ALUMINUM
diiamond,DIAMOND
holehawg,HOLE-HAWG
deoderant,DEODORANT
malleableiron,MALLEABLE-IRON
magntic,MAGNETIC
seymou,SEYMOUR
planning,PLANNING
sweetner,SWEETENER
replaceab,REPLACEABLE
autoclavable,AUTOCLAVABLE
chuckless,CHUCKLESS
flakes,FLAKES
aerosal,AEROSOL
icc,ICC
din965,DIN-STANDARD
no115,NUMBER
exhst,EXHAUST
loitering,LOITERING
immoblilizer,IMMOBILIZER
no225,NUMBER
covrall,COVERALL
cariage,CARRIAGE
mtbe,METHYL-TERT-BUTYL-ETHER
thermoformed,THERMOFORMED
anitstatic,ANTISTATIC
multius,MULTIUSE
tonguegrove,TONGUE-GROOVE
freefall,FREE-FALL
nonremv,NON-REMOVABLE
drvin,DRIVING
silasti,SILASTIC
releasabl,RELEASABLE
polyethlyne,POLYETHYLENE
beartrap,BEAR-TRAP
weathr,WEATHER
fluore,FLUORESCENT
adapterpunch,ADAPTER-PUNCH
monofilment,MONOFILAMENT
antitwist,ANTI-TWIST
cubitainer,CUBITAINER
fronts,FRONTS
overszd,OVERSIZED
garrett,GARRETT
ipad,IPAD
pfas,PER--AND-POLYFLUOROALKYL-SUBSTANCES
potabl,POTABLE
ratheting,RATCHETING
randm,RANDOM
hrc15,ROCKWELL-C-HARDNESS
cordur,CORDURA
lithm,LITHIUM
roo,ROO
phen,PHENOLIC
rubbercovered,RUBBER-COVERED
fabic,FABRIC
gounded,GROUNDED
citting,CUTTING
hyperther,HYPERTHERM
britian,BRITAIN
asphalttar,ASPHALT-TAR
heatcraft,HEATCRAFT
interchan,INTERCHANGEABLE
plexiglas,PLEXIGLAS
horizont,HORIZONTAL
coupllin,COUPLING
p99,NIOSH-FILTER-CLASS
pullstud,PULL-STUD
figur,FIGURE
turbocharge,TURBOCHARGE
nyon,NYLON
beairng,BEARING
deskto,DESKTOP
respirtr,RESPIRATOR
plyester,POLYESTER
briefca,BRIEFCASE
corbin,CORBIN
highoutput,HIGH-OUTPUT
cabiner,CABINET
barrelbolt,BARREL-BOLT
dribver,DRIVER
louisville,LOUISVILLE
irons,IRONS
kalamazoo,KALAMAZOO
brzd,BRAZED
sterilite,STERILITE
bifocl,BIFOCAL
sweatban,SWEATBAND
fitiing,FITTING
defens,DEFENSE
primeline,PRIME-LINE
stipper,STRIPPER
lghtwt,LIGHTWEIGHT
draglink,DRAG-LINK
cartisian,CARTESIAN
oakite,OAKITE
gumout,GUMOUT
cyln,CYLINDER
electropl,ELECTROPLATED
impactin,IMPACTING
juneau,JUNEAU
vulcanized,VULCANIZED
unlind,UNLINED
hrc10,ROCKWELL-C-HARDNESS
brooklyn,BROOKLYN
gearbx,GEARBOX
hrc12,ROCKWELL-C-HARDNESS
dpth,DEPTH
handoperated,HAND-OPERATED
chloroben,CHLOROBENZENE
mich,MICH
repositionabl,REPOSITIONABLE
defused,DIFFUSED
inuslated,INSULATED
icepick,ICEPICK
suggests,SUGGESTS
wizards,WIZARDS
cmprtmnt,COMPARTMENT
detctor,DETECTOR
shov,SHOVEL
rechg,RECHARGE
korea,KOREA
zit,ZIT
bandaged,BANDAGED
gause,GAUZE
bearingshaft,BEARING-SHAFT
ul12,UL-STANDARD
ferrari,FERRARI
alumnum,ALUMINUM
visr,VISOR
exaust,EXHAUST
reflctive,REFLECTIVE
gasohol,GASOHOL
fighte,FIGHTER
weldcraf,WELDCRAFT
recepetacle,RECEPTACLE
selfretractin,SELF-RETRACTING
powdrd,POWDERED
bacteri,BACTERIA
braket,BRACKET
groundhog,GROUNDHOG
antihist,ANTIHISTAMINE
exch,EXCH
hrdwd,HARDWOOD
cirtus,CITRUS
stirrers,STIRRERS
unilets,UNILET
lubes,LUBES
compresssion,COMPRESSION
ectrician,ELECTRICIAN
mesure,MEASURE
byte,BYTE
liebherr,LIEBHERR
armstong,ARMSTRONG
microburst,MICROBURST
extentio,EXTENSION
no212,NUMBER
handcleaner,HAND-CLEANER
rachetin,RATCHETING
exchangable,EXCHANGEABLE
diisoyanate,DIISOCYANATE
blowmold,BLOW-MOLD
concr,CONCRETE
certfied,CERTIFIED
vltge,VOLTAGE
hvduty,HEAVY-DUTY
autodark,AUTO-DARK
repairble,REPAIRABLE
eyelt,EYELET
comprsn,COMPRESSION
locations,LOCATIONS
thorogoo,THOROGOOD
hndsaw,HANDSAW
arrestors,ARRESTORS
sealin,SEALING
ceram,CERAM
compstble,COMPOSTABLE
colord,COLORED
grippr,GRIPPER
notepad,NOTEPAD
encod,ENCODER
polyether,POLYETHER
twistlocking,TWIST-LOCKING
exproof,EXPLOSION-PROOF
knckout,KNOCKOUT
expressions,EXPRESSIONS
dspbl,DISPOSABLE
hoffamn,HOFFMAN
diaphra,DIAPHRAGM
shippin,SHIPPING
toothbrsh,TOOTHBRUSH
wtrtite,WATERTIGHT
seimens,SIEMENS
selflaminate,SELF-LAMINATING
dishwashin,DISHWASHING
sanitiz,SANITIZER
assortments,ASSORTMENT
connct,CONNECT
dryfall,DRY-FALL
aviall,AVIALL
telemec,TELEMECANIQUE
meyers,MEYERS
carabner,CARABINER
patriots,PATRIOTS
remington,REMINGTON
packi,PACKING
destroyers,DESTROYERS
miniatu,MINIATURE
cuting,CUTTING
detecable,DETECTABLE
kane,KANE
fluxcored,FLUX-CORED
coldrolled,COLD-ROLLED
polyeseter,POLYESTER
forc,FORCE
funct,FUNCTION
retreival,RETRIEVAL
speedgl,SPEEDGLAS
hpv,HPV
guidelines,GUIDELINES
awg16,AMERICAN-WIRE-GAUGE
cameron,CAMERON
highperfo,HIGH-PERFORMANCE
autoretracting,AUTO-RETRACTING
nuetralize,NEUTRALIZE
nonslot,NON-SLOTTED
airtool,AIR-TOOL
kneelength,KNEE-LENGTH
asmby,ASSEMBLY
lgnth,LENGTH
refinishing,REFINISHING
debra,DEBRA
houseing,HOUSING
contaminated,CONTAMINATED
drmel,DREMEL
jackstand,JACK-STAND
clevs,CLEVIS
flashng,FLASHING
chisels,CHISEL
carburizing,CARBURIZING
groups,GROUPS
unprinte,UNPRINTED
sherwin,SHERWIN
recognized,RECOGNIZED
mountin,MOUNTING
fabricators,FABRICATORS
disconnct,DISCONNECT
no201,NUMBER
pavemen,PAVEMENT
durabil,DURABILITY
elecrician,ELECTRICIAN
flatfold,FLAT-FOLD
hypoallergenic,HYPOALLERGENIC
specifi,SPECIFIC
pendaflex,PENDAFLEX
oversiz,OVERSIZE
valtek,VALTEK
compnent,COMPONENT
berring,BEARING
corldess,CORDLESS
awm,APPLIANCE-WIRING-MATERIAL
wlding,WELDING
zerex,ZEREX
shite,SHITE
useable,USABLE
evaluator,EVALUATOR
balzers,BALZERS
joini,JOINING
colson,COLSON
dryice,DRY-ICE
thermoid,THERMOID
iso20,ISO-STANDARD
hcfc,HYDROCHLOROFLUOROCARBON
bastrd,BASTARD
weapons,WEAPONS
hospeco,HOSPECO
selfadjusti,SELF-ADJUSTING
mtric,METRIC
highlighters,HIGHLIGHTER
duse,DUSE
prepreg,PRE-PREG
rustveto,RUST-VETO
displays,DISPLAY
natual,NATURAL
transduce,TRANSDUCER
jobsi,JOBSITE
trackers,TRACKERS
electodes,ELECTRODE
pushbu,PUSHBUTTON
oakland,OAKLAND
incandesent,INCANDESCENT
cortland,CORTLAND
wreckng,WRECKING
lightng,LIGHTING
raiders,RAIDERS
barreir,BARRIER
sae20,SAE-SPECIFICATION
curtan,CURTAIN
applctr,APPLICATOR
portabel,PORTABLE
righthand,RIGHT-HAND
identific,IDENTIFICATION
refillabl,REFILLABLE
gringer,GRINDER
greaseresistant,GREASE-RESISTANT
allnatural,ALL-NATURAL
chrger,CHARGER
indictr,INDICATOR
cleanroo,CLEANROOM
numeric,NUMERIC
oscillated,OSCILLATED
scotchguard,SCOTCHGARD
cylnd,CYLINDER
heavywt,HEAVYWEIGHT
jibs,JIBS
alumnmm,ALUMINUM
nailed,NAILED
alumized,ALUMINIZED
heatres,HEAT-RESISTANT
dwt,DWT
crushproof,CRUSH-PROOF
hammerdr,HAMMER-DRILL
caffold,SCAFFOLD
domes,DOMES
crdless,CORDLESS
gorete,GORE-TEX
aborber,ABSORBER
butterf,BUTTERFLY
walls,WALLS
deflctn,DEFLECTION
recyclabl,RECYCLABLE
liquidproof,LIQUID-PROOF
belray,BEL-RAY
fha,FHA
plumbe,PLUMBER
sandbags,SANDBAGS
displ,DISPLAY
oxweld,OXWELD
carballoy,CARBALLOY
prefilt,PREFILTER
mulitprocess,MULTIPROCESS
nuttrunner,NUTRUNNER
cupbrush,CUP-BRUSH
desoldr,DESOLDER
clssroom,CLASSROOM
xceli,XCELITE
shippng,SHIPPING
hexion,HEXION
ironoxid,IRON-OXIDE
polystyren,POLYSTYRENE
witchita,WICHITA
dissolvd,DISSOLVED
tetrahydrofuran,TETRAHYDROFURAN
calibtrat,CALIBRATE
carbidemasonary,CARBIDE-MASONRY
styren,STYRENE
eucalyp,EUCALYPTUS
mcron,MICRON
robt,ROBT
finsh,FINISH
haydraulic,HYDRAULIC
no331,NUMBER
outdoo,OUTDOOR
exofitxp,EXOFIT-XP
trimaco,TRIMACO
conveyers,CONVEYOR
galvanizedsteel,GALVANIZED-STEEL
roughne,ROUGHNESS
dextrity,DEXTERITY
baske,BASKET
daishowa,DAISHOWA
activating,ACTIVATING
awg7,AMERICAN-WIRE-GAUGE
jcloth,J-CLOTH
flrescent,FLUORESCENT
womn,WOMEN
roughnec,ROUGHNECK
insulative,INSULATIVE
doses,DOSES
stanl,STANLEY
rplmnt,REPLACEMENT
unslotte,UNSLOTTED
volumne,VOLUME
containing,CONTAINING
bushig,BUSHING
headgea,HEADGEAR
anglhd,ANGLE-HEAD
sheared,SHEARED
degreser,DEGREASER
chipbre,CHIPBREAKER
opertd,OPERATED
clearvision,CLEAR-VISION
callout,CALL-OUT
santizing,SANITIZING
altivar,ALTIVAR
washcloths,WASHCLOTHS
no218,NUMBER
pianohinge,PIANO-HINGE
strainers,STRAINER
no326,NUMBER
converti,CONVERTIBLE
antfog,ANTI-FOG
enama,ENAMEL
niagar,NIAGARA
linksys,LINKSYS
using,USING
yelow,YELLOW
carmex,CARMEX
fauce,FAUCET
twinpack,TWIN-PACK
mouldable,MOULDABLE
doubleside,DOUBLE-SIDED
buttefly,BUTTERFLY
receptale,RECEPTACLE
renewabl,RENEWABLE
headlam,HEADLAMP
clinder,CYLINDER
bbb,BBB
flab,FLAB
prestretched,PRESTRETCHED
chewing,CHEWING
scars,SCARS
hexago,HEXAGON
punchers,PUNCHERS
helme,HELMET
baits,BAITS
loprofile,LOW-PROFILE
lthium,LITHIUM
pushbutto,PUSHBUTTON
elctronic,ELECTRONIC
prfct,PERFECT
arrestr,ARRESTER
asarco,ASARCO
arosl,AEROSOL
insulatn,INSULATION
rivot,RIVET
recirc,RECIRCULATING
strongbolt,STRONG-BOLT
temposonics,TEMPOSONICS
cluth,CLUTCH
bayonette,BAYONET
clix,CLIX
nonfusable,NON-FUSIBLE
prongs,PRONGS
santizer,SANITIZER
handpump,HAND-PUMP
sherwood,SHERWOOD
segmen,SEGMENT
calgon,CALGON
amvil,ANVIL
jer,JER
shellmill,SHELL-MILL
comealong,COME-ALONG
invisable,INVISIBLE
pushbt,PUSHBUTTON
assrtd,ASSORTED
methylalchol,METHYL-ALCOHOL
no172,NUMBER
slr,SLR
conudit,CONDUIT
lang,LANG
ammoniamethylamine,AMMONIA-METHYLAMINE
endcap,END-CAP
flaggd,FLAGGED
resprator,RESPIRATOR
merck,MERCK
channl,CHANNEL
headbands,HEADBAND
insultion,INSULATION
injectors,INJECTOR
dryfilm,DRY-FILM
din7380,DIN-STANDARD
lubircant,LUBRICANT
lubricnt,LUBRICANT
bopper,BOPPER
airfile,AIR-FILE
nitroethane,NITROETHANE
productio,PRODUCTION
colth,CLOTH
resilent,RESILIENT
tensil,TENSILE
displayport,DISPLAYPORT
polysulfide,POLYSULFIDE
mapal,MAPAL
chkng,CHECKING
copeland,COPELAND
analyis,ANALYSIS
din6880,DIN-STANDARD
arburg,ARBURG
cyldrical,CYLINDRICAL
reflectvie,REFLECTIVE
scratchresist,SCRATCH-RESISTANT
emf,EMF
strande,STRANDED
talcfree,TALC-FREE
inspectn,INSPECTION
elemt,ELEMENT
petrocan,PETRO-CANADA
luminum,ALUMINUM
wireles,WIRELESS
fibreglas,FIBERGLASS
lwshr,LOCK-WASHER
biohazardous,BIOHAZARDOUS
clippers,CLIPPERS
gearwr,GEARWRENCH
retracts,RETRACT
couduit,CONDUIT
eficient,EFFICIENT
regultr,REGULATOR
huntington,HUNTINGTON
groundng,GROUNDING
apiezion,APIEZON
commrcial,COMMERCIAL
combinatin,COMBINATION
joiint,JOINT
ratched,RATCHET
cntrdrill,CENTER-DRILL
interfeace,INTERFACE
barrle,BARREL
temrinal,TERMINAL
ambitex,AMBITEX
selfgripping,SELF-GRIPPING
wetodry,WETORDRY
blowe,BLOWER
manif,MANIFOLD
altenator,ALTERNATOR
schrade,SCHRADE
awg12,AMERICAN-WIRE-GAUGE
maps,MAPS
nonmetlic,NONMETALLIC
falshlight,FLASHLIGHT
photochrom,PHOTOCHROMIC
floorin,FLOORING
din12,DIN-STANDARD
adustable,ADJUSTABLE
srench,WRENCH
guid,GUIDE
fiberglss,FIBERGLASS
antiscrtch,ANTI-SCRATCH
galvanaized,GALVANIZED
acuator,ACTUATOR
belimo,BELIMO
thumbwhl,THUMBWHEEL
autherized,AUTHORIZED
personell,PERSONNEL
selfstik,SELF-STICK
nonlubricated,NON-LUBRICATED
horizonta,HORIZONTAL
hardene,HARDENED
driivers,DRIVER
beburring,DEBURRING
plythyln,POLYETHYLENE
magswitch,MAGSWITCH
helnet,HELMET
assemblydisassembly,ASSEMBLY-DISASSEMBLY
tailpieces,TAIL-PIECES
bumpons,BUMPON
boz,BOZ
halfface,HALF-FACE
mcdonalds,MCDONALDS
bistable,BISTABLE
gaurd,GUARD
stensils,STENCIL
bondjumper,BOND-JUMPER
cntersnk,COUNTERSINK
areas,AREAS
hoff,HOFF
milwauki,MILWAUKEE
avioncs,AVIONICS
edlund,EDLUND
citristrip,CITRISTRIP
ballbearing,BALL-BEARING
no535,NUMBER
grinnel,GRINNELL
couples,COUPLES
primr,PRIMER
jacksonville,JACKSONVILLE
beani,BEANIE
extnguishe,EXTINGUISHER
rainsui,RAIN-SUIT
explo,EXPLOSION
dexcool,DEX-COOL
selfpriming,SELF-PRIMING
hazrdus,HAZARDOUS
fallarrest,FALL-ARREST
detrg,DETERGENT
alconox,ALCONOX
dkred,DARK-RED
bacou,BACOU
sulfric,SULFURIC
metripack,METRI-PACK
abestos,ASBESTOS
gearwren,GEARWRENCH
heavydu,HEAVY-DUTY
verthoriz,VERTICAL-HORIZONTAL
milspect,MILSPEC
astrobright,ASTROBRIGHTS
singleply,SINGLE-PLY
circl,CIRCLE
beltmounted,BELT-MOUNTED
cooks,COOKS
jugs,JUGS
sprckt,SPROCKET
barriere,BARRIER
snowblower,SNOWBLOWER
asbesto,ASBESTOS
fires,FIRES
halfrnd,HALF-ROUND
chincup,CHIN-CUP
litiumion,LITHIUM-ION
calibratn,CALIBRATION
buffi,BUFFING
dichloroethane,DICHLOROETHANE
rexnord,REXNORD
mcdonnell,MCDONNELL
accoustical,ACOUSTIC
lanyrd,LANYARD
advantech,ADVANTECH
bakclava,BALACLAVA
trizac,TRIZACT
bowlbrush,BOWL-BRUSH
fibremet,FIBRE-METAL
desterity,DEXTERITY
marino,MARINO
nozl,NOZZLE
pumped,PUMPED
oise,OISE
icel,ICEL
eartips,EAR-TIPS
magnectic,MAGNETIC
transmitt,TRANSMITTER
rubberma,RUBBERMAID
intergrated,INTEGRATED
tegadrem,TEGADERM
tablesaw,TABLE-SAW
maximu,MAXIMUM
cyclinde,CYLINDER
earplu,EARPLUG
figrglss,FIBERGLASS
progresive,PROGRESSIVE
energyabsorbing,ENERGY-ABSORBING
closur,CLOSURE
nonbreath,NONBREATHABLE
no300,NUMBER
ujoints,U-JOINT
offload,OFFLOAD
mortor,MOTOR
urthn,URETHANE
bleedoff,BLEED-OFF
idem,IDEM
nuetralizing,NEUTRALIZING
crates,CRATES
ventilatio,VENTILATION
intrinsi,INTRINSIC
kyrlon,KRYLON
leatherman,LEATHERMAN
sprayable,SPRAYABLE
royce,ROYCE
protctiv,PROTECTIVE
crnkcs,CRANKCASE
allison,ALLISON
crossbra,CROSS-BRACE
safewaze,SAFEWAZE
sweatshrt,SWEATSHIRT
itu,ITU
slottd,SLOTTED
diamondtipped,DIAMOND-TIPPED
nutrun,NUTRUNNER
installat,INSTALLATION
startr,STARTER
suctio,SUCTION
versatil,VERSATILE
simba,SIMBA
bskt,BASKET
cntrfgl,CENTRIFUGAL
uvresist,UV-RESISTANT
preventi,PREVENTION
motherboard,MOTHERBOARD
trasmitter,TRANSMITTER
dries,DRIES
defende,DEFENDER
triggers,TRIGGER
sytem,SYSTEM
prescriptions,PRESCRIPTIONS
turks,TURKS
maalox,MAALOX
purel,PURELL
children,CHILDREN
irrig,IRRIGATION
thicker,THICKER
chusel,CHISEL
cannons,CANNONS
nonmeta,NONMETALLIC
allwthr,ALL-WEATHER
backpanel,BACK-PANEL
urinals,URINAL
oils,OILS
leverg,LEVERAGE
no135,NUMBER
flushometers,FLUSHOMETER
honeywel,HONEYWELL
medwght,MEDIUM-WEIGHT
pltnum,PLATINUM
phones,PHONE
qorpak,QORPAK
techniques,TECHNIQUES
nev,NEV
gusse,GUSSET
preoxide,PEROXIDE
kyd,KYD
amplifer,AMPLIFIER
hankinson,HANKISON
internatinal,INTERNATIONAL
hydroxid,HYDROXIDE
detachab,DETACHABLE
repositionble,REPOSITIONABLE
btuh,BTU-PER-HOUR
retur,RETURN
dtchbl,DETACHABLE
emrgnc,EMERGENCY
dualsided,DUAL-SIDED
giants,GIANT
browns,BROWN
holst,HOLST
manip,MANIPULATOR
intrmdat,INTERMEDIATE
no200,NUMBER
whatman,WHATMAN
frogtape,FROGTAPE
convertibl,CONVERTIBLE
hombre,HOMBRE
sodiu,SODIUM
floatng,FLOATING
flexing,FLEXING
everlube,EVERLUBE
impacting,IMPACTING
reflections,REFLECTION
girls,GIRLS
antistati,ANTISTATIC
fixtr,FIXTURE
mattoc,MATTOCK
machscrw,MACHINE-SCREW
notrax,NOTRAX
presses,PRESSES
electrcn,ELECTRICIAN
adhesivecaulk,ADHESIVE-CAULK
bundled,BUNDLED
mitsub,MITSUBISHI
platinm,PLATINUM
dolan,DOLAN
mikrotik,MIKROTIK
sdi,SDI
vocab,VOCAB
flowserve,FLOWSERVE
gunnebo,GUNNEBO
jenner,JENNER
tensio,TENSION
a123,ASTM-SPECIFICATION
magnif,MAGNIFIER
no09,NUMBER
lifelines,LIFELINE
cassettes,CASSETTE
highviz,HIGH-VISIBILITY
bergman,BERGMAN
electronc,ELECTRONIC
scothweld,SCOTCH-WELD
bodywash,BODY-WASH
sentinal,SENTINEL
interlined,INTERLINED
din9,DIN-STANDARD
din6912,DIN-STANDARD
stlth,STEALTH
iso17025,ISO-STANDARD
cirlces,CIRCLE
cissors,SCISSORS
cntrol,CONTROL
mgnt,MAGNET
airknife,AIR-KNIFE
kennametl,KENNAMETAL
shockabsorbing,SHOCK-ABSORBING
compresor,COMPRESSOR
blowr,BLOWER
cartrige,CARTRIDGE
bttrfly,BUTTERFLY
sae72,SAE-SPECIFICATION
autodarken,AUTO-DARKEN
multiposition,MULTIPOSITION
nonrecha,NON-RECHARGEABLE
retractble,RETRACTABLE
dorner,DORNER
hawaii,HAWAII
pz1,POZIDRIV-DRIVER-SIZE
penetrates,PENETRATES
depresed,DEPRESSED
crdlss,CORDLESS
cylder,CYLINDER
crydom,CRYDOM
fluorocarbon,FLUOROCARBON
chs,CHS
mcro,MICRO
diagona,DIAGONAL
flents,FLENTS
debri,DEBRIS
recitfier,RECTIFIER
duckbilled,DUCK-BILLED
beenie,BEANIE
walkbehind,WALK-BEHIND
eastwood,EASTWOOD
highpress,HIGH-PRESSURE
injectr,INJECTOR
reversaible,REVERSIBLE
tradesmn,TRADESMAN
raleigh,RALEIGH
pickled,PICKLED
phillp,PHILLIPS
singleus,SINGLE-USE
dowfrost,DOWFROST
adjstmnt,ADJUSTMENT
como,COMO
prepack,PRE-PACK
innersoles,INNER-SOLES
asmbl,ASSEMBLY
plo,PLO
ultrapure,ULTRAPURE
loupes,LOUPES
stauff,STAUFF
pintl,PINTLE
dustmask,DUST-MASK
nonstreaking,NON-STREAKING
tob,TOB
openers,OPENERS
startin,STARTING
brke,BRAKE
evaporated,EVAPORATED
padlok,PADLOCK
floorstnd,FLOOR-STAND
linerboard,LINER-BOARD
compensated,COMPENSATED
bigfoo,BIGFOOT
coaches,COACHES
chests,CHEST
beltmtd,BELT-MOUNTED
recycld,RECYCLED
kershaw,KERSHAW
combinat,COMBINATION
drillin,DRILLING
electrn,ELECTRON
icemaker,ICE-MAKER
slde,SLIDE
mircrometer,MICROMETER
lquidtite,LIQUID-TIGHT
wafers,WAFER
contured,CONTOURED
shrpn,SHARPEN
measures,MEASURE
spills,SPILLS
stanless,STAINLESS
deglosser,DEGLOSSER
torches,TORCH
timesert,TIME-SERT
aceton,ACETONE
nuisanc,NUISANCE
swans,SWANS
thermocoupl,THERMOCOUPLE
oxygenacetylene,OXYGEN-ACETYLENE
cotterpin,COTTER-PIN
actuatorpin,ACTUATOR-PIN
nutsetr,NUT-SETTER
crnrs,CORNER
reciproating,RECIPROCATING
cakes,CAKES
paintr,PAINTER
barrior,BARRIER
permenant,PERMANENT
curtian,CURTAIN
selflub,SELF-LUBRICATING
thicknes,THICKNESS
magnfier,MAGNIFIER
blazed,BLAZED
tens,TENS
henri,HENRI
gylcerin,GLYCERIN
jonard,JONARD
illumina,ILLUMINATED
caulkng,CAULKING
prntr,PRINTER
antivandal,ANTI-VANDAL
solenid,SOLENOID
capactiy,CAPACITY
barsoap,BAR-SOAP
intermitant,INTERMITTENT
bostick,BOSTIK
isopropy,ISOPROPYL
spoils,SPOILS
communications,COMMUNICATIONS
thermomete,THERMOMETER
beamclam,BEAM-CLAMP
stephens,STEPHENS
faceshiel,FACE-SHIELD
pleatd,PLEATED
calciu,CALCIUM
frnch,FRENCH
kevler,KEVLAR
gradulated,GRADUATED
emergstop,EMERGENCY-STOP
reverisble,REVERSIBLE
entegris,ENTEGRIS
dschrg,DISCHARGE
en150,EN-STANDARD
efficincy,EFFICIENCY
antiperspirant,ANTIPERSPIRANT
smead,SMEAD
bateries,BATTERY
rebreather,REBREATHER
nebo,NEBO
cyinder,CYLINDER
duofast,DUO-FAST
walkin,WALKIN
aluminiz,ALUMINIZED
chemtronic,CHEMTRONICS
internationa,INTERNATIONAL
doublecoated,DOUBLE-COATED
revrsbl,REVERSIBLE
appleto,APPLETON
thiokol,THIOKOL
chiseling,CHISELING
povidoneiodine,POVIDONE-IODINE
corruga,CORRUGATED
staysilv,STAY-SILV
galvani,GALVANI
clnng,CLEANING
al2o3,ALUMINUM-OXIDE
groundg,GROUNDING
indexible,INDEXABLE
proximiy,PROXIMITY
bitadapter,BIT-ADAPTER
conderser,CONDENSER
awg17,AMERICAN-WIRE-GAUGE
comressor,COMPRESSOR
fischer,FISCHER
rayovac,RAYOVAC
flaggng,FLAGGING
effciency,EFFICIENCY
ajustable,ADJUSTABLE
nitirl,NITRILE
pups,PUPS
widescreen,WIDESCREEN
nonreflective,NON-REFLECTIVE
disenfectant,DISINFECTANT
speedball,SPEEDBALL
nickelpltd,NICKEL-PLATED
regrinding,REGRINDING
bycycle,BICYCLE
no304,NUMBER
uncoaated,UNCOATED
chlorde,CHLORIDE
passivator,PASSIVATOR
gring,GRINDING
heavyweihgt,HEAVYWEIGHT
din44750,DIN-STANDARD
gaite,GAITER
velocty,VELOCITY
computers,COMPUTER
foils,FOILS
semicon,SEMICONDUCTOR
polyisoprene,POLYISOPRENE
nitroge,NITROGEN
electroplatg,ELECTROPLATING
thc,THC
cleaing,CLEANING
ethylyene,ETHYLENE
crimpped,CRIMPED
halliburton,HALLIBURTON
gaurded,GUARDED
cadmiumplated,CADMIUM-PLATED
cannisters,CANISTER
torringtion,TORRINGTON
transprnt,TRANSPARENT
tidown,TIE-DOWN
chalkboard,CHALKBOARD
pepsi,PEPSI
encapsulati,ENCAPSULATING
forcedair,FORCED-AIR
pompom,POMPOM
fills,FILLS
commision,COMMISSION
typing,TYPING
rcpts,RECEPTACLE
knitte,KNITTED
belgium,BELGIUM
controlller,CONTROLLER
contnus,CONTINUOUS
attmnt,ATTACHMENT
tuckpoint,TUCK-POINT
conveyo,CONVEYOR
profes,PROFESSIONAL
condult,CONDUIT
pasload,PASLODE
supelco,SUPELCO
selflamin,SELF-LAMINATING
hexdr,HEX-DRIVE
tarrett,STARRETT
mittens,MITTENS
hirschman,HIRSCHMANN
alcotest,ALCOTEST
cardinals,CARDINALS
knive,KNIFE
bthrm,BATHROOM
blankt,BLANKET
heatresist,HEAT-RESISTANT
modulr,MODULAR
attchbl,ATTACHABLE
rs485,SERIAL-DATA-STANDARD
microfbr,MICROFIBER
fibreboard,FIBERBOARD
showers,SHOWER
lubricato,LUBRICATOR
antidrip,ANTI-DRIP
breakfst,BREAKFAST
gounding,GROUNDING
schrad,SCHRADER
polytetraflou,POLYTETRAFLUOROETHYLENE
testr,TESTER
dipstick,DIPSTICK
interchgble,INTERCHANGEABLE
spotdrill,SPOT-DRILL
rechgable,RECHARGEABLE
dsplay,DISPLAY
singleedge,SINGLE-EDGE
cnduit,CONDUIT
mallble,MALLEABLE
autoran,AUTORANGING
suspn,SUSPENSION
termnal,TERMINAL
adiprene,ADIPRENE
lquid,LIQUID
routers,ROUTER
flushes,FLUSHES
nuttsetter,NUT-SETTER
footval,FOOT-VALVE
highintensity,HIGH-INTENSITY
filletgauge,FILLET-GAUGE
outp,OUTPUT
capabiltiy,CAPABILITY
thimbl,THIMBLE
mme,MME
breker,BREAKER
externl,EXTERNAL
aligator,ALLIGATOR
wieght,WEIGHT
electorde,ELECTRODE
cutff,CUTOFF
assur,ASSUR
cntour,CONTOUR
plaxtic,PLASTIC
splitters,SPLITTER
ckw,CLOCKWISE
corrosi,CORROSION
intrisically,INTRINSICALLY
lithum,LITHIUM
penetrox,PENETROX
hzrdous,HAZARDOUS
renfrcd,REINFORCED
nondetergant,NON-DETERGENT
washdow,WASHDOWN
merged,MERGED
adesive,ADHESIVE
myla,MYLAR
srub,SCRUB
liguid,LIQUID
wirewhl,WIRE-WHEEL
hdtv,HDTV
devils,DEVILS
isoprop,ISOPROPYL
eyebol,EYEBOLT
horne,HORNE
clmb,CLIMB
no110,NUMBER
dismantling,DISMANTLING
deterent,DETERRENT
kitz,KITZ
brakt,BRACKET
weatherresist,WEATHER-RESISTANT
manufactu,MANUFACTURING
shatterpro,SHATTERPROOF
quickconn,QUICK-CONNECT
antibctrl,ANTIBACTERIAL
mcmastercarr,MCMASTER-CARR
nonreflctv,NON-REFLECTIVE
rivnuts,RIVNUT
webbin,WEBBING
luminaires,LUMINAIRES
fttin,FITTING
magnifiers,MAGNIFIER
fpc,FPC
selfcentering,SELF-CENTERING
no210,NUMBER
scrubb,SCRUBBER
denka,DENKA
catridge,CARTRIDGE
flexduct,FLEX-DUCT
reflct,REFLECT
firefighte,FIREFIGHTER
flatbed,FLATBED
distiled,DISTILLED
pnem,PNEUMATIC
bracketed,BRACKETED
truarc,TRUARC
brazd,BRAZED
assesmbly,ASSEMBLY
cowskn,COWSKIN
fingerlss,FINGERLESS
frostd,FROSTED
chemicals,CHEMICAL
geocel,GEOCEL
no99,NUMBER
wirless,WIRELESS
agfa,AGFA
replacemn,REPLACEMENT
provo,PROVO
connectino,CONNECTION
briaded,BRAIDED
printhead,PRINTHEAD
specified,SPECIFIED
manifo,MANIFOLD
ditigal,DIGITAL
doublepole,DOUBLE-POLE
turbojet,TURBOJET
pncil,PENCIL
slingmax,SLINGMAX
retainingring,RETAINING-RING
dimaond,DIAMOND
citrs,CITRUS
transdu,TRANSDUCER
chicaogo,CHICAGO
polypropelene,POLYPROPYLENE
thermosta,THERMOSTAT
vapors,VAPORS
moistur,MOISTURE
din1897,DIN-STANDARD
crawlers,CRAWLERS
protctn,PROTECTION
quicksteel,QUICKSTEEL
cherrymax,CHERRYMAX
nitirile,NITRILE
straping,STRAPPING
rearview,REAR-VIEW
cartrage,CARTRIDGE
din6325,DIN-STANDARD
comfortgrip,COMFORT-GRIP
plews,PLEWS
spndle,SPINDLE
staticide,STATICIDE
tackified,TACKIFIED
beairngs,BEARING
towlette,TOWELETTE
ovrll,OVERALL
slicers,SLICERS
nonsteril,NONSTERILE
flurosilicone,FLUOROSILICONE
petroli,PETROLEUM
chassie,CHASSIS
syntetic,SYNTHETIC
chipbrush,CHIP-BRUSH
ronsonol,RONSONOL
elects,ELECTS
clck,CLOCK
hangng,HANGING
alemit,ALEMITE
foamfast,FOAM-FAST
towelett,TOWELETTE
minnesota,MINNESOTA
vikings,VIKINGS
firesto,FIRESTOP
deustch,DEUTSCH
clarkson,CLARKSON
breakerbox,BREAKER-BOX
unloading,UNLOADING
prom,PROM
heats,HEATS
grovving,GROOVING
benadryl,BENADRYL
stilson,STILLSON
riga,RIGA
cognex,COGNEX
butterfl,BUTTERFLY
ariens,ARIENS
battcharger,BATTERY-CHARGER
decarb,DECARB
hitatchi,HITACHI
phosphat,PHOSPHATE
reinfcd,REINFORCED
mcdonald,MCDONALD
nitorgen,NITROGEN
customization,CUSTOMIZATION
machinst,MACHINIST
buffng,BUFFING
diamete,DIAMETER
acidcorrosive,ACID-CORROSIVE
nonrefill,NONREFILLABLE
lamont,LAMONT
peterson,PETERSON
inspecto,INSPECTOR
phosphors,PHOSPHORS
multpurpos,MULTIPURPOSE
dbld,DOUBLED
geneal,GENERAL
doublelayer,DOUBLE-LAYER
eyedrops,EYEDROPS
waterprrof,WATERPROOF
expres,EXPRESS
johnstone,JOHNSTONE
roebling,ROEBLING
stackabl,STACKABLE
dsply,DISPLAY
klien,KLEIN
permane,PERMANENT
seamls,SEAMLESS
dblecut,DOUBLE-CUT
rathet,RATCHET
m56,METRIC-SIZE-DESIGNATION
bimetla,BIMETAL
offices,OFFICES
readings,READINGS
selftapping,SELF-TAPPING
cautions,CAUTION
dualelem,DUAL-ELEMENT
instrum,INSTRUMENT
connectio,CONNECTION
hrc14,ROCKWELL-C-HARDNESS
indexab,INDEXABLE
alcoswitch,ALCOSWITCH
marshaltown,MARSHALLTOWN
telesc,TELESCOPING
rbi,RBI
crysolon,CRYSTOLON
earphoen,EARPHONE
lightwt,LIGHTWEIGHT
hazd,HAZARD
hubbel,HUBBELL
behindthehead,BEHIND-THE-HEAD
protractors,PROTRACTOR
insualted,INSULATED
stretchab,STRETCHABLE
buckls,BUCKLE
grizzl,GRIZZLY
shared,SHARED
industrl,INDUSTRIAL
ballpnt,BALLPOINT
brothers,BROTHERS
halocarbon,HALOCARBON
usu,USU
aristorod,ARISTOROD
decender,DESCENDER
directi,DIRECTION
selfloc,SELF-LOCKING
squgee,SQUEEGEE
dreill,DRILL
overheard,OVERHEARD
bankers,BANKERS
nonsolven,NONSOLVENT
ayon,RAYON
bolst,BOLSTER
detectab,DETECTABLE
multipl,MULTIPLE
scotchbrigh,SCOTCH-BRITE
amerock,AMEROCK
heavywei,HEAVYWEIGHT
arness,HARNESS
desco,DESCO
solub,SOLUBLE
centrigugal,CENTRIFUGAL
proformance,PERFORMANCE
temperat,TEMPERATURE
doublehead,DOUBLE-HEAD
invertr,INVERTER
niltrile,NITRILE
mildtl6000d,MIL-DTL-SPECIFICATION
roku,ROKU
tokyo,TOKYO
spunbound,SPUNBOND
cinching,CINCHING
adhexive,ADHESIVE
intercha,INTERCHANGEABLE
warehous,WAREHOUSE
shelby,SHELBY
celcius,CELSIUS
pitt,PITT
hydrants,HYDRANT
couterbore,COUNTERBORE
programing,PROGRAMMING
sulfu,SULFUR
combntion,COMBINATION
naproxen,NAPROXEN
forklif,FORKLIFT
microfibe,MICROFIBER
dustpans,DUSTPANS
ventialtion,VENTILATION
exair,EXAIR
airvalve,AIR-VALVE
coverplates,COVER-PLATE
retentionkno,RETENTION-KNOB
booths,BOOTHS
scotchlock,SCOTCHLOK
aspberry,RASPBERRY
hardcover,HARDCOVER
instalation,INSTALLATION
magnaflux,MAGNAFLUX
transmis,TRANSMISSION
cclip,C-CLIP
sphericl,SPHERICAL
hardhats,HARD-HAT
tongu,TONGUE
feltip,FELT-TIP
rangefinder,RANGEFINDER
flngd,FLANGED
extras,EXTRA
pushb,PUSHBUTTON
histrengh,HIGH-STRENGTH
tampa,TAMPA
pwer,POWER
worklights,WORK-LIGHTS
balaclavas,BALACLAVA
heatsealed,HEAT-SEALED
carbidetipped,CARBIDE-TIPPED
chook,CHOOK
honimg,HONING
inersoll,INGERSOLL
scrwdrr,SCREWDRIVER
diamter,DIAMETER
prohibited,PROHIBITED
atals,ATLAS
linneman,LINEMAN
nonretractable,NON-RETRACTABLE
hrh,HRH
nevrdull,NEVER-DULL
hardfacing,HARD-FACING
scrdvr,SCREWDRIVER
selflaminat,SELF-LAMINATING
eletrical,ELECTRICAL
natio,NATIONAL
antijam,ANTI-JAM
chemtool,CHEMTOOL
no850,NUMBER
ions,IONS
detex,DETEX
cellosolve,CELLOSOLVE
webb,WEBB
balacla,BALACLAVA
modifie,MODIFIED
rarus,RARUS
jewlers,JEWELER
performace,PERFORMANCE
polsh,POLISH
bearcat,BEARCAT
magnetc,MAGNETIC
jcb,JCB
asl,ASL
deadband,DEAD-BAND
silkscreen,SILKSCREEN
floorstand,FLOOR-STAND
sctchgard,SCOTCHGARD
nirtrile,NITRILE
brker,BREAKER
drilldrver,DRILL-DRIVER
convayer,CONVEYOR
chaine,CHAIN
frp,FIBERGLASS-REINFORCED-PLASTIC
suct,SUCTION
rainpants,RAIN-PANTS
regulr,REGULAR
strippable,STRIPPABLE
autmtv,AUTOMOTIVE
birdge,BRIDGE
aircoil,AIR-COIL
liquinox,LIQUINOX
piers,PIERS
armorseal,ARMORSEAL
cannistr,CANISTER
scewdrvr,SCREWDRIVER
disposabel,DISPOSABLE
sql,SQL
twstr,TWISTER
standared,STANDARD
schwartz,SCHWARTZ
respitator,RESPIRATOR
esters,ESTERS
modacry,MODACRYLIC
georga,GEORGIA
serviced,SERVICED
catpillr,CATERPILLAR
stretcha,STRETCHABLE
backboar,BACKBOARD
reduci,REDUCING
extenders,EXTENDER
undercounter,UNDER-COUNTER
conection,CONNECTION
precau,PRECAUTION
custome,CUSTOMER
laval,LAVAL
buttton,BUTTON
engravd,ENGRAVED
dlimonene,D-LIMONENE
braded,BRAIDED
bladeless,BLADELESS
leuze,LEUZE
preparition,PREPARATION
dualended,DUAL-ENDED
lifte,LIFTER
frction,FRICTION
blistex,BLISTEX
magnetrol,MAGNETROL
antibbacterial,ANTIBACTERIAL
camoflauge,CAMOUFLAGE
eau,EAU
siloxane,SILOXANE
sealall,SEAL-ALL
utillity,UTILITY
annelled,ANNEALED
pawls,PAWLS
wtrres,WATER-RESISTANT
turtlenec,TURTLENECK
offers,OFFERS
philidelphia,PHILADELPHIA
eagles,EAGLES
dampin,DAMPING
jiffylite,JIFFYLITE
singlesided,SINGLE-SIDED
nzl,NOZZLE
whirlpak,WHIRL-PAK
sampled,SAMPLED
rubberizd,RUBBERIZED
gridner,GRINDER
peening,PEENING
evacuated,EVACUATED
soder,SOLDER
fisrt,FIRST
ozium,OZIUM
towl,TOWEL
no112,NUMBER
antiscrat,ANTI-SCRATCH
adams,ADAMS
scrwdriver,SCREWDRIVER
tiewire,TIE-WIRE
standad,STANDARD
lozeng,LOZENGE
axail,AXIAL
bilevel,BI-LEVEL
atachment,ATTACHMENT
tubulr,TUBULAR
antibacte,ANTIBACTERIAL
enhancing,ENHANCING
eclips,ECLIPSE
barricading,BARRICADING
matrial,MATERIAL
manifld,MANIFOLD
proxmity,PROXIMITY
dogbone,DOG-BONE
filam,FILAMENT
demoliti,DEMOLITION
makit,MAKITA
canula,CANULA
lestoil,LESTOIL
heari,HEARING
lucalox,LUCALOX
redskins,REDSKINS
wirebrus,WIRE-BRUSH
oleum,OLEUM
variabl,VARIABLE
sorbant,SORBENT
recitifier,RECTIFIER
insulatr,INSULATOR
mugs,MUGS
recyclepak,RECYCLEPAK
bytes,BYTE
mechanized,MECHANIZED
plexigl,PLEXIGLAS
sheetng,SHEETING
ultralit,ULTRALIGHT
erected,ERECTED
utlility,UTILITY
autoclamps,AUTO-CLAMPS
togo,TOGO
jacking,JACKING
handsanitizer,HAND-SANITIZER
cuttg,CUTTING
no390,NUMBER
perfec,PERFECT
archives,ARCHIVES
debs,DEBS
loctitie,LOCTITE
lightweigth,LIGHTWEIGHT
workholder,WORKHOLDER
redlithi,REDLITHIUM
groudning,GROUNDING
cartn,CARTON
fishnet,FISHNET
printe,PRINTER
antislide,ANTI-SLIDE
actuatoradjustable,ACTUATOR-ADJUSTABLE
grover,GROVER
resharp,RESHARPEN
barnum,BARNUM
lipton,LIPTON
fusbile,FUSIBLE
adhesiveapplicator,ADHESIVE-APPLICATOR
strippin,STRIPPING
plungr,PLUNGER
battchgr,BATTERY-CHARGER
victauli,VICTAULIC
spotweld,SPOT-WELD
deteached,DETACHED
wypeall,WYPALL
foldin,FOLDING
pz2,POZIDRIV-DRIVER-SIZE
nitrog,NITROGEN
rubberiz,RUBBERIZED
lokout,LOCKOUT
mounti,MOUNTING
mex,MEX
stnchion,STANCHION
woodsplitting,WOOD-SPLITTING
isca,ISCAR
chambers,CHAMBER
fluk,FLUKE
vibratin,VIBRATING
pitbull,PITBULL
unions,UNIONS
sodick,SODICK
no222,NUMBER
elctric,ELECTRIC
benadryle,BENADRYL
paddl,PADDLE
slotd,SLOTTED
embossable,EMBOSSABLE
amonia,AMMONIA
tygothane,TYGOTHANE
resporator,RESPIRATOR
debrrng,DEBURRING
tradesmen,TRADESMEN
chrgbl,CHARGEABLE
selfcenter,SELF-CENTERING
identifi,IDENTIFICATION
circles,CIRCLE
hydrocortison,HYDROCORTISONE
briefcase,BRIEFCASE
outershield,OUTERSHIELD
glases,GLASSES
botl,BOTTLE
vents,VENTS
rims,RIMS
diisocyanates,DIISOCYANATE
genprp,GENERAL-PURPOSE
masonsry,MASONRY
dichromte,DICHROMATE
detctbl,DETECTABLE
isp,ISP
fritted,FRITTED
anular,ANNULAR
deburrrin,DEBURRING
droid,DROID
dirctionl,DIRECTIONAL
clycerine,GLYCERIN
haldex,HALDEX
chargin,CHARGING
thermost,THERMOSTAT
fca,FCA
sollenoid,SOLENOID
closin,CLOSING
seagull,SEAGULL
elbws,ELBOW
tipp,TIPPED
assmbld,ASSEMBLED
antifoamdefoamer,ANTIFOAM-DEFOAMER
jackso,JACKSON
verified,VERIFIED
forstnr,FORSTNER
no516,NUMBER
duable,DURABLE
magifier,MAGNIFIER
unicode,UNICODE
reelcraf,REELCRAFT
nonremovable,NON-REMOVABLE
viii,VIII
cleanrom,CLEANROOM
dowtherm,DOWTHERM
deburri,DEBURRING
bridl,BRIDLE
niple,NIPPLE
irs,IRS
hanldle,HANDLE
craddle,CRADLE
syntc,SYNTHETIC
demag,DEMAG
fendal,FENDALL
chaindrive,CHAIN-DRIVE
sofpull,SOFPULL
drywl,DRYWALL
stahl,STAHL
claybar,CLAY-BAR
jumbeo,JUMBO
dripfree,DRIP-FREE
snglphase,SINGLE-PHASE
hexnippl,HEX-NIPPLE
bodyside,BODY-SIDE
resealabe,RESEALABLE
huber,HUBER
penlit,PENLIGHT
extensoin,EXTENSION
heatshield,HEAT-SHIELD
placing,PLACING
connects,CONNECT
thermopla,THERMOPLASTIC
tonnes,TONNE
eyenut,EYE-NUT
perlon,PERLON
batterybackup,BATTERY-BACKUP
braidin,BRAIDING
okuma,OKUMA
calibrton,CALIBRATION
hacksw,HACKSAW
gearench,GEARENCH
repairmen,REPAIRMEN
fittest,FITTEST
armrd,ARMORED
antistatc,ANTISTATIC
pullchain,PULL-CHAIN
sawsall,SAWZALL
polycarbona,POLYCARBONATE
precisio,PRECISION
fragranced,FRAGRANCED
inspction,INSPECTION
quikchg,QUICK-CHANGE
astomeric,ELASTOMERIC
kidski,KIDSKIN
nonchlorinat,NON-CHLORINATED
nonaerosl,NON-AEROSOL
connctrs,CONNECTOR
dillon,DILLON
spoked,SPOKED
eflon,TEFLON
highbay,HIGH-BAY
blenders,BLENDERS
overlaminates,OVER-LAMINATE
ballendmill,BALL-END-MILL
poprivet,POP-RIVET
admin,ADMIN
dischge,DISCHARGE
belden,BELDEN
razorblade,RAZOR-BLADE
hanover,HANOVER
snaphk,SNAP-HOOK
adjustbl,ADJUSTABLE
bashlin,BASHLIN
cabint,CABINET
minwax,MINWAX
electrc,ELECTRIC
wetdr,WET-DRY
nuisnce,NUISANCE
wthrproof,WEATHERPROOF
automotv,AUTOMOTIVE
cabel,CABLE
barstock,BAR-STOCK
extnl,EXTERNAL
bondus,BONDHUS
casebound,CASEBOUND
lithuim,LITHIUM
anitvib,ANTI-VIBRATION
mints,MINTS
revolvin,REVOLVING
stats,STATS
nonrebreath,NON-REBREATHER
lubricatn,LUBRICATION
nonreinfor,NON-REINFORCED
polariz,POLARIZED
btfly,BUTTERFLY
avx,AVX
airmix,AIR-MIX
lld,LLD
incandesc,INCANDESCENT
antirollout,ANTI-ROLLOUT
acrylci,ACRYLIC
testin,TESTING
regofix,REGO-FIX
platnum,PLATINUM
dsnfctng,DISINFECTING
fireye,FIREYE
applications,APPLICATION
hibay,HIGH-BAY
documents,DOCUMENTS
recptcle,RECEPTACLE
libbey,LIBBEY
burns,BURNS
regulato,REGULATOR
adapthose,ADAPT-HOSE
sandiing,SANDING
fireblanket,FIRE-BLANKET
highheat,HIGH-HEAT
ajstbl,ADJUSTABLE
newskin,NEW-SKIN
crowley,CROWLEY
placemen,PLACEMENT
gasolin,GASOLINE
interrupte,INTERRUPTER
erskine,ERSKINE
rewdriver,SCREWDRIVER
sappire,SAPPHIRE
hardwnd,HARDWOUND
basics,BASICS
leverge,LEVERAGE
seperation,SEPARATION
buffs,BUFFS
lase,LASE
invt,INVT
fstner,FASTENER
lcknt,LOCKNUT
ebmpapst,EBM-PAPST
msw,MSW
powderf,POWDER-FREE
dryers,DRYER
strobes,STROBE
hitacvhi,HITACHI
reconditioner,RECONDITIONER
octago,OCTAGON
steerin,STEERING
forkl,FORKLIFT
formaldhy,FORMALDEHYDE
anggrindr,ANGLE-GRINDER
jobberdrill,JOBBER-DRILL
unbleach,UNBLEACHED
perimiter,PERIMETER
waterles,WATERLESS
zoomspout,ZOOM-SPOUT
hammerite,HAMMERITE
edta,ETHYLENEDIAMINETETRAACETIC-ACID
veg,VEG
hach,HACH
no333,NUMBER
lghtdty,LIGHT-DUTY
keyring,KEYRING
rcd,RCD
resisto,RESISTOR
sequentl,SEQUENTIAL
harne,HARNESS
bailing,BAILING
graing,GRAINGER
phospha,PHOSPHATE
changing,CHANGING
nonreturnab,NON-RETURNABLE
kawasaki,KAWASAKI
adapterlong,ADAPTER-LONG
lengthening,LENGTHENING
adhesvie,ADHESIVE
plmolve,PALMOLIVE
ratchting,RATCHETING
creepers,CREEPERS
holdng,HOLDING
additiv,ADDITIVE
dlr,DLR
disinfecti,DISINFECTING
compatibl,COMPATIBLE
osaka,OSAKA
silcon,SILICONE
beval,BEVEL
tulsa,TULSA
gruv,GROOVE
redford,REDFORD
polyesther,POLYESTER
connectivi,CONNECTIVITY
manua,MANUAL
mchn,MACHINE
perfumefree,PERFUME-FREE
cmptr,COMPUTER
corase,COARSE
continuou,CONTINUOUS
winters,WINTERS
cleannroom,CLEANROOM
thermowell,THERMOWELL
pointe,POINTE
pbx,PBX
expoy,EPOXY
dogleg,DOGLEG
antisplash,ANTI-SPLASH
dollie,DOLLY
cmm,COORDINATE-MEASURING-MACHINE
gaurdian,GUARDIAN
vynil,VINYL
fiskar,FISKARS
batteryless,BATTERYLESS
porclain,PORCELAIN
gumball,GUMBALL
nra,NRA
lincol,LINCOLN
fieldbus,FIELDBUS
tracto,TRACTOR
filtercartridge,FILTER-CARTRIDGE
hachsaw,HACKSAW
hnbr,HYDROGENATED-NITRILE-BUTADIENE-RUBBER
iphone,IPHONE
houshing,HOUSING
cautio,CAUTION
preventat,PREVENTATIVE
fluro,FLUORESCENT
connecttor,CONNECTOR
imperfections,IMPERFECTIONS
autovlave,AUTOCLAVE
washabl,WASHABLE
infarred,INFRARED
leadacid,LEAD-ACID
insulatin,INSULATING
fences,FENCES
caliburation,CALIBRATION
propylen,PROPYLENE
trueing,TRUING
r407c,REFRIGERANT
chilsel,CHISEL
selfretrac,SELF-RETRACTING
nonpowered,NON-POWERED
kaydry,KAYDRY
faceshi,FACE-SHIELD
clearence,CLEARANCE
profesional,PROFESSIONAL
wohlhaupter,WOHLHAUPTER
redneck,REDNECK
clvis,CLEVIS
rotatio,ROTATION
tectyl,TECTYL
polyurthane,POLYURETHANE
hotsy,HOTSY
no245,NUMBER
superbolt,SUPERBOLT
benchmark,BENCHMARK
clkwise,CLOCKWISE
indxbl,INDEXABLE
maglight,MAGLITE
cynch,CINCH
polyglycol,POLYGLYCOL
griddl,GRIDDLE
lanth,LANTHANATED
largest,LARGEST
ampifier,AMPLIFIER
chemcial,CHEMICAL
electircal,ELECTRICAL
drilldrivr,DRILL-DRIVER
aramidfiberglass,ARAMID-FIBERGLASS
no436,NUMBER
peerles,PEERLESS
recipsaw,RECIPROCATING-SAW
fixtu,FIXTURE
dungare,DUNGAREES
lockouttagout,LOCKOUT-TAGOUT
techs,TECHS
fr4,FR-4-LAMINATE
removabl,REMOVABLE
nonrecharg,NON-RECHARGEABLE
thermocopule,THERMOCOUPLE
avalon,AVALON
ergonomical,ERGONOMIC
hrc11,ROCKWELL-C-HARDNESS
autofeeder,AUTO-FEEDER
mufflr,MUFFLER
nicklepltd,NICKEL-PLATED
schradr,SCHRADER
resusable,REUSABLE
redesigned,REDESIGNED
colorcoded,COLOR-CODED
fluorolube,FLUOROLUBE
bladders,BLADDER
thrdrod,THREADED-ROD
electrodde,ELECTRODE
terex,TEREX
lotions,LOTIONS
ramset,RAMSET
drainplug,DRAIN-PLUG
watercooled,WATER-COOLED
doseing,DOSING
tungston,TUNGSTEN
analong,ANALOG
breif,BRIEF
suppresor,SUPPRESSOR
basketweave,BASKET-WEAVE
quaternry,QUATERNARY
dressin,DRESSING
connetor,CONNECTOR
hydrulic,HYDRAULIC
abosrbent,ABSORBENT
perforat,PERFORATED
envlp,ENVELOPE
dymax,DYMAX
floats,FLOAT
pilots,PILOT
christy,CHRISTY
cmpnts,COMPONENT
cahrger,CHARGER
sckts,SOCKET
bridgepor,BRIDGEPORT
unfinis,UNFINISHED
hypoallerge,HYPOALLERGENIC
milltronics,MILLTRONICS
revrse,REVERSE
cntrolled,CONTROLLED
e17,LAMP-BASE-SIZE
accusharp,ACCUSHARP
cresc,CRESCENT
polychloroprene,POLYCHLOROPRENE
deionizing,DEIONIZING
cooli,COOLING
boardwlk,BOARDWALK
corrgtd,CORRUGATED
entrelec,ENTRELEC
combustibles,COMBUSTIBLE
gussted,GUSSETED
chklist,CHECKLIST
califnia,CALIFORNIA
chemcl,CHEMICAL
sweatpant,SWEAT-PANT
nonlock,NON-LOCKING
mechancs,MECHANICS
receptcl,RECEPTACLE
ultrafin,ULTRAFINE
woodblock,WOODBLOCK
comparetor,COMPARATOR
akaline,ALKALINE
bandaid,BAND-AID
thinwal,THIN-WALL
vicker,VICKERS
bearingflanged,BEARING-FLANGED
levrg,LEVERAGE
throughbeam,THROUGH-BEAM
carpeted,CARPETED
waterweld,WATERWELD
powrd,POWERED
electropolished,ELECTROPOLISHED
solahd,SOLAHD
athletes,ATHLETES
no012,NUMBER
no211,NUMBER
translu,TRANSLUCENT
butweld,BUTT-WELD
renuzit,RENUZIT
chipbreake,CHIPBREAKER
transformr,TRANSFORMER
gluestick,GLUE-STICK
dustight,DUST-TIGHT
plyeth,POLYETHYLENE
fabrc,FABRIC
lototo,LOCKOUT-TAGOUT-TRYOUT
armacell,ARMACELL
flnnel,FLANNEL
chilton,CHILTON
carbion,CARBON
concentrates,CONCENTRATE
rotabro,ROTABROACH
m60,METRIC-SIZE-DESIGNATION
chromalloy,CHROMALLOY
extenti,EXTENSION
exractors,EXTRACTOR
whetstones,WHETSTONE
areva,AREVA
combidisc,COMBIDISC
strecher,STRETCHER
hosereel,HOSE-REEL
imports,IMPORTS
energized,ENERGIZED
exceeds,EXCEEDS
orlon,ORLON
cclamps,C-CLAMPS
counterb,COUNTERBORE
locko,LOCKOUT
selfetching,SELF-ETCHING
southco,SOUTHCO
critter,CRITTER
crankca,CRANKCASE
breaks,BREAKS
bernz,BERNZOMATIC
drawst,DRAWSTRING
georg,GEORG
nickelplt,NICKEL-PLATED
beds,BEDS
duplicating,DUPLICATING
masons,MASONS
platte,PLATTE
headl,HEADLAMP
outd,OUTDOOR
chemiical,CHEMICAL
stearns,STEARNS
retracter,RETRACTOR
treatmen,TREATMENT
commecial,COMMERCIAL
doubleleg,DOUBLE-LEG
condtn,CONDITION
awaiting,AWAITING
crystalon,CRYSTOLON
ftwear,FOOTWEAR
broncos,BRONCOS
burgund,BURGUNDY
thermoplstc,THERMOPLASTIC
denver,DENVER
disppenser,DISPENSER
davison,DAVISON
detgnt,DETERGENT
refrigrnt,REFRIGERANT
nonfoaming,NON-FOAMING
fragil,FRAGILE
timedel,TIME-DELAY
griding,GRINDING
frito,FRITO
hurco,HURCO
batterry,BATTERY
acrlic,ACRYLIC
engravable,ENGRAVABLE
insulatig,INSULATING
pneumtc,PNEUMATIC
berman,BERMAN
sharpee,SHARPIE
antiseptc,ANTISEPTIC
cranks,CRANKS
dimmr,DIMMER
armaflex,ARMAFLEX
posed,POSED
antisplas,ANTI-SPLASH
proctective,PROTECTIVE
trusco,TRUSCO
tungst,TUNGSTEN
illumiated,ILLUMINATED
sprockt,SPROCKET
footwr,FOOTWEAR
proxim,PROXIMITY
cuttter,CUTTER
arbormount,ARBOR-MOUNT
composites,COMPOSITE
nondrowsy,NON-DROWSY
electrial,ELECTRICAL
dextr,DEXTERITY
dblblded,DOUBLE-BLADED
splitbolt,SPLIT-BOLT
functn,FUNCTION
cerification,CERTIFICATION
milprf,MIL-PRF-SPECIFICATION
mappro,MAP-PRO
batterychrger,BATTERY-CHARGER
arcrated,ARC-RATED
supprt,SUPPORT
desold,DESOLDER
linman,LINEMAN
quarterfold,QUARTER-FOLD
bunnomatic,BUNN-O-MATIC
hdd,HDD
fisrtaid,FIRST-AID
carpen,CARPENTER
nonsilcn,NON-SILICONE
extingusiher,EXTINGUISHER
cluthe,CLUTCH
chcuk,CHUCK
macpherson,MACPHERSON
contourd,CONTOURED
corrct,CORRECT
varathane,VARATHANE
warng,WARNING
extnded,EXTENDED
headb,HEADBAND
workforce,WORKFORCE
prcise,PRECISE
ferrl,FERRULE
ylo,YELLOW
din6923,DIN-STANDARD
fltrdryer,FILTER-DRIER
cpler,COUPLER
galva,GALVANIZED
racal,RACAL
assemblygear,ASSEMBLY-GEAR
extinquishe,EXTINGUISHER
expnsion,EXPANSION
datsun,DATSUN
grains,GRAIN
acidbased,ACID-BASED
airhorn,AIR-HORN
methacrylates,METHACRYLATE
acrylics,ACRYLIC
alumninized,ALUMINIZED
semitransp,SEMITRANSPARENT
guthook,GUT-HOOK
kynar,KYNAR
pretrimmed,PRE-TRIMMED
upholst,UPHOLSTERY
alminum,ALUMINUM
brims,BRIMS
suppy,SUPPLY
toolbelt,TOOL-BELT
carnet,CARNET
woodgrain,WOOD-GRAIN
bselayer,BASE-LAYER
crwneck,CREWNECK
furnitr,FURNITURE
eyewashes,EYEWASH
discharg,DISCHARGE
nonfuse,NON-FUSED
acrylicpolyester,ACRYLIC-POLYESTER
proplene,PROPYLENE
bombe,BOMBE
strippng,STRIPPING
coveralll,COVERALL
razors,RAZOR
flashbck,FLASHBACK
retrive,RETRIEVE
dyed,DYED
adhevise,ADHESIVE
pase,PASE
ebonized,EBONIZED
remova,REMOVABLE
deodorizing,DEODORIZING
welch,WELCH
allyn,ALLYN
oilresist,OIL-RESISTANT
flashlgt,FLASHLIGHT
domest,DOMESTIC
restraints,RESTRAINT
stehoscope,STETHOSCOPE
littmann,LITTMANN
antimicrobi,ANTIMICROBIAL
traditonal,TRADITIONAL
nalgen,NALGENE
milsp,MILSPEC
ages,AGES
biasply,BIAS-PLY
manufactured,MANUFACTURED
hazardo,HAZARDOUS
crinkl,CRINKLE
assasin,ASSASSIN
countrsink,COUNTERSINK
pushbtn,PUSHBUTTON
biotene,BIOTENE
fabreeka,FABREEKA
cylidner,CYLINDER
idlers,IDLER
capcity,CAPACITY
handpeice,HANDPIECE
shileded,SHIELDED
aron,ARON
pressurizied,PRESSURIZED
multimeters,MULTIMETER
dresng,DRESSING
pdq,PDQ
comact,COMPACT
cranes,CRANES
hammdrill,HAMMER-DRILL
gauntlets,GAUNTLET
motorala,MOTOROLA
crowfoor,CROWFOOT
trichloroethylen,TRICHLOROETHYLENE
impressio,IMPRESSION
slidebolt,SLIDE-BOLT
mins,MINS
glowindark,GLOW-IN-DARK
mai,MAI
assortmt,ASSORTMENT
edgetrim,EDGE-TRIM
incandscent,INCANDESCENT
embilical,UMBILICAL
hardwired,HARDWIRED
healty,HEALTHY
laws,LAWS
paxton,PAXTON
nonwovn,NONWOVEN
fitler,FILTER
inclined,INCLINED
airdeflector,AIR-DEFLECTOR
zincrich,ZINC-RICH
mercon,MERCON
microsoft,MICROSOFT
nontox,NONTOXIC
receptac,RECEPTACLE
megapress,MEGAPRESS
genuin,GENUINE
seallant,SEALANT
lamint,LAMINATE
speedgls,SPEEDGLAS
sqdrive,SQUARE-DRIVE
lanterns,LANTERNS
sanitizr,SANITIZER
backbox,BACK-BOX
platters,PLATTERS
containe,CONTAINER
windshi,WINDSHIELD
evoqua,EVOQUA
polystyre,POLYSTYRENE
duffell,DUFFEL
nutrdriver,NUT-DRIVER
rosler,RÖSLER
detailng,DETAILING
hardcore,HARDCORE
thisulate,THINSULATE
computor,COMPUTER
cotopaxi,COTOPAXI
retracti,RETRACTING
alcoholfre,ALCOHOL-FREE
glvzd,GALVANIZED
darkeni,DARKENING
cowhde,COWHIDE
gravityflw,GRAVITY-FLOW
abrasivefilament,ABRASIVE-FILAMENT
neoprne,NEOPRENE
noncoated,NON-COATED
nonmettlc,NONMETALLIC
ducttape,DUCT-TAPE
nylatron,NYLATRON
sidecutter,SIDE-CUTTER
pinchers,PINCHERS
washab,WASHABLE
iso32,ISO-STANDARD
clearcoat,CLEAR-COAT
gasketing,GASKETING
komats,KOMATSU
facmask,FACE-MASK
selflckng,SELF-LOCKING
univeral,UNIVERSAL
hitach,HITACHI
checkerd,CHECKERED
sse,SSE
timkin,TIMKEN
guter,GUTTER
needlenose,NEEDLE-NOSE
barrocade,BARRICADE
knuck,KNUCKLE
conduite,CONDUIT
nonreturna,NON-RETURNABLE
barriade,BARRICADE
contatctor,CONTACTOR
bundl,BUNDLE
mitsusbishi,MITSUBISHI
wago,WAGO
picking,PICKING
coupoling,COUPLING
refrg,REFRIGERANT
brushlss,BRUSHLESS
sheetin,SHEETING
titanm,TITANIUM
dressi,DRESSING
breas,BREAST
chinstr,CHINSTRAP
ammoniaanhydrous,AMMONIA-ANHYDROUS
adaptorlarge,ADAPTOR-LARGE
acidcorrosives,ACID-CORROSIVE
karabiner,CARABINER
silkscreened,SILK-SCREENED
antfatigue,ANTI-FATIGUE
din315,DIN-STANDARD
shrou,SHROUD
sprayr,SPRAYER
kneaded,KNEADED
kleaners,CLEANER
faceshl,FACE-SHIELD
groo,GROOVE
heatshrn,HEAT-SHRINK
transimitter,TRANSMITTER
modif,MODIFICATION
gaskit,GASKET
adm,ADM
buffpad,BUFF-PAD
microfibers,MICROFIBER
procelain,PORCELAIN
airwick,AIRWICK
presaturat,PRESATURATED
cosmo,COSMO
haney,HANEY
pickling,PICKLING
protects,PROTECT
urthne,URETHANE
batteri,BATTERY
moisturize,MOISTURIZE
stanard,STANDARD
holmatro,HOLMATRO
feathers,FEATHERS
weenie,WEENIE
legends,LEGEND
multpurp,MULTIPURPOSE
workspace,WORKSPACE
decongest,DECONGEST
behr,BEHR
elmmers,ELMER'S
pentair,PENTAIR
styro,STYROFOAM
nitrogren,NITROGEN
gurad,GUARD
encapsul,ENCAPSULATED
cutg,CUTTING
nets,NETS
ticks,TICKS
compresso,COMPRESSOR
hogs,HOGS
convertable,CONVERTIBLE
bondhu,BONDHUS
bills,BILLS
seamlss,SEAMLESS
footbrak,FOOT-BRAKE
dogtag,DOG-TAG
socketweld,SOCKET-WELD
performed,PERFORMED
strengths,STRENGTH
edsyn,EDSYN
sandbl,SANDBLAST
fairchild,FAIRCHILD
guardia,GUARDIAN
veeder,VEEDER-ROOT
danaher,DANAHER
sanitzer,SANITIZER
repelle,REPELLENT
biased,BIASED
paded,PADDED
mulitple,MULTIPLE
polyprople,POLYPROPYLENE
pliesr,PLIERS
pontiac,PONTIAC
emergnc,EMERGENCY
battr,BATTERY
dupl,DUPLEX
waterresis,WATER-RESISTANT
decongesta,DECONGESTANT
waterprooof,WATERPROOF
superclean,SUPERCLEAN
hosptl,HOSPITAL
alcoho,ALCOHOL
lokring,LOKRING
inge,INGE
ganged,GANGED
lightolier,LIGHTOLIER
tagless,TAG-LESS
contrator,CONTRACTOR
amomonia,AMMONIA
drainback,DRAIN-BACK
galvanised,GALVANIZED
antisceptic,ANTISEPTIC
er80s,WELDING-WIRE-CLASSIFICATION
troubleshooter,TROUBLESHOOTER
equipt,EQUIPMENT
fluorinated,FLUORINATED
alchl,ALCOHOL
wrec,WRECKING
dewitt,DEWITT
fingrles,FINGERLESS
rcprctng,RECIPROCATING
envlope,ENVELOPE
din6799,DIN-STANDARD
srvc,SERVICE
supression,SUPPRESSION
superfeet,SUPERFEET
blaser,BLASER
cns,CNS
benc,BENCH
vacumn,VACUUM
bleedr,BLEEDER
reclosab,RECLOSABLE
broaches,BROACH
brando,BRANDO
ballotni,BALLOTINI
nozle,NOZZLE
housng,HOUSING
cleeanroom,CLEANROOM
aluminumflexduct,ALUMINUM-FLEX-DUCT
dscnnct,DISCONNECT
isotone,ISOTONE
ballotini,BALLOTINI
beeds,BEADS
no700,NUMBER
joi,JOINT
protction,PROTECTION
hoseclamp,HOSE-CLAMP
aframe,A-FRAME
maskng,MASKING
furn,FURN
aircoolant,AIR-COOLANT
dkgray,DARK-GRAY
recd,RECEIVED
octaganal,OCTAGONAL
heppa,HEPA
camry,CAMRY
cradl,CRADLE
earcups,EAR-CUPS
geard,GEARED
cartridgefilter,CARTRIDGE-FILTER
hospita,HOSPITAL
sch10,PIPE-SCHEDULE
unautorized,UNAUTHORIZED
trowell,TROWEL
lithonia,LITHONIA
medica,MEDICAL
caa,CAA
cyberbond,CYBERBOND
prismat,PRISMATIC
cylcone,CYCLONE
lamintated,LAMINATED
untrtd,UNTREATED
ias,IAS
containmen,CONTAINMENT
bedlinder,BEDLINER
dblhex,DOUBLE-HEX
din93,DIN-STANDARD
din7984,DIN-STANDARD
screwdvr,SCREWDRIVER
elctrnc,ELECTRONIC
varnis,VARNISH
wirele,WIRELESS
humidifer,HUMIDIFIER
denibbing,DENIBBING
marinco,MARINCO
zincpla,ZINC-PLATED
gluestic,GLUE-STICK
nonslotted,NON-SLOTTED
polishd,POLISHED
swichgage,SWICHGAGE
dadco,DADCO
weldgun,WELD-GUN
agv,AUTOMATED-GUIDED-VEHICLE
mfc,MASS-FLOW-CONTROLLER
durco,DURCO
yamaha,YAMAHA
carrige,CARRIAGE
pphms,PAN-HEAD-MACHINE-SCREW
pvdf,POLYVINYLIDENE-FLUORIDE
simatic,SIMATIC
sanyo,SANYO
sankyo,SANKYO
mldg,MOLDING
cnvyr,CONVEYOR
nok,NOK
housed,HOUSED
arp,ARP
lpn,LPN
certanium,CERTANIUM
backshell,BACKSHELL
ethercat,ETHERCAT
pms,PMS
actg,ACTG
klauke,KLAUKE
philslt,PHILLIPS-SLOTTED
minutes,MINUTES
camfil,CAMFIL
workhead,WORK-HEAD
barnes,BARNES
guiding,GUIDING
premachined,PREMACHINED
namur,NAMUR
omax,OMAX
pushtype,PUSH-TYPE
a572,ASTM-SPECIFICATION
selfaligning,SELF-ALIGNING
fiberoptic,FIBER-OPTIC
coriolis,CORIOLIS
millcutter,MILL-CUTTER
nutplate,NUT-PLATE
camozzi,CAMOZZI
pfaudler,PFAUDLER
heidenhain,HEIDENHAIN
horkos,HORKOS
a992,ASTM-SPECIFICATION
capacitors,CAPACITOR
ohmite,OHMITE
sightglass,SIGHT-GLASS
chemraz,CHEMRAZ
yamada,YAMADA
denison,DENISON
readout,READOUT
locato,LOCATOR
simodrive,SIMODRIVE
thyristor,THYRISTOR
barns,BARNS
getinge,GETINGE
micarta,MICARTA
ttachable,ATTACHABLE
fec,FEC
davis,DAVIS
sercos,SERCOS
collt,COLLET
sculley,SCULLEY
microbore,MICROBORE
chipbr,CHIPBREAKER
igbt,INSULATED-GATE-BIPOLAR-TRANSISTOR
skoda,SKODA
enshu,ENSHU
sharkbite,SHARKBITE
erich,ERICH
pickoff,PICKOFF
sch160,PIPE-SCHEDULE
steadyrest,STEADY-REST
bodine,BODINE
radiac,RADIAC
spares,SPARES
thrubeam,THRU-BEAM
workcenter,WORK-CENTER
schmersal,SCHMERSAL
gehring,GEHRING
telemotive,TELEMOTIVE
presta,PRESTA
retainr,RETAINER
euchner,EUCHNER
carts,CARTS
hiwin,HIWIN
asahi,ASAHI
bulkhe,BULKHEAD
dustfree,DUST-FREE
watlow,WATLOW
stahli,STÄHLI
coalescer,COALESCER
photoelec,PHOTOELECTRIC
din2353,DIN-STANDARD
remanufactured,REMANUFACTURED
programmed,PROGRAMMED
renolin,RENOLIN
amphel,AMPHENOL
marposs,MARPOSS
actuato,ACTUATOR
tfelined,PTFE-LINED
burkert,BÜRKERT
weg,WEG
conveying,CONVEYING
weatherpack,WEATHER-PACK
pulltype,PULL-TYPE
hsng,HOUSING
bendin,BENDING
wrenching,WRENCHING
schenck,SCHENCK
nested,NESTED
comprsr,COMPRESSOR
zener,ZENER
years,YEARS
rulon,RULON
speedaire,SPEEDAIRE
unbrako,UNBRAKO
grphc,GRAPHIC
mechani,MECHANICAL
cbs,CBS
mks,MKS
oilguard,OIL-GUARD
chiyoda,CHIYODA
botton,BOTTOM
polychain,POLYCHAIN
grinnell,GRINNELL
vito,VITO
lbft,POUND-FOOT
multiflute,MULTIFLUTE
westhouse,WESTINGHOUSE
lumberg,LUMBERG
arcmate,ARCMATE
strapex,STRAPEX
liebert,LIEBERT
hardinge,HARDINGE
transforme,TRANSFORMER
tolomatic,TOLOMATIC
beumer,BEUMER
joints,JOINT
micrologix,MICROLOGIX
preamp,PREAMP
highyield,HIGH-YIELD
ipsen,IPSEN
modem,MODEM
pirani,PIRANI
peristalic,PERISTALTIC
xerox,XEROX
foxboro,FOXBORO
winsmith,WINSMITH
readwrite,READ-WRITE
nailers,NAILERS
airlock,AIRLOCK
preassembled,PREASSEMBLED
driveshaft,DRIVESHAFT
bcd,BCD
rda,RDA
cmos,COMPLEMENTARY-METAL-OXIDE-SEMICONDUCTOR
cmprsn,COMPRESSION
aimco,AIMCO
palletizer,PALLETIZER
kyowa,KYOWA
aflas,AFLAS
rpt,RPT
viewport,VIEWPORT
busduct,BUS-DUCT
magnetek,MAGNETEK
clutchbrake,CLUTCH-BRAKE
maxon,MAXON
rosemount,ROSEMOUNT
pulsafeeder,PULSAFEEDER
clausing,CLAUSING
powermate,POWERMATE
reground,REGROUND
blanchard,BLANCHARD
waukes,WAUKESHA
barden,BARDEN
soleno,SOLENOID
versamatic,VERSA-MATIC
russwin,RUSSWIN
rollin,ROLLING
mackay,MACKAY
mechanixwear,MECHANIX-WEAR
workrest,WORK-REST
sprock,SPROCKET
rawlings,RAWLINGS
optibelt,OPTIBELT
preventor,PREVENTER
diameters,DIAMETER
powers,POWER
fenner,FENNER
technologies,TECHNOLOGY
hypalon,HYPALON
helipot,HELIPOT
emka,EMKA
straightner,STRAIGHTENER
daihen,DAIHEN
proface,PRO-FACE
zurn,ZURN
gizmo,GIZMO
flexitallic,FLEXITALLIC
indramat,INDRAMAT
safelock,SAFE-LOCK
santoprene,SANTOPRENE
lopez,LOPEZ
balzer,BALZERS
voltaje,VOLTAGE
zagar,ZAGAR
pulsecoder,PULSE-CODER
fernco,FERNCO
gigabit,GIGABIT
neway,NEWAY
extinguishing,EXTINGUISHING
resources,RESOURCES
kvar,KILOVOLT-AMPERE-REACTIVE
drillrod,DRILL-ROD
liquiphant,LIQUIPHANT
projects,PROJECTS
nonpotable,NON-POTABLE
rankine,RANKINE
capsules,CAPSULES
wirewound,WIREWOUND
cadmiu,CADMIUM
robohand,ROBOHAND
magnecraft,MAGNECRAFT
enabling,ENABLING
sourcing,SOURCING
guardlogix,GUARDLOGIX
robotics,ROBOTICS
posidrv,POZIDRIV
furnas,FURNAS
nonserr,NON-SERRATED
firmware,FIRMWARE
frstm,FRISTAM
rytec,RYTEC
staubli,STÄUBLI
spinlock,SPIN-LOCK
stratasys,STRATASYS
haeger,HAEGER
tsugami,TSUGAMI
ingersol,INGERSOLL
stamps,STAMPS
devlieg,DEVLIEG
camfollower,CAM-FOLLOWER
hess,HESS
casssette,CASSETTE
semibottoming,SEMI-BOTTOMING
trnsdcr,TRANSDUCER
transducerized,TRANSDUCERIZED
preload,PRELOAD
versamax,VERSAMAX
hawe,HAWE
aventics,AVENTICS
leblond,LEBLOND
adel,ADEL
chromalox,CHROMALOX
controlnet,CONTROLNET
multibeam,MULTI-BEAM
duprin,VON-DUPRIN
tslotted,T-SLOTTED
coredrill,CORE-DRILL
cortec,CORTEC
nicrobraz,NICROBRAZ
skintop,SKINTOP
worchester,WORCESTER
turcite,TURCITE
oller,ROLLER
reznor,REZNOR
madison,MADISON
uncoiler,UNCOILER
dewpoint,DEW-POINT
namco,NAMCO
nvh,NOISE-VIBRATION-AND-HARSHNESS
nippless,NIPPLE
leadscrew,LEAD-SCREW
repairs,REPAIR
sinamics,SINAMICS
controler,CONTROLLER
interfac,INTERFACE
negativ,NEGATIVE
intel,INTEL
plyolfin,POLYOLEFIN
plexiglass,PLEXIGLAS
tohatsu,TOHATSU
carlyle,CARLYLE
gono,GO/NO-GO
tierod,TIE-ROD
coolan,COOLANT
rodriguez,RODRIGUEZ
chukka,CHUKKA
netzsch,NETZSCH
dungs,DUNGS
biodegr,BIODEGRADABLE
combilift,COMBILIFT
contouring,CONTOURING
positio,POSITION
locater,LOCATOR
stairs,STAIRS
bourns,BOURNS
durlon,DURLON
sheetloader,SHEET-LOADER
rejected,REJECTED
logitech,LOGITECH
apb,APB
herion,HERION
micromaster,MICROMASTER
mercoid,MERCOID
mbar,MILLIBAR
gerotor,GEROTOR
semico,SEMICONDUCTOR
unshiel,UNSHIELDED
pwm,PULSE-WIDTH-MODULATION
kamlock,CAMLOCK
condensor,CONDENSER
straigntnr,STRAIGHTENER
avdel,AVDEL
crouzet,CROUZET
mcmast,MCMASTER-CARR
servopack,SERVOPACK
oldham,OLDHAM
ccd,CCD
dvi,DIGITAL-VISUAL-INTERFACE
rotory,ROTARY
solidstate,SOLID-STATE
movidrive,MOVIDRIVE
stokes,STOKES
nonasbestos,NON-ASBESTOS
foxconn,FOXCONN
stabilizing,STABILIZING
braddock,BRADDOCK
unsltd,UNSLOTTED
outfitters,OUTFITTERS
makino,MAKINO
brecoflex,BRECOFLEX
multifunctional,MULTIFUNCTION
zincplated,ZINC-PLATED
vaccuum,VACUUM
limits,LIMITS
psu,POWER-SUPPLY-UNIT
locatin,LOCATING
mldng,MOLDING
no08,NUMBER
jorgensen,JORGENSEN
murr,MURR
studwelder,STUD-WELDER
oakton,OAKTON
kollmorgen,KOLLMORGEN
nutsert,NUTSERT
hills,HILLS
littlefuse,LITTELFUSE
linkbelt,LINK-BELT
shotpeen,SHOT-PEEN
thwn,THWN-WIRE
turcon,TURCON
ssa,SSA
polyeater,POLYESTER
herm,HERM
kyocera,KYOCERA
manuf,MANUF
valox,VALOX
scara,SCARA
glidden,GLIDDEN
jumpers,JUMPER
siemen,SIEMENS
pangborn,PANGBORN
cyliner,CYLINDER
trnsmttr,TRANSMITTER
hiflex,HIGH-FLEX
pnematic,PNEUMATIC
posilock,POSI-LOCK
aplicatio,APPLICATION
rounds,ROUNDS
spindles,SPINDLE
cantu,CANTU
earthing,EARTHING
metzgar,METZGAR
duriron,DURIRON
terminating,TERMINATING
vacutainer,VACUTAINER
stellram,STELLRAM
pressfit,PRESS-FIT
dake,DAKE
crbtip,CARBIDE-TIP
trivac,TRIVAC
scrws,SCREW
proximit,PROXIMITY
pixel,PIXEL
galvenized,GALVANIZED
sweden,SWEDEN
akzo,AKZONOBEL
eurotherm,EUROTHERM
waldrich,WALDRICH
tranducer,TRANSDUCER
plyolefin,POLYOLEFIN
mahog,MAHOGANY
online,ONLINE
lindberg,LINDBERG
mixhead,MIX-HEAD
flycutter,FLY-CUTTER
mettler,METTLER
gesswein,GESSWEIN
clampi,CLAMPING
emitting,EMITTING
panl,PANEL
kaufman,KAUFMAN
cntrllr,CONTROLLER
corken,CORKEN
microprocessor,MICROPROCESSOR
amsco,AMSCO
actua,ACTUATOR
daifuku,DAIFUKU
hires,HIRES
zeiss,ZEISS
bldg,BLDG
mallory,MALLORY
no06,NUMBER
gemco,GEMCO
pumping,PUMPING
dynapar,DYNAPAR
spieth,SPIETH
conduleto,CONDULET
stores,STORES
bonde,BONDED
fixtur,FIXTURE
saginaw,SAGINAW
hotline,HOTLINE
seconds,SECOND
texaco,TEXACO
sunroof,SUNROOF
wto,WTO
wagner,WAGNER
datalogic,DATALOGIC
sinumerik,SINUMERIK
fcc,FCC
crazymill,CRAZYMILL
senco,SENCO
vband,V-BAND
upperlower,UPPER-LOWER
ruland,RULAND
triplelok,TRIPLE-LOK
consisting,CONSISTING
thermoformer,THERMOFORMER
crazydrill,CRAZYDRILL
coatings,COATING
warrick,WARRICK
roots,ROOTS
trantorque,TRANTORQUE
polybags,POLY-BAG
blowers,BLOWER
overtemp,OVER-TEMP
koganei,KOGANEI
ubend,U-BEND
demister,DEMISTER
distributing,DISTRIBUTING
carriers,CARRIERS
counterparts,COUNTERPARTS
simalube,SIMALUBE
yushin,YUSHIN
mechanicl,MECHANICAL
signals,SIGNAL
conductors,CONDUCTOR
soleid,SOLENOID
impellar,IMPELLER
steiner,STEINER
landis,LANDIS
fristam,FRISTAM
palle,PALLET
autom,AUTOMATIC
cylnder,CYLINDER
viewing,VIEWING
pokeyoke,POKA-YOKE
releco,RELECO
polycarbon,POLYCARBONATE
kerr,KERR
slowblw,SLOW-BLOW
zama,ZAMA
tungs,TUNGSTEN
minichange,MINI-CHANGE
miniture,MINIATURE
daido,DAIDO
sockolet,SOCKOLET
displa,DISPLAY
pcmcia,PCMCIA
cntcts,CONTACT
nonfused,NON-FUSED
threephase,THREE-PHASE
dowty,DOWTY
matsuura,MATSUURA
vidmar,VIDMAR
coordinator,COORDINATOR
protistor,PROTISTOR
tubeaxial,TUBE-AXIAL
sae660,SAE-SPECIFICATION
weldneck,WELD-NECK
zincdichro,ZINC-DICHROMATE
takeout,TAKEOUT
maluable,MALLEABLE
assoc,ASSOC
bumpr,BUMPER
salvagnina,SALVAGNINI
aquastat,AQUASTAT
rs422,SERIAL-DATA-STANDARD
ultem,ULTEM
multirib,MULTI-RIB
endmills,END-MILL
rodend,ROD-END
moldmaker,MOLDMAKER
openclose,OPEN-CLOSE
pyromation,PYROMATION
companies,COMPANY
antirotation,ANTI-ROTATION
micromesh,MICROMESH
nichols,NICHOLS
mckesson,MCKESSON
semifin,SEMI-FINISH
transmtr,TRANSMITTER
evapotator,EVAPORATOR
gui,GUI
sliders,SLIDERS
hernandez,HERNANDEZ
offline,OFFLINE
servogun,SERVO-GUN
yates,YATES
diodes,DIODE
flipping,FLIPPING
tubebending,TUBE-BENDING
graphoil,GRAFOIL
carhart,CARHARTT
wldg,WELDING
lubed,LUBED
sym,SYM
nobel,NOBEL
stober,STOBER
glnd,GLAND
dblrow,DOUBLE-ROW
nonflex,NON-FLEX
cavities,CAVITIES
temposonic,TEMPOSONICS
tubeend,TUBE-END
maxitrol,MAXITROL
cntrbore,COUNTERBORE
insultn,INSULATION
choppers,CHOPPER
crshbl,CRUSHABLE
nonfusible,NON-FUSIBLE
contacting,CONTACTING
insulators,INSULATOR
microcentric,MICROCENTRIC
quickpanel,QUICKPANEL
nylone,NYLON
prmry,PRIMARY
deltav,DELTAV
endles,ENDLESS
gleitmo,GLEITMO
varian,VARIAN
regrnd,REGRIND
pigmented,PIGMENTED
whitey,WHITEY
preamplifier,PREAMPLIFIER
tempsonic,TEMPOSONICS
tacho,TACHO
gonzalez,GONZALEZ
jumping,JUMPING
hmo,HMO
ushaped,U-SHAPED
sealring,SEAL-RING
tet,TET
pressue,PRESSURE
plngr,PLUNGER
cpa,CPA
regloplas,REGLOPLAS
phms,PAN-HEAD-MACHINE-SCREW
entron,ENTRON
pyle,PYLE
robertshaw,ROBERTSHAW
bends,BENDS
automati,AUTOMATIC
kovar,KOVAR
ecision,PRECISION
allowed,ALLOWED
resevoir,RESERVOIR
graf,GRAF
adhsve,ADHESIVE
coupons,COUPONS
degc,DEGREES-CELSIUS
modicon,MODICON
jewell,JEWELL
lubricated,LUBRICATED
vlave,VALVE
southworth,SOUTHWORTH
radiused,RADIUSED
trilobular,TRILOBULAR
pepperl,PEPPERL+FUCHS
antiextrusion,ANTI-EXTRUSION
ovralls,OVERALLS
counters,COUNTER
capactive,CAPACITIVE
trevino,TREVINO
mvq,MVQ-SILICONE-RUBBER
garza,GARZA
combwrch,COMBINATION-WRENCH
fndr,FENDER
allthread,ALL-THREAD
flowserv,FLOWSERVE
nordel,NORDEL
accesso,ACCESSORY
toyama,TOYAMA
singlewall,SINGLE-WALL
pumphead,PUMP-HEAD
hvof,HIGH-VELOCITY-OXYGEN-FUEL
labrynth,LABYRINTH
perceptron,PERCEPTRON
weidmuller,WEIDMÜLLER
branding,BRANDING
impellor,IMPELLER
skechers,SKECHERS
gps,GPS
smalley,SMALLEY
cctv,CCTV
murata,MURATA
muting,MUTING
aruba,ARUBA
rivit,RIVET
a240,ASTM-SPECIFICATION
minihelic,MINIHELIC
selflube,SELF-LUBE
quickdisconnect,QUICK-DISCONNECT
transducr,TRANSDUCER
elmo,ELMO
bores,BORES
mgo,MAGNESIUM-OXIDE
spirolox,SPIROLOX
ardrox,ARDROX
numbe,NUMBER
blackoxide,BLACK-OXIDE
adjstg,ADJUSTING
separat,SEPARATOR
timming,TIMING
littelfuse,LITTELFUSE
abec,ABEC-BEARING-PRECISION-RATING
nupro,NUPRO
vshaped,V-SHAPED
nissei,NISSEI
acrysol,ACRYSOL
phoen,PHOENIX
humiseal,HUMISEAL
hydromat,HYDROMAT
fittg,FITTING
charged,CHARGED
materi,MATERIAL
zumbach,ZUMBACH
agilent,AGILENT
fax,FAX
sensr,SENSOR
ntenance,MAINTENANCE
draining,DRAINING
waldes,WALDES
controllers,CONTROLLER
setra,SETRA
rotarty,ROTARY
wabco,WABCO
ruptur,RUPTURE
antirotate,ANTI-ROTATE
noshok,NOSHOK
optiplex,OPTIPLEX
durble,DURABLE
garcia,GARCIA
cardan,CARDAN
rackmount,RACK-MOUNT
trnsmtr,TRANSMITTER
accesory,ACCESSORY
oster,OSTER
pym,PYM
jenoptik,JENOPTIK
wallpack,WALL-PACK
ontrol,CONTROL
retaini,RETAINING
profax,PROFAX
foredom,FOREDOM
xci,XCI
endotrach,ENDOTRACHEAL
retrival,RETRIEVAL
siko,SIKO
sdram,SDRAM
pem,PEM
couping,COUPLING
ladders,LADDER
torlon,TORLON
polyguard,POLYGUARD
hallogen,HALOGEN
seweurodrive,SEW-EURODRIVE
cher,CHER
pushrod,PUSH-ROD
pltng,PLATING
amplifie,AMPLIFIER
kanttwist,KANT-TWIST
anybus,ANYBUS
impell,IMPELLER
reinforcing,REINFORCING
iglide,IGLIDE
nadella,NADELLA
passivated,PASSIVATED
cndctvty,CONDUCTIVITY
vgrooved,V-GROOVED
rapistan,RAPISTAN
decaf,DECAF
semibttm,SEMI-BOTTOMING
solonoid,SOLENOID
baseplate,BASEPLATE
ecg,ECG
patlite,PATLITE
drillmill,DRILL-MILL
lumina,LUMINA
fluoroelas,FLUOROELASTOMER
commrcl,COMMERCIAL
zipcord,ZIP-CORD
ocknut,LOCKNUT
selfalign,SELF-ALIGN
sidebar,SIDEBAR
takex,TAKEX
stancor,STANCOR
amplified,AMPLIFIED
geber,GEBER
altronic,ALTRONIC
vibrtr,VIBRATOR
polyvee,POLY-V
escapem,ESCAPEMENT
engel,ENGEL
ryobi,RYOBI
motorgearbox,MOTOR-GEARBOX
furnance,FURNACE
captv,CAPTIVE
trodat,TRODAT
kamvalok,KAMVALOK
aligners,ALIGNERS
stabilus,STABILUS
screwthread,SCREW-THREAD
contoller,CONTROLLER
verde,VERDE
rayburn,RAYBURN
premolded,PREMOLDED
acksaw,HACKSAW
doubleacting,DOUBLE-ACTING
tsubakimoto,TSUBAKIMOTO
spectrol,SPECTROL
diptube,DIP-TUBE
polyeurethane,POLYURETHANE
grafton,GRAFTON
wirefeeder,WIRE-FEEDER
transduc,TRANSDUCER
persons,PERSONS
floatin,FLOATING
synchronizing,SYNCHRONIZING
magnescale,MAGNESCALE
exchang,EXCHANGER
ranco,RANCO
teflo,TEFLON
xomox,XOMOX
moxie,MOXIE
mathews,MATHEWS
states,STATES
flometer,FLOWMETER
pulses,PULSE
convyr,CONVEYOR
jabsco,JABSCO
ballscre,BALL-SCREW
simrit,SIMRIT
westlock,WESTLOCK
counterbores,COUNTERBORE
centerline,CENTER-LINE
hoke,HOKE
assmebly,ASSEMBLY
plexi,PLEXI
colbert,COLBERT
lasers,LASER
iso4762,ISO-STANDARD
inspections,INSPECTION
daewoo,DAEWOO
snagless,SNAGLESS
tidland,TIDLAND
weksler,WEKSLER
constnt,CONSTANT
optocoupler,OPTOCOUPLER
ujnt,U-JOINT
kipp,KIPP
telemechanique,TELEMECANIQUE
pentium,PENTIUM
pressr,PRESSURE
detecting,DETECTING
mainte,MAINTENANCE
parrallel,PARALLEL
lathes,LATHES
ntrol,CONTROL
sweco,SWECO
nitronic,NITRONIC
packagin,PACKAGING
limitswitch,LIMIT-SWITCH
norax,NORAX
prssure,PRESSURE
simotion,SIMOTION
housings,HOUSING
anpt,AMERICAN-NATIONAL-PIPE-TAPER-THREAD
basebll,BASEBALL
cyber,CYBER
sintering,SINTERING
polarizing,POLARIZING
standby,STANDBY
grande,GRANDE
westhse,WESTINGHOUSE
rainsuits,RAIN-SUIT
formers,FORMERS
buttn,BUTTON
dongle,DONGLE
customized,CUSTOMIZED
micrograin,MICROGRAIN
greasing,GREASING
bioreactor,BIOREACTOR
pena,PENA
refelctive,REFLECTIVE
cameras,CAMERAS
tickets,TICKETS
zoro,ZORO
intrconn,INTERCONNECT
fluidizing,FLUIDIZING
prepolymer,PREPOLYMER
munters,MUNTERS
mahr,MAHR
pcp,PCP
protectoseal,PROTECTOSEAL
rubberfab,RUBBER-FAB
sae45,SAE-SPECIFICATION
caldwell,CALDWELL
thermister,THERMISTOR
escapment,ESCAPEMENT
titrating,TITRATING
multilock,MULTILOCK
internormen,INTERNORMEN
ballnut,BALL-NUT
backpressure,BACK-PRESSURE
usm,USM
trackball,TRACKBALL
hdwre,HARDWARE
potentio,POTENTIOMETER
positi,POSITION
feedroll,FEED-ROLL
bugl,BUGLE
garolite,GAROLITE
abicor,ABICOR-BINZEL
epox,EPOXY
minipleat,MINIPLEAT
spotwel,SPOT-WELD
stepseal,STEPSEAL
peltier,PELTIER
capacito,CAPACITOR
hussman,HUSSMANN
dollinger,DOLLINGER
polyurathane,POLYURETHANE
ezlok,E-Z-LOK
sci,SCI
solenoids,SOLENOID
pulser,PULSER
stepladde,STEPLADDER
reapir,REPAIR
fixe,FIXED
makes,MAKES
pozdrv,POZIDRIV
autoquip,AUTOQUIP
overide,OVERRIDE
guehring,GUHRING
ndexable,INDEXABLE
alloysteel,ALLOY-STEEL
andon,ANDON
sockethead,SOCKET-HEAD
servostar,SERVOSTAR
filliste,FILLISTER
hardchrome,HARD-CHROME
knurls,KNURL
russellstoll,RUSSELLSTOLL
munoz,MUNOZ
arclink,ARCLINK
flir,FLIR
welds,WELDS
shotblast,SHOT-BLAST
din471,DIN-STANDARD
nonshielded,NON-SHIELDED
cylinderical,CYLINDRICAL
photoele,PHOTOELECTRIC
interloc,INTERLOCK
browne,BROWNE
interf,INTERFACE
albemarle,ALBEMARLE
sulzer,SULZER
contrllr,CONTROLLER
rte,RTE
sprayhead,SPRAY-HEAD
arbon,CARBON
straght,STRAIGHT
haynes,HAYNES
coupnut,COUPLING-NUT
hydracell,HYDRA-CELL
widia,WIDIA
winslow,WINSLOW
armorblock,ARMORBLOCK
din371,DIN-STANDARD
mpu,MICROPROCESSOR-UNIT
saphire,SAPPHIRE
parkas,PARKAS
emo,EMO
presetter,PRESETTER
graybar,GRAYBAR
headers,HEADERS
pulls,PULLS
modle,MODEL
communicatio,COMMUNICATION
canbus,CAN-BUS
amplifire,AMPLIFIER
jpn,JPN
crossrec,CROSS-RECESS
freqency,FREQUENCY
waterresist,WATER-RESISTANT
schnorr,SCHNORR
zeston,ZESTON
dynisco,DYNISCO
bellville,BELLEVILLE
deionization,DEIONIZATION
omala,OMALA
connectin,CONNECTING
hauck,HAUCK
carabine,CARABINER
mkiii,MARK-III
slydring,SLYDRING
corothr,COROTHREAD
gortite,GORTITE
anilox,ANILOX
bullets,BULLET
backups,BACKUPS
coneyor,CONVEYOR
agitato,AGITATOR
hexhd,HEX-HEAD
robicon,ROBICON
highpower,HIGH-POWER
fujinon,FUJINON
contol,CONTROL
oriface,ORIFICE
wieland,WIELAND
sysmac,SYSMAC
solnoid,SOLENOID
reactivator,REACTIVATOR
wyatt,WYATT
polyacetal,POLYACETAL
filtrec,FILTREC
endeffector,END-EFFECTOR
flotect,FLOTECT
maglock,MAG-LOCK
ciruit,CIRCUIT
fomblin,FOMBLIN
nonpotbl,NON-POTABLE
twiflex,TWIFLEX
carbonized,CARBONIZED
endress,ENDRESS+HAUSER
recalibrated,RECALIBRATED
senor,SENSOR
siba,SIBA
transfomer,TRANSFORMER
obdii,OBD-II
polybutylene,POLYBUTYLENE
optoelectronic,OPTOELECTRONIC
filterite,FILTERITE
lbsin,POUND-INCH
macromelt,MACROMELT
intrfc,INTERFACE
ulkhead,BULKHEAD
mates,MATES
comprtmt,COMPARTMENT
gildan,GILDAN
ovens,OVENS
cheesehead,CHEESE-HEAD
refrigerated,REFRIGERATED
ricoh,RICOH
equipme,EQUIPMENT
thorton,THORNTON
thermocpl,THERMOCOUPLE
forklifts,FORK-LIFTS
brakemotor,BRAKE-MOTOR
rwma,RESISTANCE-WELDER-MANUFACTURERS-ASSOCIATION
cushman,CUSHMAN
recptacle,RECEPTACLE
mnting,MOUNTING
memosens,MEMOSENS
details,DETAILS
oilseal,OIL-SEAL
sharkbit,SHARKBITE
flatbar,FLAT-BAR
manufacturers,MANUFACTURERS
pipettes,PIPETTE
polyflow,POLYFLOW
syring,SYRINGE
isolater,ISOLATOR
autobag,AUTOBAG
unwinder,UNWINDER
koken,KOKEN
cartride,CARTRIDGE
okamoto,OKAMOTO
adding,ADDING
isolators,ISOLATOR
hardwar,HARDWARE
updated,UPDATED
hengstler,HENGSTLER
compnt,COMPONENT
carbd,CARBIDE
sargent,SARGENT
quickstop,QUICK-STOP
gds,GDS
hoodies,HOODIE
hifeed,HIGH-FEED
adapts,ADAPTS
mkii,MARK-II
gsket,GASKET
dickson,DICKSON
sae841,SAE-SPECIFICATION
oracal,ORACAL
markem,MARKEM
xducer,TRANSDUCER
elev,ELEV
cyclindrical,CYLINDRICAL
onversion,CONVERSION
aperature,APERTURE
shanks,SHANKS
onduit,CONDUIT
micropulse,MICROPULSE
refrigiwear,REFRIGIWEAR
borin,BORING
clmpg,CLAMPING
precitec,PRECITEC
harding,HARDING
motio,MOTION
ovrld,OVERLOAD
covidien,COVIDIEN
exlar,EXLAR
psid,PSID
adjustin,ADJUSTING
mccb,MOLDED-CASE-CIRCUIT-BREAKER
crayons,CRAYONS
transmitr,TRANSMITTER
keller,KELLER
stromag,STROMAG
dialight,DIALIGHT
followe,FOLLOWER
forrest,FORREST
expn,EXPANSION
sproket,SPROCKET
sciences,SCIENCES
helica,HELICAL
prosense,PROSENSE
iso6149,ISO-STANDARD
primerless,PRIMERLESS
mystik,MYSTIK
diamet,DIAMETER
aprox,APPROX
telstar,TELSTAR
rocklinizer,ROCKLINIZER
selfinking,SELF-INKING
bollhoff,BÖLLHOFF
feedwater,FEEDWATER
vigo,VIGO
accumulatr,ACCUMULATOR
contactless,CONTACTLESS
alg,ALG
raiselower,RAISE-LOWER
curves,CURVES
cody,CODY
meiji,MEIJI
pucks,PUCKS
located,LOCATED
pressuer,PRESSURE
partlow,PARTLOW
mahle,MAHLE
nonspring,NON-SPRING
dampner,DAMPENER
applying,APPLYING
cat6a,CABLE-CATEGORY
chainfall,CHAIN-FALL
turnin,TURNING
highperformance,HIGH-PERFORMANCE
woodru,WOODRUFF
buehler,BUEHLER
nitrd,NITRIDE
telfon,TEFLON
unibilt,UNIBILT
ramirez,RAMIREZ
diaphgram,DIAPHRAGM
uhlman,UHLMANN
holp,HOLP
begins,BEGINS
galvaniz,GALVANIZED
dina,DINA
tempering,TEMPERING
drylin,DRYLIN
wheelabrator,WHEELABRATOR
trolle,TROLLEY
thornton,THORNTON
teslin,TESLIN
nutrunne,NUTRUNNER
padlck,PADLOCK
mitsui,MITSUI
travers,TRAVERS
purg,PURGE
guiderail,GUIDE-RAIL
giddings,GIDDINGS-&-LEWIS
feede,FEEDER
mufflers,MUFFLER
moduflex,MODUFLEX
recoated,RECOATED
gearmot,GEARMOTOR
stems,STEMS
hreadlocker,THREADLOCKER
continenta,CONTINENTAL
bonfiglioli,BONFIGLIOLI
microtech,MICROTECH
rockford,ROCKFORD
limo,LIMO
starters,STARTER
rhodia,RHODIA
mulit,MULTI
temerature,TEMPERATURE
ergomat,ERGOMAT
rds,RDS
panelmount,PANEL-MOUNT
no348,NUMBER
roughtop,ROUGH-TOP
nidec,NIDEC
deployed,DEPLOYED
digits,DIGITS
mutlispindle,MULTISPINDLE
restrooms,RESTROOM
durakool,DURAKOOL
a312,ASTM-SPECIFICATION
horiba,HORIBA
hacksa,HACKSAW
locati,LOCATING
rossi,ROSSI
pheumatic,PNEUMATIC
actutator,ACTUATOR
highflow,HIGH-FLOW
disconct,DISCONNECT
conducto,CONDUCTOR
actuatr,ACTUATOR
piercedi,PIERCE-DIE
slimfit,SLIM-FIT
gromet,GROMMET
iso1,ISO-STANDARD
kaydon,KAYDON
diskette,DISKETTE
maintenace,MAINTENANCE
bonnett,BONNET
bellofram,BELLOFRAM
dblended,DOUBLE-ENDED
analo,ANALOG
mvd,MVD
conditioners,CONDITIONER
highfeed,HIGH-FEED
airoperated,AIR-OPERATED
digitl,DIGITAL
tjoint,T-JOINT
flowline,FLOW-LINE
intak,INTAKE
diaphrm,DIAPHRAGM
scalance,SCALANCE
vibratn,VIBRATION
prximity,PROXIMITY
catepillar,CATERPILLAR
kuroda,KURODA
bracode,BARCODE
packagi,PACKAGING
etchant,ETCHANT
apprvl,APPROVAL
liftin,LIFTING
mclean,MCLEAN
wearplate,WEAR-PLATE
miniflapwheel,MINI-FLAP-WHEEL
diposable,DISPOSABLE
nissa,NISSAN
chipbreakers,CHIP-BREAKERS
bandpass,BAND-PASS
monobolt,MONOBOLT
flourescent,FLUORESCENT
rotron,ROTRON
converyor,CONVEYOR
fabricated,FABRICATED
designjet,DESIGNJET
drexelbrook,DREXELBROOK
sidemount,SIDE-MOUNT
potentiomete,POTENTIOMETER
electropolish,ELECTRO-POLISH
rotometer,ROTAMETER
sears,SEARS
lubriquip,LUBRIQUIP
manitowoc,MANITOWOC
hivac,HIGH-VACUUM
nitrided,NITRIDED
columns,COLUMNS
ounterbore,COUNTERBORE
obb,OBB
multiplexer,MULTIPLEXER
temperture,TEMPERATURE
aligment,ALIGNMENT
orific,ORIFICE
remot,REMOTE
rulmeca,RULMECA
processer,PROCESSOR
vertica,VERTICAL
cntrsunk,COUNTERSUNK
centrif,CENTRIFUGAL
powderd,POWDERED
gca,GCA
tees,TEES
moguls,MOGULS
reservior,RESERVOIR
vibratio,VIBRATION
shoulde,SHOULDER
uneql,UNEQUAL
frisch,FRISCH
hydromatic,HYDROMATIC
sugino,SUGINO
syltherm,SYLTHERM
nacho,NACHO
gearb,GEARBOX
chek,CHECK
pdf,PDF
alloyed,ALLOYED
pressuretrol,PRESSURETROL
tritan,TRITAN
tighteners,TIGHTENER
automtv,AUTOMOTIVE
corian,CORIAN
potentiometr,POTENTIOMETER
velan,VELAN
tadiran,TADIRAN
dunn,DUNN
flowswitch,FLOW-SWITCH
din472,DIN-STANDARD
carbonfiber,CARBON-FIBER
centrifical,CENTRIFUGAL
expenses,EXPENSES
detacha,DETACHABLE
floors,FLOOR
clylinder,CYLINDER
mezz,MEZZANINE
hammermill,HAMMER-MILL
dmz,DMZ
weldtip,WELD-TIP
retroreflectiv,RETROREFLECTIVE
lutze,LÜTZE
accumulators,ACCUMULATOR
semibottom,SEMI-BOTTOM
grindg,GRINDING
pinsocket,PIN-SOCKET
westfalia,WESTFALIA
toolin,TOOLING
polyamid,POLYAMIDE
pfeiffer,PFEIFFER
flatted,FLATTED
trimpot,TRIMPOT
freestyle,FREESTYLE
nichrome,NICHROME
motorresolver,MOTOR-RESOLVER
mototrbo,MOTOTRBO
gallons,GALLON
onepc,ONE-PIECE
cigarettes,CIGARETTES
installatio,INSTALLATION
decoiler,DE-COILER
called,CALLED
partno,PART-NUMBER
tynex,TYNEX
drawin,DRAWING
legrand,LEGRAND
hourmeter,HOUR-METER
positiv,POSITIVE
ultraprobe,ULTRAPROBE
turnbuc,TURNBUCKLE
reusables,REUSABLE
handybox,HANDY-BOX
antivibrate,ANTI-VIBRATE
wheelock,WHEELOCK
sperry,SPERRY
stevenson,STEVENSON
automtc,AUTOMATIC
plypro,POLYPROPYLENE
compession,COMPRESSION
contacter,CONTACTOR
conroller,CONTROLLER
minn,MINN
abducted,ABDUCTED
brinkmann,BRINKMANN
knrld,KNURLED
beckman,BECKMAN
interupt,INTERRUPT
tsudakoma,TSUDAKOMA
micromist,MICRO-MIST
bonne,BONNE
parafin,PARAFFIN
agastat,AGASTAT
trinco,TRINCO
flexbar,FLEXBAR
quikrete,QUIKRETE
oilres,OIL-RESISTANT
fastenal,FASTENAL
converte,CONVERTER
jigs,JIGS
overmol,OVERMOLDED
nippon,NIPPON
nasa,NASA
selenoid,SOLENOID
devilbliss,DEVILBISS
akzonobel,AKZONOBEL
heb,HEB
flexshaft,FLEX-SHAFT
xpander,EXPANDER
manville,MANVILLE
wenglor,WENGLOR
features,FEATURES
fieldvue,FIELDVUE
steelcraft,STEELCRAFT
solartron,SOLARTRON
roler,ROLLER
unscrambler,UNSCRAMBLER
endpoint,ENDPOINT
promass,PROMASS
snyder,SNYDER
hexdriver,HEX-DRIVER
psia,PSIA
rico,RICO
pnted,PAINTED
rwy,RWY
thermocou,THERMOCOUPLE
gasker,GASKET
litton,LITTON
addnl,ADDITIONAL
kline,KLINE
homogenizing,HOMOGENIZING
portland,PORTLAND
drwstrng,DRAWSTRING
din3770,DIN-STANDARD
dea,DEA
wedg,WEDGE
juarez,JUAREZ
palomar,PALOMAR
burks,BURKS
cosmoline,COSMOLINE
powermatic,POWERMATIC
elminator,ELIMINATOR
rsi,RSI
pricing,PRICING
oberdorfer,OBERDORFER
shurflo,SHURFLO
responders,RESPONDERS
aircat,AIRCAT
kennemetal,KENNAMETAL
elkonite,ELKONITE
bussbar,BUS-BAR
conditionin,CONDITIONING
gudel,GÜDEL
cadium,CADMIUM
weldmnt,WELDMENT
gluing,GLUING
gasketed,GASKETED
greene,GREENE
turbin,TURBINE
allignment,ALIGNMENT
proflng,PROFILING
photoeletric,PHOTOELECTRIC
noncogged,NON-COGGED
triger,TRIGGER
cato,CATO
photoelectri,PHOTOELECTRIC
emhart,EMHART
mainstream,MAINSTREAM
clampin,CLAMPING
drve,DRIVE
grindin,GRINDING
atos,ATOS
actutr,ACTUATOR
superceded,SUPERSEDED
ollet,COLLET
corothre,COROTHREAD
impco,IMPCO
dempsey,DEMPSEY
conrod,CON-ROD
pnhd,PAN-HEAD
impelle,IMPELLER
lyndexnikken,LYNDEX-NIKKEN
hdgalv,HOT-DIP-GALVANIZED
martindale,MARTINDALE
mendoza,MENDOZA
contitech,CONTITECH
detergen,DETERGENT
undercutters,UNDERCUTTERS
hardin,HARDIN
encdr,ENCODER
patton,PATTON
redington,REDINGTON
cartidges,CARTRIDGE
moldg,MOLDING
indie,INDIE
thermcouple,THERMOCOUPLE
reversibl,REVERSIBLE
schrack,SCHRACK
spiralwound,SPIRAL-WOUND
micropilot,MICROPILOT
oilembedded,OIL-EMBEDDED
photoel,PHOTOELECTRIC
movitrac,MOVITRAC
shrinkwrp,SHRINK-WRAP
hydronic,HYDRONIC
pushbuton,PUSHBUTTON
hydraforce,HYDRAFORCE
groschopp,GROSCHOPP
ratng,RATING
taiwan,TAIWAN
pipestraps,PIPE-STRAPS
trilobula,TRILOBULAR
ballscrw,BALL-SCREW
lubricatio,LUBRICATION
flushable,FLUSHABLE
targets,TARGETS
din3771,DIN-STANDARD
tatanium,TITANIUM
sugarcane,SUGARCANE
recessing,RECESSING
nanofiber,NANOFIBER
dunham,DUNHAM
spork,SPORK
vacumm,VACUUM
hexalobular,HEX-LOBULAR
fitng,FITTING
compostie,COMPOSITE
ferrel,FERRULE
shockless,SHOCKLESS
casteel,CAST-STEEL
resistors,RESISTOR
no414,NUMBER
vhs,VHS
colet,COLLET
wonderware,WONDERWARE
tempature,TEMPERATURE
recepatacle,RECEPTACLE
orthotics,ORTHOTICS
sensitized,SENSITIZED
quoted,QUOTED
mocap,MOCAP
strapack,STRAPACK
mbps,MEGABITS-PER-SECOND
suport,SUPPORT
pegbo,PEGBOARD
paddlewheel,PADDLE-WHEEL
morlina,MORLINA
jenkins,JENKINS
stockham,STOCKHAM
separators,SEPARATOR
mastering,MASTERING
quicktronic,QUICKTRONIC
misum,MISUMI
rexrot,REXROTH
minilamp,MINI-LAMP
pfister,PFISTER
fastnr,FASTENER
leeds,LEEDS
receiv,RECEIVER
coprocessor,COPROCESSOR
kuhnke,KUHNKE
spotwelding,SPOT-WELDING
woodruf,WOODRUFF
ersa,ERSA
connecter,CONNECTOR
sandisk,SANDISK
carquest,CARQUEST
stackers,STACKER
toggleswitc,TOGGLE-SWITCH
profilin,PROFILING
cylider,CYLINDER
extnd,EXTEND
dwgno,DRAWING-NUMBER
quarterturn,QUARTER-TURN
simpson,SIMPSON
springfield,SPRINGFIELD
safer,SAFER
cartons,CARTON
gruvlok,GRUVLOK
tachometers,TACHOMETER
sutton,SUTTON
pelco,PELCO
diaphrgm,DIAPHRAGM
norprene,NORPRENE
pulsatron,PULSATRON
feedbac,FEEDBACK
cllr,COLLAR
parbak,PARBAK
ohs,OHS
readhead,READ-HEAD
microcomputer,MICROCOMPUTER
zones,ZONES
exchangr,EXCHANGER
semirough,SEMI-ROUGH
stearated,STEARATED
pinsleeve,PIN-SLEEVE
selfclinching,SELF-CLINCHING
kilz,KILZ
junctio,JUNCTION
dosatron,DOSATRON
vishay,VISHAY
glasscloth,GLASS-CLOTH
rustlick,RUSTLICK
iso18752,ISO-STANDARD
deionizer,DEIONIZER
copies,COPIES
eccntr,ECCENTRIC
stoppering,STOPPERING
mojito,MOJITO
fiberfrax,FIBERFRAX
triplett,TRIPLETT
stevens,STEVENS
servoamplifier,SERVO-AMPLIFIER
springreturn,SPRING-RETURN
embeddable,EMBEDDABLE
f593,ASTM-SPECIFICATION
nozzletip,NOZZLE-TIP
cylindler,CYLINDER
corrosiv,CORROSIVE
carraige,CARRIAGE
hyrdaulic,HYDRAULIC
zipped,ZIPPED
avaya,AVAYA
symmons,SYMMONS
expande,EXPANDER
devoe,DEVOE
dims,DIMENSION
renches,WRENCH
spidex,SPIDEX
stoppe,STOPPER
furnac,FURNACE
bumpe,BUMPER
locke,LOCKE
potentiom,POTENTIOMETER
kimble,KIMBLE
retained,RETAINED
intelli,INTELLIGENT
sillcock,SILLCOCK
pfaudle,PFAUDLER
dresse,DRESSER
crossbea,CROSSBEAM
ultralightweight,ULTRA-LIGHTWEIGHT
ontacts,CONTACT
machineable,MACHINABLE
nad,NAD
accumlator,ACCUMULATOR
fisherbrand,FISHERBRAND
din2080,DIN-STANDARD
remvd,REMOVED
tests,TESTS
rainsuite,RAIN-SUIT
elapsed,ELAPSED
mcdaniel,MCDANIEL
attaching,ATTACHING
flowcontrol,FLOW-CONTROL
moniter,MONITOR
nonflush,NON-FLUSH
traub,TRAUB
waldmann,WALDMANN
minco,MINCO
meyer,MEYER
temprature,TEMPERATURE
suva,SUVA
analyzr,ANALYZER
lib,LIB
ergotron,ERGOTRON
perman,PERMANENT
tourch,TORCH
replacable,REPLACEABLE
dvd,DVD
expanders,EXPANDER
mplete,COMPLETE
chairs,CHAIRS
ericsson,ERICSSON
powerware,POWERWARE
ubender,U-BENDER
kopflex,KOP-FLEX
everpure,EVERPURE
thermcpl,THERMOCOUPLE
torsio,TORSION
vav,VAV
nema23,NEMA-RATING
teejet,TEEJET
immerson,IMMERSION
din580,DIN-STANDARD
permaglide,PERMAGLIDE
barfeeder,BAR-FEEDER
convyor,CONVEYOR
kelley,KELLEY
partners,PARTNERS
blackburn,BLACKBURN
proximityswitch,PROXIMITY-SWITCH
kanban,KANBAN
spears,SPEARS
inflatabl,INFLATABLE
vestil,VESTIL
proport,PROPORTIONAL
pneaumatic,PNEUMATIC
eeprom,ELECTRICALLY-ERASABLE-PROGRAMMABLE-READ-ONLY-MEMORY
curtin,CURTIN
purlins,PURLINS
authorizd,AUTHORIZED
immersiable,IMMERSIBLE
pneumadyne,PNEUMADYNE
shrwrp,SHRINK-WRAP
comparitor,COMPARATOR
throttl,THROTTLE
wsw,WSW
sensorswitch,SENSOR-SWITCH
tinnerman,TINNERMAN
ils,ILS
microcut,MICROCUT
averaging,AVERAGING
semiconducto,SEMICONDUCTOR
struers,STRUERS
viscosit,VISCOSITY
cntrlr,CONTROLLER
coordin,COORDINATE
portacool,PORT-A-COOL
ionized,IONIZED
sissor,SCISSORS
availbl,AVAILABLE
rooftop,ROOFTOP
ndicator,INDICATOR
redlion,RED-LION
rekeyable,REKEYABLE
positon,POSITION
diaphraghm,DIAPHRAGM
toyooki,TOYOOKI
powertrain,POWERTRAIN
wetvac,WET-VAC
deltronic,DELTRONIC
ceratip,CERATIP
juction,JUNCTION
flender,FLENDER
sihi,SIHI
clearnc,CLEARANCE
tregaskis,TREGASKISS
oddyssey,ODYSSEY
vition,VITON
brazie,BRAZIER
solutn,SOLUTION
skyjack,SKYJACK
burris,BURRIS
risistor,RESISTOR
din376,DIN-STANDARD
antiextru,ANTI-EXTRUSION
combdrl,COMBINATION-DRILL
rollover,ROLLOVER
hsscobalt,HSS-COBALT
pulsalube,PULSALUBE
suhner,SUHNER
postioner,POSITIONER
actuater,ACTUATOR
noncounterbored,NON-COUNTERBORED
indexiable,INDEXABLE
dressr,DRESSER
panelmolding,PANEL-MOLDING
flows,FLOWS
luminated,ILLUMINATED
seeger,SEEGER
bigfoot,BIGFOOT
chanel,CHANEL
vibrtn,VIBRATION
progr,PROGRAM
mainshaft,MAIN-SHAFT
grmmt,GROMMET
contersink,COUNTERSINK
polyurethene,POLYURETHANE
fellows,FELLOWS
wafering,WAFERING
kaeser,KAESER
thermolabel,THERMOLABEL
circlr,CIRCULAR
rna,RNA
rightleft,RIGHT-LEFT
pheonix,PHOENIX
repairkit,REPAIR-KIT
jumo,JUMO
sltted,SLOTTED
opnendwren,OPEN-END-WRENCH
trueunion,TRUE-UNION
faucets,FAUCET
hirose,HIROSE
threadmil,THREAD-MILL
orders,ORDERS
distributio,DISTRIBUTION
stencils,STENCIL
spindal,SPINDLE
longneck,LONG-NECK
anticollision,ANTI-COLLISION
internet,INTERNET
zachary,ZACHARY
byrd,BYRD
modifd,MODIFIED
simmons,SIMMONS
electrd,ELECTRODE
incandescant,INCANDESCENT
repaird,REPAIRED
programmabl,PROGRAMMABLE
oillite,OILITE
canare,CANARE
multibus,MULTIBUS
xeroform,XEROFORM
deion,DEIONIZED
magnatrol,MAGNATROL
raisd,RAISED
multivariable,MULTIVARIABLE
veeco,VEECO
lockwas,LOCK-WASHER
pltfrm,PLATFORM
photoelectr,PHOTOELECTRIC
generato,GENERATOR
gefran,GEFRAN
specialties,SPECIALTIES
torchmount,TORCH-MOUNT
pokayoke,POKA-YOKE
nitta,NITTA
pctfe,POLYCHLOROTRIFLUOROETHYLENE
merrill,MERRILL
klockner,KLÖCKNER
gridley,GRIDLEY
angul,ANGULAR
ovrlap,OVERLAP
slector,SELECTOR
chambe,CHAMBER
orque,TORQUE
paging,PAGING
coolers,COOLER
cincinnat,CINCINNATI
wheelhead,WHEEL-HEAD
metrol,METROL
r404a,REFRIGERANT
roemheld,RÖMHELD
richardson,RICHARDSON
graphi,GRAPHITE
inductosyn,INDUCTOSYN
hexcap,HEX-CAP
blum,BLUM
shoulders,SHOULDER
armorstart,ARMORSTART
pneumatc,PNEUMATIC
fixd,FIXED
sylomer,SYLOMER
bulkhea,BULKHEAD
moldng,MOLDING
airpowered,AIR-POWERED
drillmil,DRILL-MILL
antireflective,ANTI-REFLECTIVE
platinuim,PLATINUM
mortis,MORTISE
powell,POWELL
contrinex,CONTRINEX
thermocouples,THERMOCOUPLE
proximi,PROXIMITY
punctr,PUNCTURE
brcket,BRACKET
measurment,MEASUREMENT
lochinvar,LOCHINVAR
knees,KNEES
bancroft,BANCROFT
dessau,DESSAU
furnaces,FURNACE
profibu,PROFIBUS
pneumax,PNEUMAX
vespel,VESPEL
whel,WHEEL
senson,SENSOR
deadend,DEAD-END
grayhill,GRAYHILL
reinforcd,REINFORCED
stabalizer,STABILIZER
kuka,KUKA
nosepiec,NOSEPIECE
eur,EUR
unclogging,UNCLOGGING
kohms,KILOHMS
hardwa,HARDWARE
contl,CONTROL
defoam,DEFOAMER
maxell,MAXELL
eliptical,ELLIPTICAL
threadsealant,THREAD-SEALANT
tubesheet,TUBE-SHEET
touchscre,TOUCHSCREEN
mouldng,MOLDING
bidir,BIDIRECTIONAL
semihermetic,SEMI-HERMETIC
alvarez,ALVAREZ
skirts,SKIRTS
spraybooth,SPRAY-BOOTH
deviating,DEVIATING
analizer,ANALYZER
ironhorse,IRONHORSE
fadal,FADAL
retension,RETENTION
motovario,MOTOVARIO
athl,ATHLETIC
flarnut,FLARE-NUT
firesleeve,FIRE-SLEEVE
thermomet,THERMOMETER
comprssr,COMPRESSOR
fdbck,FEEDBACK
cmbstbl,COMBUSTIBLE
preforms,PREFORMS
prototyp,PROTOTYPE
profiles,PROFILE
clampng,CLAMPING
robinson,ROBINSON
huot,HUOT
frye,FRYE
timng,TIMING
pressureswitch,PRESSURE-SWITCH
psticid,PESTICIDE
cpling,COUPLING
fri,FRI
steelwire,STEEL-WIRE
flammab,FLAMMABLE
admttnc,ADMITTANCE
rotap,RO-TAP
zirconiated,ZIRCONIATED
admittnc,ADMITTANCE
photoelectic,PHOTOELECTRIC
zinsser,ZINSSER
photolumin,PHOTOLUMINESCENT
elastoplast,ELASTOPLAST
hays,HAYS
replacmn,REPLACEMENT
liftgate,LIFT-GATE
harmsco,HARMSCO
starite,STA-RITE
daniels,DANIELS
delaney,DELANEY
meterin,METERING
gavazzi,CARLO-GAVAZZI
leaking,LEAKING
opamp,OP-AMP
follwer,FOLLOWER
hewlettpackard,HEWLETT-PACKARD
rodgers,RODGERS
outout,OUTPUT
poweron,POWER-ON
markiii,MARK-III
doz,DOZ
distribu,DISTRIBUTION
london,LONDON
ruiz,RUIZ
circiut,CIRCUIT
beckett,BECKETT
hydrolic,HYDRAULIC
beebe,BEEBE
postive,POSITIVE
faa,FAA
lagun,LAGUN
shppng,SHIPPING
mircon,MICRON
twinaxial,TWINAXIAL
durom,DUROMETER
sensus,SENSUS
proximty,PROXIMITY
tecna,TECNA
kobalt,KOBALT
sylgard,SYLGARD
iwaki,IWAKI
counterboring,COUNTERBORING
gama,GAMA
selecting,SELECTING
tranfer,TRANSFER
exhuast,EXHAUST
electrified,ELECTRIFIED
spheres,SPHERES
gearbo,GEARBOX
italy,ITALY
seperating,SEPARATING
palte,PLATE
jayne,JAYNE
frequenc,FREQUENCY
sightglas,SIGHT-GLASS
shinko,SHINKO
transfor,TRANSFORMER
backshells,BACK-SHELLS
spindel,SPINDLE
rubatex,RUBATEX
handsoap,HAND-SOAP
illuminat,ILLUMINATED
fumed,FUMED
yask,YASKAWA
kluberoil,KLÜBER
waldorf,WALDORF
prusa,PRUSA
absorbers,ABSORBER
pella,PELLA
brusa,BRUSA
counterbored,COUNTERBORED
microinch,MICROINCH
macropoxy,MACROPOXY
yokogawa,YOKOGAWA
softjaw,SOFT-JAW
mhd,MHD
extened,EXTENDED
complian,COMPLIANCE
temperatu,TEMPERATURE
otb,OTB
noflow,NO-FLOW
coord,COORDINATE
oblng,OBLONG
handsfree,HANDS-FREE
ohg,OHG
feedline,FEED-LINE
flattened,FLATTENED
pulltab,PULL-TAB
permanet,PERMANENT
helic,HELICAL
barron,BARRON
removers,REMOVER
coaxil,COAXIAL
din8187,DIN-STANDARD
bursh,BRUSH
shaftmount,SHAFT-MOUNT
firefighters,FIREFIGHTER
tanto,TANTO
kitted,KITTED
surveyo,SURVEYOR
rheem,RHEEM
nokia,NOKIA
cabon,CARBON
dustcover,DUSTCOVER
covestro,COVESTRO
retrorefl,RETROREFLECTIVE
nurled,KNURLED
oringseal,O-RING-SEAL
loudspeaker,LOUDSPEAKER
kilohms,KILOHMS
transducers,TRANSDUCER
tiu,TIU
sanitry,SANITARY
denali,DENALI
rdhd,ROUND-HEAD
bandsw,BAND-SAW
durome,DUROMETER
obsole,OBSOLETE
alligato,ALLIGATOR
duragauge,DURAGAUGE
soleoid,SOLENOID
hopkins,HOPKINS
quickclamp,QUICK-CLAMP
worthington,WORTHINGTON
aust,AUST
interch,INTERCHANGEABLE
capillaries,CAPILLARY
preloaded,PRELOADED
tightner,TIGHTENER
houdaille,HOUDAILLE
afterfilter,AFTER-FILTER
ampli,AMPLIFIER
circumf,CIRCUMFERENCE
tylok,TYLOK
byers,BYERS
diaphragms,DIAPHRAGM
dts,DTS
alloys,ALLOY
handtool,HAND-TOOL
cassett,CASSETTE
mobilube,MOBILUBE
seiko,SEIKO
lapmaster,LAPMASTER
piolt,PILOT
replacmnt,REPLACEMENT
polymerized,POLYMERIZED
clarke,CLARKE
raf,RAF
termperature,TEMPERATURE
hayes,HAYES
superabrasive,SUPERABRASIVE
optcl,OPTICAL
buil,BUILD
omnidirectional,OMNIDIRECTIONAL
surpressor,SUPPRESSOR
regulations,REGULATIONS
targus,TARGUS
firewire,FIREWIRE
alkaseltzer,ALKA-SELTZER
vibrati,VIBRATION
commissioning,COMMISSIONING
vulkollan,VULKOLLAN
thrtl,THROTTLE
preasure,PRESSURE
hastel,HASTELLOY
ultravio,ULTRAVIOLET
gilman,GILMAN
grommt,GROMMET
reservoirs,RESERVOIR
padeye,PADEYE
peripherals,PERIPHERALS
electode,ELECTRODE
gearmotors,GEAR-MOTORS
impuls,IMPULSE
processo,PROCESSOR
belows,BELLOWS
ramos,RAMOS
sims,SIMS
juncti,JUNCTION
castin,CASTING
multidiameter,MULTIDIAMETER
eatshrink,HEAT-SHRINK
hanifin,HANNIFIN
coordinate,COORDINATE
doorstops,DOOR-STOPS
intralox,INTRALOX
glidcop,GLIDCOP
aguilar,AGUILAR
zimmer,ZIMMER
shaftmounted,SHAFT-MOUNTED
quarts,QUARTS
steinel,STEINEL
powerstrut,POWER-STRUT
airfilter,AIR-FILTER
variac,VARIAC
perfluoroelasto,PERFLUOROELASTOMER
invensys,INVENSYS
springclip,SPRING-CLIP
extru,EXTRUDE
din913,DIN-STANDARD
ul1061,UL-STANDARD
cascading,CASCADING
briskheat,BRISKHEAT
mushr,MUSHROOM
watkins,WATKINS
developments,DEVELOPMENTS
pinions,PINION
enmet,ENMET
deltech,DELTECH
belmont,BELMONT
elcometer,ELCOMETER
regan,REGAN
hipressur,HIGH-PRESSURE
retanin,RETAINING
premounted,PREMOUNTED
electical,ELECTRICAL
flurocarbon,FLUOROCARBON
foods,FOODS
blanchar,BLANCHARD
orienting,ORIENTING
assrt,ASSORTED
pwrsupply,POWER-SUPPLY
monoject,MONOJECT
mersen,MERSEN
sullaire,SULLAIR
compan,COMPANY
directio,DIRECTION
stapl,STAPLE
pushpul,PUSH-PULL
hussmannann,HUSSMANN
pushers,PUSHERS
wahl,WAHL
positioni,POSITIONING
eccobond,ECCOBOND
autofocus,AUTO-FOCUS
chippewa,CHIPPEWA
settin,SETTING
prescale,PRESCALE
simichrome,SIMICHROME
isocyanates,ISOCYANATES
porsche,PORSCHE
reactors,REACTORS
housi,HOUSING
pmeumatic,PNEUMATIC
antivibrati,ANTI-VIBRATION
repositioning,REPOSITIONING
toolhldr,TOOLHOLDER
babbitted,BABBITTED
ely,ELY
eurodriv,EURODRIVE
nirogen,NITROGEN
walters,WALTERS
pewag,PEWAG
inoculating,INOCULATING
roses,ROSES
titrant,TITRANT
servodrive,SERVO-DRIVE
overlapping,OVERLAPPING
toolchanger,TOOL-CHANGER
chevro,CHEVROLET
fanned,FANNED
balancers,BALANCERS
lockdown,LOCKDOWN
maniford,MANIFOLD
extracto,EXTRACTOR
fran,FRAN
resv,RESERVOIR
transvector,TRANSVECTOR
beverages,BEVERAGES
richards,RICHARDS
whitmore,WHITMORE
multilevel,MULTILEVEL
waterseal,WATER-SEAL
degassing,DEGASSING
ieee,IEEE
extends,EXTEND
brazi,BRAZING
fullsize,FULL-SIZE
lghtwgt,LIGHTWEIGHT
lenoid,SOLENOID
samples,SAMPLES
rectangl,RECTANGLE
laplace,LAPLACE
soudronic,SOUDRONIC
multimode,MULTIMODE
towbar,TOW-BAR
tensionmeter,TENSION-METER
fireeye,FIREYE
reemay,REEMAY
klozure,KLOZURE
microcell,MICROCELL
pasco,PASCO
haloge,HALOGEN
anglr,ANGULAR
prgming,PROGRAMMING
airtac,AIRTAC
vyon,VYON
sulfite,SULFITE
verticl,VERTICAL
activermr,ACTIVARMR
completed,COMPLETED
assambley,ASSEMBLY
bax,BAX
checkweightor,CHECKWEIGHER
obsoleted,OBSOLETED
differental,DIFFERENTIAL
kidskn,KIDSKIN
pivo,PIVOT
slats,SLATS
lockwash,LOCK-WASHER
kickstand,KICKSTAND
clning,CLEANING
hms,HMS
din988,DIN-STANDARD
terminated,TERMINATED
crenshaw,CRENSHAW
cyliinder,CYLINDER
cuum,VACUUM
isoltr,ISOLATOR
condensat,CONDENSATE
retainng,RETAINING
reinshaw,RENISHAW
coolent,COOLANT
packng,PACKAGING
no106,NUMBER
acurite,ACURITE
dspnsr,DISPENSER
modlue,MODULE
indicatng,INDICATING
cmyk,CYAN-MAGENTA-YELLOW-BLACK
rios,RIOS
powermodule,POWER-MODULE
expandin,EXPANDING
digitial,DIGITAL
electromag,ELECTROMAGNETIC
exhau,EXHAUST
multiparameter,MULTIPARAMETER
astener,FASTENER
regreas,REGREASE
hardnes,HARDNESS
pendan,PENDANT
en388,EN-STANDARD
wipper,WIPER
asssembly,ASSEMBLY
sheetrock,SHEETROCK
rctnglr,RECTANGULAR
endust,ENDUST
filaments,FILAMENT
prehard,PREHARD
deburing,DEBURRING
tansducer,TRANSDUCER
armatur,ARMATURE
feedr,FEEDER
fluorel,FLUOREL
panelmate,PANELMATE
skeletool,SKELETOOL
stafford,STAFFORD
sunoco,SUNOCO
measurex,MEASUREX
labrinth,LABYRINTH
gutierrez,GUTIERREZ
ndfeb,NDFEB-NEODYMIUM-MAGNET
lockring,LOCK-RING
ellis,ELLIS
explosv,EXPLOSIVE
adhv,ADHESIVE
highprecision,HIGH-PRECISION
oao,OAO
retainging,RETAINING
transmision,TRANSMISSION
landa,LANDA
roximity,PROXIMITY
conoflow,CONOFLOW
profilometer,PROFILOMETER
resized,RESIZED
optex,OPTEX
spotwelder,SPOT-WELDER
securty,SECURITY
highstrength,HIGH-STRENGTH
aluminun,ALUMINUM
flights,FLIGHTS
gomez,GOMEZ
mouvex,MOUVEX
sideload,SIDE-LOAD
cusion,CUSHION
filed,FILED
clarified,CLARIFIED
aircraf,AIRCRAFT
maximator,MAXIMATOR
evans,EVANS
heilcal,HELICAL
noslip,NO-SLIP
interconnecting,INTERCONNECTING
threadseal,THREAD-SEAL
barnstead,BARNSTEAD
chromel,CHROMEL
partswasher,PARTS-WASHER
sleevng,SLEEVING
payne,PAYNE
aida,AIDA
hirschmann,HIRSCHMANN
contrologix,CONTROLLOGIX
decatur,DECATUR
uniweld,UNIWELD
aec,AEC
spareparts,SPARE-PARTS
substitutes,SUBSTITUTE
keyserts,KEYSERT
hnywl,HONEYWELL
exlarge,EXTRA-LARGE
compensat,COMPENSATOR
wedeco,WEDECO
transdcr,TRANSDUCER
xerographic,XEROGRAPHIC
vaisala,VAISALA
fpo,FPO
preinked,PRE-INKED
patterns,PATTERN
mosfet,MOSFET
din20,DIN-STANDARD
disply,DISPLAY
cincinnatti,CINCINNATI
vii,VII
holdown,HOLD-DOWN
wreching,WRENCHING
cycles,CYCLE
govenor,GOVERNOR
vtwin,V-TWIN
generat,GENERATOR
drilll,DRILL
anchorlube,ANCHORLUBE
sachets,SACHETS
explosiv,EXPLOSIVE
valdez,VALDEZ
fsf,FSF
eptfe,EXPANDED-PTFE
splitcore,SPLIT-CORE
cyndr,CYLINDER
molds,MOLDS
graphfoil,GRAFOIL
knurledhead,KNURLED-HEAD
intensefier,INTENSIFIER
mcintyre,MCINTYRE
minitrend,MINITREND
vshpd,V-SHAPED
reflectr,REFLECTOR
roducts,PRODUCT
powertwist,POWERTWIST
diod,DIODE
micropoise,MICROPOISE
inflateable,INFLATABLE
afb,AFB
sase,SASE
dezurik,DEZURIK
solut,SOLUTION
controllogi,CONTROLLOGIX
nicplt,NICKEL-PLATED
commutating,COMMUTATING
newbury,NEWBURY
accumulat,ACCUMULATOR
watertigh,WATERTIGHT
cantiliever,CANTILEVER
telecentric,TELECENTRIC
anu,ANU
hosing,HOSING
lechler,LECHLER
cylnider,CYLINDER
amprobe,AMPROBE
no120,NUMBER
oas,OAS
hastell,HASTELLOY
glides,GLIDES
amsoil,AMSOIL
mcguire,MCGUIRE
raisedface,RAISED-FACE
mmhg,MILLIMETERS-OF-MERCURY
squeegie,SQUEEGEE
fostoria,FOSTORIA
modulated,MODULATED
turre,TURRET
connectore,CONNECTOR
rotart,ROTARY
selonoid,SOLENOID
collec,COLLECTOR
gound,GROUND
authoriz,AUTHORIZED
reflecto,REFLECTOR
ufa,UFA
switchgage,SWICHGAGE
paperclip,PAPERCLIP
multipocket,MULTIPOCKET
precoat,PRECOAT
solderd,SOLDERED
fedex,FEDEX
tsubishi,MITSUBISHI
quantm,QUANTUM
interapid,INTERAPID
windsheild,WINDSHIELD
beltline,BELT-LINE
satco,SATCO
accumulating,ACCUMULATING
tokheim,TOKHEIM
hanks,HANKS
ordering,ORDERING
locatr,LOCATOR
reconditioning,RECONDITIONING
firtree,FIR-TREE
cndct,CONDUCT
superbright,SUPER-BRIGHT
pigtai,PIGTAIL
twinax,TWINAX
textron,TEXTRON
dukane,DUKANE
sitrans,SITRANS
hrc50,ROCKWELL-C-HARDNESS
multioutlet,MULTI-OUTLET
cookie,COOKIE
sectio,SECTION
tweeco,TWECO
transmittr,TRANSMITTER
semikron,SEMIKRON
condens,CONDENSER
inches,INCHES
impleller,IMPELLER
rotek,ROTEK
riviters,RIVETER
wemco,WEMCO
kimax,KIMAX
padlockable,PADLOCKABLE
mifare,MIFARE
ortiz,ORTIZ
hosokawa,HOSOKAWA
inverters,INVERTER
spotfacing,SPOT-FACING
glob,GLOB
slitters,SLITTER
liquiflo,LIQUIFLO
stainls,STAINLESS
din91,DIN-STANDARD
wrech,WRENCH
singlepole,SINGLE-POLE
ballon,BALLON
towmotor,TOWMOTOR
reconnectable,RECONNECTABLE
desolderi,DESOLDERING
pushout,PUSH-OUT
sequenc,SEQUENCE
nonilluminate,NON-ILLUMINATED
drylock,DRYLOK
pivet,PIVOT
falnge,FLANGE
daubert,DAUBERT
pipettor,PIPETTOR
innovera,INNOVERA
repacement,REPLACEMENT
operations,OPERATIONS
rebuildable,REBUILDABLE
kasai,KASAI
singulator,SINGULATOR
gigabyte,GIGABYTE
fortuna,FORTUNA
arcnet,ARCNET
refrigerati,REFRIGERATION
glastic,GLASTIC
nonpiloted,NON-PILOTED
pistn,PISTON
tufline,TUFLINE
ultrsonic,ULTRASONIC
surebonder,SUREBONDER
sawcut,SAW-CUT
wilkins,WILKINS
dijet,DIJET
vallve,VALVE
pressre,PRESSURE
imput,INPUT
wndshld,WINDSHIELD
schwinn,SCHWINN
mgm,MGM
wandfluh,WANDFLUH
insertio,INSERTION
directiona,DIRECTIONAL
flexiable,FLEXIBLE
aftermarket,AFTERMARKET
fluorosint,FLUOROSINT
distri,DISTRIBUTION
staedtler,STAEDTLER
pactiv,PACTIV
biscuits,BISCUITS
sonicator,SONICATOR
neupex,N-EUPEX
sudmo,SÜDMO
suctn,SUCTION
feeded,FEEDER
roatary,ROTARY
alignmen,ALIGNMENT
remachined,REMACHINED
indications,INDICATIONS
interfa,INTERFACE
hayworth,HAYWORTH
yokes,YOKES
chutes,CHUTES
coredril,CORE-DRILL
casio,CASIO
walmart,WALMART
acety,ACETYLENE
places,PLACES
refridge,REFRIGERATOR
multiconnector,MULTI-CONNECTOR
burgun,BURGUNDY
dovetai,DOVETAIL
sutorbilt,SUTORBILT
keway,KEYWAY
accumalator,ACCUMULATOR
pipetap,PIPE-TAP
actionator,ACTUATOR
acuum,VACUUM
pemko,PEMKO
middl,MIDDLE
kluberlub,KLÜBER
restrictr,RESTRICTOR
brakeline,BRAKE-LINE
minmax,MIN/MAX
powerstat,POWERSTAT
pinout,PINOUT
orbinox,ORBINOX
wyse,WYSE
accuraccy,ACCURACY
compressr,COMPRESSOR
crystallizing,CRYSTALLIZING
machinin,MACHINING
foraker,FORAKER
excha,EXCHANGER
taber,TABER
vave,VALVE
airpower,AIRPOWER
shearpin,SHEAR-PIN
thermoswitch,THERMOSWITCH
netgear,NETGEAR
immerserable,IMMERSIBLE
rawhid,RAWHIDE
variseal,VARISEAL
dispence,DISPENSE
kaman,KAMAN
flextec,FLEXTEC
singulation,SINGULATION
triwall,TRI-WALL
preformers,PREFORMERS
rectanglar,RECTANGULAR
multicutter,MULTI-CUTTER
recycler,RECYCLER
ifc,IFC
bayonnet,BAYONET
expanson,EXPANSION
bells,BELLS
melsec,MELSEC
airbus,AIRBUS
operatin,OPERATING
byp,BYPASS
bentley,BENTLEY
rollformer,ROLL-FORMER
poland,POLAND
millthread,MILL-THREAD
lowara,LOWARA
reducd,REDUCED
threadmilling,THREAD-MILLING
flangd,FLANGED
communica,COMMUNICATION
relube,RELUBE
metalux,METALUX
fillets,FILLETS
seperater,SEPARATOR
strainr,STRAINER
sra,SRA
dispencing,DISPENSING
raito,RATIO
nonmtallc,NONMETALLIC
motorencoder,MOTOR-ENCODER
monitr,MONITOR
assortme,ASSORTMENT
pasadena,PASADENA
reagents,REAGENT
optica,OPTICAL
scsi,SCSI
minolta,MINOLTA
resistanc,RESISTANCE
ruggedized,RUGGEDIZED
kubler,KÜBLER
indxble,INDEXABLE
windshiel,WINDSHIELD
repackaged,REPACKAGED
dispoable,DISPOSABLE
makrolon,MAKROLON
waveform,WAVEFORM
deckhand,DECKHAND
selflubricatin,SELF-LUBRICATING
clust,CLUSTER
texured,TEXTURED
ballasts,BALLAST
encapsu,ENCAPSULATED
rodlock,ROD-LOCK
vibratr,VIBRATOR
bht,BHT
felpro,FEL-PRO
quickfit,QUICK-FIT
variablespeed,VARIABLE-SPEED
optimizer,OPTIMIZER
resisitor,RESISTOR
newest,NEWEST
precatalyzed,PRE-CATALYZED
cartrg,CARTRIDGE
feedrate,FEED-RATE
polysporin,POLYSPORIN
metrix,METRIX
separtor,SEPARATOR
newman,NEWMAN
ultratorr,ULTRA-TORR
eyelag,EYE-LAG
festool,FESTOOL
capcitor,CAPACITOR
netstal,NETSTAL
therometer,THERMOMETER
solutio,SOLUTION
shortened,SHORTENED
profiled,PROFILED
xml,XML
minarik,MINARIK
vibrat,VIBRATION
receptcle,RECEPTACLE
solend,SOLENOID
octogon,OCTAGON
vinylester,VINYL-ESTER
cancelling,CANCELLING
blackstone,BLACKSTONE
stegmann,STEGMANN
coldsaw,COLD-SAW
countdown,COUNTDOWN
addl,ADDITIONAL
modbustcp,MODBUS-TCP
blkoxide,BLACK-OXIDE
snapaction,SNAP-ACTION
vil,VIL
manderal,MANDREL
transluc,TRANSLUCENT
fairbanks,FAIRBANKS
zygo,ZYGO
spacerwasher,SPACER-WASHER
liftmaster,LIFTMASTER
ollower,FOLLOWER
enconder,ENCODER
blak,BLACK
toolholde,TOOLHOLDER
contractr,CONTRACTOR
constrctn,CONSTRUCTION
voss,VOSS
ughneck,ROUGHNECK
bullgear,BULL-GEAR
multisize,MULTI-SIZE
silencr,SILENCER
eyelets,EYELET
prcessr,PROCESSOR
cmplete,COMPLETE
nonfranchise,NON-FRANCHISE
refrigeratio,REFRIGERATION
rebuilds,REBUILD
koolant,COOLANT
recordng,RECORDING
continuos,CONTINUOUS
carboxylated,CARBOXYLATED
cardenas,CARDENAS
ambu,AMBU
bruch,BRUCH
nufactured,MANUFACTURED
dorsey,DORSEY
doffing,DOFFING
oscillatr,OSCILLATOR
desig,DESIGN
substrates,SUBSTRATES
arrngmnt,ARRANGEMENT
woodford,WOODFORD
tektronics,TEKTRONIX
chemtreat,CHEMTREAT
rotoflex,ROTOFLEX
parafilm,PARAFILM
toolpost,TOOL-POST
srfce,SURFACE
treads,TREADS
microchannel,MICROCHANNEL
countersinking,COUNTERSINKING
hightemperature,HIGH-TEMPERATURE
din5156,DIN-STANDARD
outpt,OUTPUT
murphys,MURPHY'S
uretheane,URETHANE
cooktop,COOKTOP
utc,UTC
smaw,SHIELDED-METAL-ARC-WELDING
bellevill,BELLEVILLE
biohzrd,BIOHAZARD
sovent,SOLVENT
pneummatic,PNEUMATIC
componen,COMPONENT
insted,INSTEAD
containr,CONTAINER
lexair,LEXAIR
alcotec,ALCOTEC
nondrive,NON-DRIVE
studmount,STUD-MOUNT
tubul,TUBULAR
multipair,MULTIPAIR
shortwave,SHORTWAVE
datamax,DATAMAX
domnick,DOMNICK-HUNTER
undefind,UNDEFINED
tyton,TYTON
modus,MODUS
ousing,HOUSING
pixels,PIXEL
filterregulato,FILTER-REGULATOR
insultherm,INSULTHERM
no356,NUMBER
veederroot,VEEDER-ROOT
weatherford,WEATHERFORD
metalhalide,METAL-HALIDE
pittman,PITTMAN
mannesmann,MANNESMANN
flappr,FLAPPER
burrfree,BURR-FREE
downsize,DOWNSIZE
mitsuboshi,MITSUBOSHI
dividr,DIVIDER
terminatin,TERMINATING
micropolish,MICROPOLISH
connction,CONNECTION
stepp,STEPPER
crompton,CROMPTON
ministrobe,MINI-STROBE
mhos,MHOS
presion,PRECISION
drugs,DRUGS
vegapuls,VEGAPULS
standpip,STANDPIPE
rexro,REXROTH
langtry,LANGTRY
ballmill,BALL-MILL
numati,NUMATICS
bayonett,BAYONET
panhdphil,PAN-HEAD-PHILLIPS
mayr,MAYR
selfcntr,SELF-CENTERING
merrick,MERRICK
defle,DEFLECTOR
polurethane,POLYURETHANE
lowprofi,LOW-PROFILE
evapo,EVAPORATOR
dbldipped,DOUBLE-DIPPED
commu,COMMUNICATION
spunlace,SPUNLACE
staticdissipa,STATIC-DISSIPATIVE
loner,LONER
baskets,BASKET
init,INIT
frequncy,FREQUENCY
antitip,ANTI-TIP
cupwheel,CUP-WHEEL
fixtre,FIXTURE
microplate,MICROPLATE
nontopping,NON-TOPPING
millenium,MILLENNIUM
stato,STATOR
crosssection,CROSS-SECTION
connecor,CONNECTOR
wtih,WITH
iso100,ISO-STANDARD
chamfr,CHAMFER
eliminizer,ELIMINATOR
brearing,BEARING
yaskaw,YASKAWA
simulated,SIMULATED
communcation,COMMUNICATION
molycote,MOLYKOTE
sysdrive,SYSDRIVE
submersable,SUBMERSIBLE
rectangula,RECTANGULAR
centralized,CENTRALIZED
norris,NORRIS
sulfer,SULFUR
hond,HOND
autotune,AUTO-TUNE
feeds,FEEDS
cnvrtr,CONVERTER
screwmachine,SCREW-MACHINE
viewsonic,VIEWSONIC
linzer,LINZER
asborber,ABSORBER
adptor,ADAPTER
recptable,RECEPTACLE
kitting,KITTING
banne,BANNER
straws,STRAWS
senspr,SENSOR
printronix,PRINTRONIX
teadit,TEADIT
buton,BUTTON
packgng,PACKAGING
desolvit,DE-SOLV-IT
rotalock,ROTALOCK
wheelbase,WHEELBASE
potentimeter,POTENTIOMETER
keepers,KEEPERS
hoppmann,HOPPMANN
ysplitter,Y-SPLITTER
fluorinert,FLUORINERT
din939,DIN-STANDARD
sneakers,SNEAKERS
cradles,CRADLE
matryx,MATRIX
yasnac,YASNAC
pckg,PACKAGE
strokes,STROKE
visibili,VISIBILITY
milicron,MILACRON
castelated,CASTELLATED
silverson,SILVERSON
reusabl,REUSABLE
squeeky,SQUEAKY
olvent,SOLVENT
highvoltage,HIGH-VOLTAGE
amounts,AMOUNTS
lightin,LIGHTING
ubs,UBS
plylfin,POLYOLEFIN
hybred,HYBRID
axeman,AXEMAN
scientif,SCIENTIFIC
huffman,HUFFMAN
toolhlders,TOOLHOLDER
rixson,RIXSON
rplacmnt,REPLACEMENT
fastenr,FASTENER
wittenstein,WITTENSTEIN
flywhee,FLYWHEEL
gillespie,GILLESPIE
jackbolt,JACK-BOLT
sideport,SIDE-PORT
adsorber,ADSORBER
schott,SCHOTT
indexble,INDEXABLE
tubfitting,TUBE-FITTING
bidirect,BIDIRECTIONAL
closers,CLOSERS
strpd,STRIPPED
interup,INTERRUPT
durapulse,DURAPULSE
carly,CARLY
xpansion,EXPANSION
wpm,WPM
calculat,CALCULATOR
visolux,VISOLUX
fluorecent,FLUORESCENT
threadedstud,THREADED-STUD
compaq,COMPAQ
esna,ESNA
downlight,DOWNLIGHT
adjuste,ADJUSTER
neodynium,NEODYMIUM
gide,GIDE
travelling,TRAVELING
transmitted,TRANSMITTED
panavise,PANAVISE
matthews,MATTHEWS
returnabl,RETURNABLE
hitork,HIGH-TORQUE
prosonic,PROSONIC
renewing,RENEWING
staticdissipative,STATIC-DISSIPATIVE
multitrauma,MULTI-TRAUMA
solidcarb,SOLID-CARBIDE
facemasks,FACE-MASK
repairing,REPAIRING
spacr,SPACER
lamphldr,LAMP-HOLDER
multicable,MULTI-CABLE
panhd,PAN-HEAD
huco,HUCO
extencion,EXTENSION
bello,BELLO
lincore,LINCORE
lamphold,LAMP-HOLDER
computr,COMPUTER
prssur,PRESSURE
spackle,SPACKLE
gresham,GRESHAM
schurter,SCHURTER
flanders,FLANDERS
sparklighter,SPARK-LIGHTER
pedistal,PEDESTAL
r123,REFRIGERANT
calder,CALDER
vulkolan,VULKOLLAN
thrmomtr,THERMOMETER
asap,ASAP
amercoat,AMERCOAT
en476,EN-STANDARD
autoretract,AUTO-RETRACTING
puffs,PUFFS
sequencing,SEQUENCING
cadmi,CADMIUM
frenic,FRENIC
destac,DE-STA-CO
unles,UNLESS
awwa,AMERICAN-WATER-WORKS-ASSOCIATION
screenpack,SCREEN-PACK
indexes,INDEXES
elastomull,ELASTOMULL
authrzed,AUTHORIZED
freqrol,FREQROL
iodized,IODIZED
struts,STRUTS
cyilnder,CYLINDER
silverplate,SILVER-PLATE
plsti,PLASTIC
uretan,URETHANE
strppr,STRIPPER
collectors,COLLECTOR
resitor,RESISTOR
airpax,AIRPAX
anodes,ANODES
minebea,MINEBEA
planeconvex,PLANO-CONVEX
cadwell,CADWELD
sproc,SPROCKET
securitron,SECURITRON
extrahvy,EXTRA-HEAVY
selfthread,SELF-THREAD
impellr,IMPELLER
unloadr,UNLOADER
nonpadded,NON-PADDED
reuland,REULAND
robbins,ROBBINS
aquaseal,AQUASEAL
switchcraft,SWITCHCRAFT
feedthrou,FEEDTHROUGH
catches,CATCHES
assemly,ASSEMBLY
rsvp,RSVP
magnetized,MAGNETIZED
tiewrap,TIE-WRAP
checkpoint,CHECKPOINT
prefabricated,PREFABRICATED
elment,ELEMENT
pilotoperated,PILOT-OPERATED
multifunctio,MULTIFUNCTION
draegar,DRAEGER
assmby,ASSEMBLY
nicklpltd,NICKEL-PLATED
converters,CONVERTER
childs,CHILDS
thrusters,THRUSTERS
no237,NUMBER
m64,METRIC-SIZE-DESIGNATION
powerpack,POWER-PACK
wok,WOK
receivers,RECEIVER
packings,PACKING
airactuated,AIR-ACTUATED
skilcraft,SKILCRAFT
ompression,COMPRESSION
reapired,REPAIRED
xxx,XXX
carrage,CARRIAGE
tums,TUMS
ergonomics,ERGONOMICS
roughers,ROUGHER
hydradyne,HYDRADYNE
copolym,COPOLYMER
encorder,ENCODER
interiors,INTERIOR
cntrsn,COUNTERSINK
prple,PURPLE
solenod,SOLENOID
avagard,AVAGARD
nonhanded,NON-HANDED
desothane,DESOTHANE
ninjaflex,NINJAFLEX
waterblast,WATER-BLAST
rivera,RIVERA
email,EMAIL
uninstall,UNINSTALL
relocateable,RELOCATABLE
scopemeter,SCOPEMETER
jasco,JASCO
igniton,IGNITION
nikki,NIKKI
indvdl,INDIVIDUAL
antibio,ANTIBIOTIC
softcover,SOFTCOVER
multiprp,MULTIPURPOSE
colombo,COLOMBO
termial,TERMINAL
calrod,CALROD
enzymes,ENZYMES
plsma,PLASMA
buttrfly,BUTTERFLY
ceo,CEO
rocess,PROCESS
nondriven,NON-DRIVEN
drawi,DRAWING
pyroceram,PYROCERAM
sch5,PIPE-SCHEDULE
nutlock,NUT-LOCK
hartman,HARTMAN
durablanket,DURABLANKET
rightside,RIGHT-SIDE
microcare,MICROCARE
prefilters,PREFILTER
follett,FOLLETT
swiverl,SWIVEL
parellel,PARALLEL
polyurtn,POLYURETHANE
spots,SPOTS
porvair,PORVAIR
polytubing,POLY-TUBING
rightang,RIGHT-ANGLE
rectifiers,RECTIFIER
cirucit,CIRCUIT
countr,COUNTER
schlegel,SCHLEGEL
structu,STRUCTURAL
digitrip,DIGITRIP
carbtipped,CARBIDE-TIPPED
workstaion,WORKSTATION
rotors,ROTORS
programm,PROGRAM
bouf,BOUFFANT
pwrflex,POWERFLEX
elctrncs,ELECTRONICS
konica,KONICA
ellison,ELLISON
bushign,BUSHING
secures,SECURES
desolding,DESOLDERING
antimicro,ANTIMICROBIAL
elbe,ELBE
vaporproof,VAPOR-PROOF
panelvi,PANELVIEW
agents,AGENTS
carbidr,CARBIDE
thur,THUR
clair,CLAIR
constn,CONSTANT
ovrhead,OVERHEAD
unlimted,UNLIMITED
toothedbelt,TOOTHED-BELT
ligth,LIGHT
fernandez,FERNANDEZ
installable,INSTALLABLE
flotec,FLOTEC
phr,PHR
trackwheel,TRACK-WHEEL
endresshauser,ENDRESS+HAUSER
recepta,RECEPTACLE
sa193,ASME-SPECIFICATION
sae12,SAE-SPECIFICATION
rivt,RIVET
marelli,MARELLI
toyopuc,TOYOPUC
newborn,NEWBORN
cornwell,CORNWELL
burrless,BURR-LESS
glueall,GLUE-ALL
deskjet,DESKJET
stratford,STRATFORD
sideplate,SIDE-PLATE
injec,INJECTOR
din3760,DIN-STANDARD
repaire,REPAIR
onvex,CONVEX
hubner,HÜBNER
mva,MEGAVOLT-AMPERE
sleevin,SLEEVING
milliq,MILLI-Q
transmiss,TRANSMISSION
puralator,PUROLATOR
dorman,DORMAN
miscl,MISCELLANEOUS
naed,NATIONAL-ASSOCIATION-OF-ELECTRICAL-DISTRIBUTORS
worksurface,WORK-SURFACE
leadwire,LEAD-WIRE
ul1000,UL-STANDARD
washerhead,WASHER-HEAD
trendsetter,TRENDSETTER
inflatble,INFLATABLE
powerstation,POWER-STATION
excello,EX-CELL-O
salazar,SALAZAR
herrera,HERRERA
arkema,ARKEMA
seepex,SEEPEX
expandab,EXPANDABLE
compresse,COMPRESSED
thermowel,THERMOWELL
leica,LEICA
qwerty,QWERTY
zeroing,ZEROING
flexlogix,FLEXLOGIX
swagel,SWAGELOK
collecto,COLLECTOR
ringo,RINGO
mable,MABLE
stonewash,STONEWASH
parkersburg,PARKERSBURG
pushbut,PUSHBUTTON
prestolite,PRESTOLITE
oilmist,OIL-MIST
rapidograph,RAPIDOGRAPH
matsushita,MATSUSHITA
rivetbuster,RIVET-BUSTER
merkel,MERKEL
hoseassemb,HOSE-ASSEMBLY
bayonets,BAYONET
versio,VERSION
quenchant,QUENCHANT
positioners,POSITIONER
augat,AUGAT
oilpan,OIL-PAN
milacon,MILACRON
transite,TRANSITE
slittng,SLITTING
fiberbrd,FIBERBOARD
wallace,WALLACE
toggleswit,TOGGLE-SWITCH
cappuccino,CAPPUCCINO
formaldehy,FORMALDEHYDE
polyprolene,POLYPROPYLENE
no180,NUMBER
moisteners,MOISTENERS
generi,GENERIC
brighton,BRIGHTON
enmill,END-MILL
footrests,FOOT-RESTS
sochet,SOCKET
monocrome,MONOCHROME
servos,SERVOS
borosil,BOROSILICATE
ul200,UL-STANDARD
multicolo,MULTICOLOR
rfc,RFC
capilleries,CAPILLARY
measuremen,MEASUREMENT
autonics,AUTONICS
meehanite,MEEHANITE
retartant,RETARDANT
absorptin,ABSORPTION
disassembling,DISASSEMBLING
actuaror,ACTUATOR
sinamic,SINAMICS
characters,CHARACTER
no01,NUMBER
georges,GEORGES
identifer,IDENTIFIER
hexanes,HEXANES
uninteruptible,UNINTERRUPTIBLE
shippers,SHIPPERS
trgger,TRIGGER
ndmill,END-MILL
speical,SPECIAL
osition,POSITION
cornell,CORNELL
backsplash,BACKSPLASH
asorber,ABSORBER
aeron,AERON
ilo,ILO
fiberop,FIBER-OPTIC
dotpeen,DOT-PEEN
operater,OPERATOR
unimate,UNIMATE
dsnfctnt,DISINFECTANT
coordi,COORDINATE
glvnzd,GALVANIZED
replmnt,REPLACEMENT
depalletizer,DE-PALLETIZER
ferris,FERRIS
powermeter,POWER-METER
pedals,PEDALS
sandusky,SANDUSKY
jrnyman,JOURNEYMAN
pizzato,PIZZATO
bartec,BARTEC
spooling,SPOOLING
beep,BEEP
ampseal,AMPSEAL
recirculati,RECIRCULATING
splints,SPLINTS
hoffmann,HOFFMANN
extende,EXTENDER
elctrd,ELECTRODE
extndd,EXTENDED
setscrews,SET-SCREW
sprocker,SPROCKET
escapemen,ESCAPEMENT
hardned,HARDENED
damar,DAMAR
coaxi,COAXIAL
verson,VERSION
sourc,SOURCE
talley,TALLEY
nand,NAND
ploypropylene,POLYPROPYLENE
vasquez,VASQUEZ
trnsfmr,TRANSFORMER
accelermeter,ACCELEROMETER
wakefield,WAKEFIELD
anest,ANEST-IWATA
exhause,EXHAUST
feild,FIELD
compessor,COMPRESSOR
umbilicl,UMBILICAL
cathod,CATHODE
ferrell,FERRELL
pipedie,PIPE-DIE
magliner,MAGLINER
parmeter,PARAMETER
esterline,ESTERLINE
downflo,DOWNFLOW
sq1,SQUARE-DRIVE-SIZE
distor,DISTORTION
retractab,RETRACTABLE
distributo,DISTRIBUTOR
oxidat,OXIDATION
positionable,POSITIONABLE
prevost,PREVOST
encoded,ENCODED
wirefeed,WIRE-FEED
rewritable,REWRITABLE
brushholder,BRUSH-HOLDER
asean,ASEAN
downtime,DOWNTIME
thmcpl,THERMOCOUPLE
cutouts,CUT-OUTS
benches,BENCH
addacircut,ADD-A-CIRCUIT
electroswitch,ELECTROSWITCH
quil,QUILL
incande,INCANDESCENT
schmetz,SCHMETZ
powerd,POWERED
stretching,STRETCHING
oprtr,OPERATOR
mccullough,MCCULLOUGH
beeper,BEEPER
molassas,MOLASSES
readymade,READY-MADE
teijin,TEIJIN
comprss,COMPRESS
nital,NITAL
schubert,SCHUBERT
lockwood,LOCKWOOD
propor,PROPORTIONAL
oiling,OILING
jerrican,JERRICAN
nicrofer,NICROFER
fule,FUEL
validyne,VALIDYNE
races,RACES
mushrm,MUSHROOM
nozzell,NOZZLE
shortstroke,SHORT-STROKE
potentionmeter,POTENTIOMETER
rectifer,RECTIFIER
refrigera,REFRIGERANT
villarreal,VILLARREAL
sorts,SORTS
weldrod,WELD-ROD
amperes,AMPERES
mobiltac,MOBILTAC
no394,NUMBER
combustile,COMBUSTIBLE
fittn,FITTING
waher,WASHER
sealmast,SEALMASTER
servovalve,SERVO-VALVE
lubrct,LUBRICANT
waveguide,WAVEGUIDE
heatgun,HEAT-GUN
weschler,WESCHLER
touchscree,TOUCHSCREEN
velostat,VELOSTAT
convertr,CONVERTER
alterations,ALTERATIONS
hotplate,HOTPLATE
a490,ASTM-SPECIFICATION
rotorshaft,ROTOR-SHAFT
hydraluic,HYDRAULIC
uninsltd,UNINSULATED
ducks,DUCKS
turrett,TURRET
harddrive,HARD-DRIVE
clnroom,CLEANROOM
enclsr,ENCLOSURE
iso10642,ISO-STANDARD
platebracket,PLATE-BRACKET
requirements,REQUIREMENTS
selfdrll,SELF-DRILLING
elastomers,ELASTOMER
flareles,FLARELESS
reclassifier,RECLASSIFIER
mcmillan,MCMILLAN
ecptacle,RECEPTACLE
extrct,EXTRACT
retrn,RETURN
lubicant,LUBRICANT
microbiocide,MICROBIOCIDE
scntfc,SCIENTIFIC
amptrol,AMPTROL
nunez,NUNEZ
temprite,TEMPRITE
assbl,ASSEMBLY
mgd,MILLION-GALLONS-PER-DAY
mistcollector,MIST-COLLECTOR
airfuel,AIR-FUEL
progra,PROGRAM
dayquil,DAYQUIL
intellig,INTELLIGENT
twobolt,TWO-BOLT
popet,POPPET
recertified,RECERTIFIED
r502,REFRIGERANT
bering,BERING
cnnctn,CONNECTION
chryslr,CHRYSLER
keyways,KEY-WAYS
brabender,BRABENDER
pnumtc,PNEUMATIC
pantone,PANTONE
balcrank,BALCRANK
prefltr,PREFILTER
gauage,GAUGE
keybd,KEYBOARD
hadley,HADLEY
agie,AGIE
vaccumm,VACUUM
suppres,SUPPRESSOR
mofified,MODIFIED
maintaining,MAINTAINING
extrusions,EXTRUSION
reciprocatg,RECIPROCATING
fbi,FBI
wirestripper,WIRE-STRIPPER
airshaft,AIR-SHAFT
threepole,THREE-POLE
ufo,UFO
hallowell,HALLOWELL
antivibratio,ANTI-VIBRATION
poppett,POPPET
unloade,UNLOADER
magnacraft,MAGNECRAFT
countebore,COUNTERBORE
france,FRANCE
torres,TORRES
tipaloy,TIPALOY
movers,MOVERS
conveyr,CONVEYOR
ampliflier,AMPLIFIER
insulato,INSULATOR
compactflash,COMPACTFLASH
bradly,BRADLY
sprnklr,SPRINKLER
sharpner,SHARPENER
proximitor,PROXIMITOR
rbbn,RIBBON
condulets,CONDULET
westcode,WESTCODE
transaxle,TRANSAXLE
weston,WESTON
ledex,LEDEX
oriented,ORIENTED
nivea,NIVEA
polyethelyne,POLYETHYLENE
modfied,MODIFIED
throughhole,THROUGH-HOLE
recolosable,RECLOSABLE
ultralow,ULTRA-LOW
threadlocking,THREAD-LOCKING
pepperlfuchs,PEPPERL+FUCHS
monocrystalline,MONOCRYSTALLINE
cshape,C-SHAPE
darlington,DARLINGTON
aliging,ALIGNING
touchpanel,TOUCH-PANEL
centring,CENTERING
ellips,ELLIPSE
extrud,EXTRUDE
wands,WANDS
alarms,ALARM
integr,INTEGRATED
explproof,EXPLOSION-PROOF
mecanism,MECHANISM
dupon,DUPONT
simatc,SIMATIC
refrigerants,REFRIGERANT
flushmount,FLUSH-MOUNT
balast,BALLAST
reports,REPORTS
secon,SECOND
compartmen,COMPARTMENT
truper,TRUPER
specail,SPECIAL
microsonic,MICROSONIC
pushfit,PUSH-FIT
conax,CONAX
incoloy,INCOLOY
nitrid,NITRIDE
shimpo,SHIMPO
nonrelieving,NON-RELIEVING
hexsocket,HEX-SOCKET
emitte,EMITTER
cntact,CONTACT
leibert,LIEBERT
regulatorlubricator,REGULATOR-LUBRICATOR
habasi,HABASIT
weights,WEIGHT
kaowool,KAOWOOL
skateboard,SKATEBOARD
surfc,SURFACE
mapping,MAPPING
anymore,ANYMORE
biodegrable,BIODEGRADABLE
ecentric,ECCENTRIC
straightsided,STRAIGHT-SIDED
lockiing,LOCKING
futaba,FUTABA
singlestage,SINGLE-STAGE
compond,COMPOUND
tesla,TESLA
nyloninsert,NYLON-INSERT
noncentering,NON-CENTERING
deodori,DEODORIZER
jetting,JETTING
veritical,VERTICAL
calhoun,CALHOUN
ohmeda,OHMEDA
taphldr,TAP-HOLDER
faber,FABER
masoneilan,MASONEILAN
thermwood,THERMWOOD
vacuette,VACUETTE
radiato,RADIATOR
disconnet,DISCONNECT
ohaus,OHAUS
markii,MARK-II
pivoted,PIVOTED
moldino,MOLDINO
sweeps,SWEEPS
overlo,OVERLOAD
socketset,SOCKET-SET
clogging,CLOGGING
andritz,ANDRITZ
opticap,OPTICAP
injecto,INJECTOR
chafering,CHAMFERING
simoreg,SIMOREG
gonzales,GONZALES
backbor,BACKBORE
airmotor,AIR-MOTOR
solubl,SOLUBLE
bouffan,BOUFFANT
electromechanic,ELECTROMECHANICAL
swarfega,SWARFEGA
slflminating,SELF-LAMINATING
offsetbushing,OFFSET-BUSHING
switzerland,SWITZERLAND
bonfigl,BONFIGLIOLI
weldtimer,WELD-TIMER
whitlock,WHITLOCK
autoreset,AUTO-RESET
senser,SENSOR
henderson,HENDERSON
scratchresistant,SCRATCH-RESISTANT
costs,COSTS
hassay,HASSAY-SAVAGE
liquidfilled,LIQUID-FILLED
higgins,HIGGINS
blacktop,BLACKTOP
retroreflector,RETROREFLECTOR
noxrust,NOX-RUST
dias,DIAS
centrl,CENTRAL
finest,FINEST
carbbide,CARBIDE
translucen,TRANSLUCENT
botom,BOTTOM
modifed,MODIFIED
kab,KAB
retainerplate,RETAINER-PLATE
caride,CARBIDE
autoload,AUTO-LOAD
singlezone,SINGLE-ZONE
rafting,RAFTING
intell,INTELLIGENT
cpd,CPD
traile,TRAILER
cruz,CRUZ
officejet,OFFICEJET
wldmt,WELDMENT
ticncoated,TICN-COATED
silncr,SILENCER
lumocolor,LUMOCOLOR
interpos,INTERPOSING
hydrog,HYDROGEN
no108,NUMBER
magnifing,MAGNIFYING
hightech,HIGH-TECH
clevi,CLEVIS
layou,LAYOUT
scully,SCULLY
turnning,TURNING
minivac,MINI-VAC
coalesing,COALESCING
drillpress,DRILL-PRESS
acryllic,ACRYLIC
nonreturnabl,NON-RETURNABLE
remnants,REMNANTS
threadolet,THREADOLET
regulater,REGULATOR
spectracide,SPECTRACIDE
accumul,ACCUMULATOR
dalloz,BACOU-DALLOZ
addressing,ADDRESSING
awg24,AMERICAN-WIRE-GAUGE
tuthil,TUTHILL
sesamee,SESAMEE
cascaded,CASCADED
nominl,NOMINAL
vdt,VDT
premach,PREMACHINED
slfadhsv,SELF-ADHESIVE
resharpening,RESHARPENING
multichannel,MULTICHANNEL
merrell,MERRELL
rollstock,ROLLSTOCK
swagged,SWAGED
intrchng,INTERCHANGE
braeker,BREAKER
pushplate,PUSH-PLATE
shpng,SHIPPING
grayloc,GRAYLOC
tokimec,TOKIMEC
cleani,CLEANING
profilemeter,PROFILOMETER
labelmaker,LABEL-MAKER
transponde,TRANSPONDER
separater,SEPARATOR
poition,POSITION
membran,MEMBRANE
fusio,FUSION
micrchnl,MICROCHANNEL
overlp,OVERLAP
hokuyo,HOKUYO
exiting,EXITING
toolkit,TOOLKIT
flameresistant,FLAME-RESISTANT
scullyjones,SCULLY-JONES
waterbourne,WATERBORNE
refrigerent,REFRIGERANT
caribde,CARBIDE
no801,NUMBER
celing,CEILING
viscosty,VISCOSITY
suppressio,SUPPRESSION
ratemeter,RATE-METER
lightwight,LIGHTWEIGHT
staplers,STAPLER
gundrll,GUN-DRILL
nual,MANUAL
bonney,BONNEY
elevato,ELEVATOR
transair,TRANSAIR
mutli,MULTI
actuate,ACTUATE
sprinkl,SPRINKLER
refurbishe,REFURBISHED
equipmt,EQUIPMENT
microblaster,MICRO-BLASTER
dowsil,DOWSIL
pearls,PEARLS
acutuator,ACTUATOR
arlon,ARLON
studweld,STUD-WELD
absrbnt,ABSORBENT
accidnt,ACCIDENT
exchngr,EXCHANGER
pharmed,PHARMED
thimb,THIMBLE
spatulas,SPATULA
benchston,BENCH-STONE
supersedes,SUPERSEDES
singlechannel,SINGLE-CHANNEL
extl,EXTERNAL
yshape,Y-SHAPE
slidg,SLIDING
buffers,BUFFERS
potentiomtr,POTENTIOMETER
excenter,ECCENTRIC
paralle,PARALLEL
reduceing,REDUCING
nonlube,NON-LUBE
zeks,ZEKS
balck,BLACK
steels,STEEL
prxmty,PROXIMITY
rpair,REPAIR
parofluor,PAROFLUOR
capicitor,CAPACITOR
tiebolt,TIE-BOLT
submin,SUBMINIATURE
crossfeed,CROSS-FEED
testors,TESTORS
alignme,ALIGNMENT
trsnmtr,TRANSMITTER
contnr,CONTAINER
dataflute,DATAFLUTE
stepladd,STEPLADDER
pedastal,PEDESTAL
duralube,DURALUBE
megapixel,MEGAPIXEL
staggertooth,STAGGER-TOOTH
toneable,TONEABLE
wallmounted,WALL-MOUNTED
blankets,BLANKET
condux,CONDUX
goldplated,GOLD-PLATED
chamfere,CHAMFERED
machini,MACHINING
absorbr,ABSORBER
superhard,SUPERHARD
cyylinder,CYLINDER
tandoff,STANDOFF
momentry,MOMENTARY
tantung,TANTUNG
customizable,CUSTOMIZABLE
no448,NUMBER
miniratchet,MINI-RATCHET
adonized,ANODIZED
convers,CONVERSION
banks,BANKS
machne,MACHINE
centerin,CENTERING
illumintated,ILLUMINATED
microfusion,MICROFUSION
gpib,GENERAL-PURPOSE-INTERFACE-BUS
fillers,FILLERS
ochoa,OCHOA
triangul,TRIANGULAR
sermetel,SERMETEL
picks,PICKS
electrnic,ELECTRONIC
pz3,POZIDRIV-DRIVER-SIZE
depths,DEPTH
protoyp,PROTOTYPE
no160,NUMBER
crayola,CRAYOLA
vhf,VHF
forklft,FORKLIFT
povidine,POVIDONE
pecial,SPECIAL
amplfier,AMPLIFIER
intrface,INTERFACE
amplif,AMPLIFIER
micrometric,MICROMETRIC
weldmen,WELDMENT
etfe,ETHYLENE-TETRAFLUOROETHYLENE
alumiz,ALUMINIZED
r401a,REFRIGERANT
rspns,RESPONSE
nuematic,PNEUMATIC
joslyn,JOSLYN
denisty,DENSITY
duralabel,DURALABEL
mildtl38999,MIL-DTL-SPECIFICATION
thorogd,THOROGOOD
steriliz,STERILIZE
radious,RADIUS
cnvrsn,CONVERSION
pleats,PLEATS
schick,SCHICK
clinched,CLINCHED
tamagawa,TAMAGAWA
din40,DIN-STANDARD
transplanting,TRANSPLANTING
vibrationdamping,VIBRATION-DAMPING
delri,DELRIN
ontactor,CONTACTOR
acceleometer,ACCELEROMETER
suppport,SUPPORT
assymetric,ASYMMETRIC
pshbutton,PUSHBUTTON
tunnion,TRUNNION
saunder,SAUNDERS
prgmd,PROGRAMMED
underwriters,UNDERWRITERS
hydropneu,HYDROPNEUMATIC
recieve,RECEIVE
feedthrgh,FEEDTHROUGH
rmvble,REMOVABLE
amu,AMU
stnles,STAINLESS
spiralbound,SPIRAL-BOUND
inmesh,INMESH
splits,SPLITS
butchers,BUTCHERS
ebro,EBRO
servicerepair,SERVICE-REPAIR
flathea,FLATHEAD
nisher,FINISHER
swicth,SWITCH
cabosil,CAB-O-SIL
tensions,TENSION
eutectrode,EUTECTRODE
magnifyin,MAGNIFYING
thyssen,THYSSEN
aceta,ACETAL
actutaor,ACTUATOR
throrogood,THOROGOOD
applicati,APPLICATION
sq3,SQUARE-DRIVE-SIZE
lutron,LUTRON
paccar,PACCAR
ola,OLA
lumapro,LUMAPRO
multifinctional,MULTIFUNCTION
repari,REPAIR
sinec,SINEC
hvyd,HEAVY-DUTY
thraed,THREAD
carteidge,CARTRIDGE
railmount,RAIL-MOUNT
motorstarter,MOTOR-STARTER
slipresistant,SLIP-RESISTANT
no240,NUMBER
ruptu,RUPTURE
anodizi,ANODIZING
kif,KIF
capacitiv,CAPACITIVE
ebay,EBAY
unbraked,UNBRAKED
massflow,MASS-FLOW
fixturing,FIXTURING
ocker,OCKER
uptime,UPTIME
mtlzd,METALLIZED
nitrileneoprene,NITRILE-NEOPRENE
nonhelical,NON-HELICAL
attachmt,ATTACHMENT
sparkgap,SPARK-GAP
burne,BURNER
chipbrkr,CHIPBREAKER
surveillan,SURVEILLANCE
sterlin,STERLING
cermaic,CERAMIC
nedl,NEEDLE
actutor,ACTUATOR
sprcket,SPROCKET
buttweld,BUTT-WELD
paralel,PARALLEL
rifice,ORIFICE
matrox,MATROX
predrilled,PREDRILLED
guages,GAUGE
no05,NUMBER
multifnctn,MULTIFUNCTION
trollry,TROLLEY
ul94,UL-STANDARD
spidle,SPINDLE
din179,DIN-STANDARD
platnium,PLATINUM
intergral,INTEGRAL
ledges,LEDGES
borosilicat,BOROSILICATE
airoper,AIR-OPERATED
accumulater,ACCUMULATOR
timke,TIMKEN
longtime,LONGTIME
barrera,BARRERA
cartirdge,CARTRIDGE
exhalatio,EXHALATION
events,EVENTS
existing,EXISTING
analyzed,ANALYZED
nonthrded,NON-THREADED
greases,GREASE
spdle,SPINDLE
finshng,FINISHING
streamli,STREAMLINE
burnin,BURNING
timingbelt,TIMING-BELT
thruhardnd,THROUGH-HARDENED
ungrnded,UNGROUNDED
productn,PRODUCTION
transisitor,TRANSISTOR
transmn,TRANSMISSION
kaboom,KABOOM
picoblade,PICOBLADE
switchable,SWITCHABLE
pessure,PRESSURE
baynet,BAYONET
walkthru,WALK-THROUGH
spillable,SPILLABLE
themostatic,THERMOSTATIC
deflecto,DEFLECTOR
cellphone,CELLPHONE
nterbore,COUNTERBORE
counterbalanc,COUNTERBALANCE
supplie,SUPPLY
converts,CONVERTS
bushd,BUSHED
untreat,UNTREATED
finishind,FINISHING
washbottle,WASH-BOTTLE
pinionshaft,PINION-SHAFT
currnt,CURRENT
no129,NUMBER
regenair,REGENAIR
preesure,PRESSURE
carridge,CARTRIDGE
termntn,TERMINATION
autoloader,AUTO-LOADER
certfd,CERTIFIED
separato,SEPARATOR
conntector,CONNECTOR
communic,COMMUNICATION
outfe,OUTFEED
sidemounted,SIDE-MOUNTED
veritas,VERITAS
microemulsion,MICROEMULSION
repacking,REPACKING
sciaky,SCIAKY
prediluted,PREDILUTED
proximeter,PROXIMITY
extensin,EXTENSION
ovrlp,OVERLAP
centrifugl,CENTRIFUGAL
wildflower,WILDFLOWER
glowplug,GLOW-PLUG
terminatio,TERMINATION
hooknloop,HOOK-AND-LOOP
airvent,AIR-VENT
telemacanique,TELEMECANIQUE
gaket,GASKET
journals,JOURNALS
ringlight,RING-LIGHT
airdrying,AIR-DRYING
capilary,CAPILLARY
ambidext,AMBIDEXTROUS
nonbltd,NON-BELTED
klingelnberg,KLINGELNBERG
servicing,SERVICING
micromill,MICROMILL
onewrap,ONE-WRAP
impellars,IMPELLER
duromtr,DUROMETER
sauter,SAUTER
remvr,REMOVER
remanu,REMANUFACTURED
nosepie,NOSEPIECE
brakw,BRAKE
isoproply,ISOPROPYL
panelvie,PANELVIEW
interroll,INTERROLL
filterregulat,FILTER-REGULATOR
roatating,ROTATING
reair,REPAIR
cyberpower,CYBERPOWER
shuttleworth,SHUTTLEWORTH
microplates,MICROPLATE
arrang,ARRANGEMENT
rb3,ROBERTSON-DRIVER-SIZE
industial,INDUSTRIAL
twowire,TWO-WIRE
pipethreading,PIPE-THREADING
milll,MILL
eazypower,EAZYPOWER
smaill,SMALL
hackett,HACKETT
wiegand,WIEGAND
tigwelder,TIG-WELDER
websling,WEB-SLING
resistr,RESISTOR
loaders,LOADERS
ubol,U-BOLT
specificatio,SPECIFICATION
ctrsk,COUNTERSINK
quanities,QUANTITIES
exxonmobil,EXXONMOBIL
armoured,ARMORED
respnse,RESPONSE
replcemnt,REPLACEMENT
thurston,THURSTON
combuster,COMBUSTOR
turbulator,TURBULATOR
professi,PROFESSIONAL
snesor,SENSOR
feedthroughs,FEED-THROUGHS
centrifigal,CENTRIFUGAL
mastics,MASTIC
fujitsu,FUJITSU
veriflo,VERIFLO
michig,MICHIGAN
motherb,MOTHERBOARD
interfolded,INTERFOLDED
pshbtn,PUSHBUTTON
normall,NORMALLY
bulkh,BULKHEAD
trnsmt,TRANSMITTER
enhncd,ENHANCED
mitsubis,MITSUBISHI
increased,INCREASED
polymid,POLYIMIDE
optronics,OPTRONICS
distrbtion,DISTRIBUTION
sideview,SIDE-VIEW
measurements,MEASUREMENT
slimprofile,SLIM-PROFILE
trunni,TRUNNION
zeromax,ZERO-MAX
pentalobe,PENTALOBE
pressostat,PRESSOSTAT
cushin,CUSHION
collapsable,COLLAPSIBLE
restrctd,RESTRICTED
guardmaste,GUARDMASTER
overmolded,OVERMOLDED
hndhld,HANDHELD
molydenum,MOLYBDENUM
transistr,TRANSISTOR
multicoated,MULTICOATED
condensr,CONDENSER
manifole,MANIFOLD
vargas,VARGAS
automate,AUTOMATE
isobut,ISOBUTYLENE
castell,CASTELLATED
dielec,DIELECTRIC
prefilte,PREFILTER
swannmorton,SWANN-MORTON
sterileware,STERILEWARE
filterelem,FILTER-ELEMENT
realease,RELEASE
conncap,CONNECTOR-CAP
antikickback,ANTI-KICKBACK
xmit,TRANSMIT
assembld,ASSEMBLED
sro,SRO
fluoroelast,FLUOROELASTOMER
centerles,CENTERLESS
pltcd,PLATED
parylene,PARYLENE
wats,WATS
harns,HARNESS
reversib,REVERSIBLE
storms,STORMS
honer,HONER
conbination,COMBINATION
lighweight,LIGHTWEIGHT
ritehite,RITE-HITE
a153,ASTM-SPECIFICATION
projectio,PROJECTION
blinds,BLINDS
adjstin,ADJUSTING
magnascale,MAGNESCALE
differetial,DIFFERENTIAL
ermatex,PERMATEX
springcompression,SPRING-COMPRESSION
appolo,APOLLO
adjustm,ADJUSTMENT
microcloth,MICROCLOTH
satllte,SATELLITE
stubend,STUB-END
selfchecking,SELF-CHECKING
stormwater,STORMWATER
electricns,ELECTRICIAN
sgnage,SIGNAGE
windshie,WINDSHIELD
outboar,OUTBOARD
sleevebushing,SLEEVE-BUSHING
micrones,MICRON
microfilter,MICROFILTER
classifiers,CLASSIFIERS
extngsh,EXTINGUISHER
angulr,ANGULAR
socketed,SOCKETED
exchanged,EXCHANGED
autrod,AUTROD
powerflx,POWERFLEX
handlin,HANDLING
bladde,BLADDER
uturn,U-TURN
protruding,PROTRUDING
micscellaneous,MISCELLANEOUS
sealling,SEALING
containmnt,CONTAINMENT
pushbutt,PUSHBUTTON
softwar,SOFTWARE
crowning,CROWNING
templat,TEMPLATE
hungary,HUNGARY
absrb,ABSORB
pickplace,PICK-AND-PLACE
no536,NUMBER
suncast,SUNCAST
nema13,NEMA-RATING
flexibile,FLEXIBLE
asstmt,ASSORTMENT
acceleromete,ACCELEROMETER
duromete,DUROMETER
intermediat,INTERMEDIATE
cirular,CIRCULAR
honsa,HONSA
programer,PROGRAMMER
watercooler,WATER-COOLER
hangup,HANGUP
pressuretemperature,PRESSURE-TEMPERATURE
fujikin,FUJIKIN
perfluroelastom,PERFLUOROELASTOMER
daubers,DAUBERS
airmaze,AIRMAZE
compoment,COMPONENT
touchsc,TOUCHSCREEN
lifepak,LIFEPAK
remotecntrl,REMOTE-CONTROL
adhisive,ADHESIVE
prefiltr,PREFILTER
enthalphy,ENTHALPY
gullco,GULLCO
concve,CONCAVE
intermidiate,INTERMEDIATE
toolcrib,TOOL-CRIB
pushpins,PUSH-PINS
isolatin,ISOLATING
walther,WALTHER
injectio,INJECTION
conectr,CONNECTOR
ballbrg,BALL-BEARING
asrtd,ASSORTED
biodegra,BIODEGRADABLE
polysulfone,POLYSULFONE
gasline,GAS-LINE
taperedroller,TAPERED-ROLLER
hasmat,HAZMAT
chisle,CHISEL
junciton,JUNCTION
mounmting,MOUNTING
backflo,BACKFLOW
assbld,ASSEMBLED
magnifr,MAGNIFIER
nonpotble,NON-POTABLE
hoeing,HOEING
equipm,EQUIPMENT
etherent,ETHERNET
pretensioner,PRETENSIONER
eliminators,ELIMINATOR
aluminia,ALUMINA
prnthd,PRINTHEAD
collr,COLLAR
cylilnder,CYLINDER
etherca,ETHERCAT
hexbolt,HEX-BOLT
comml,COMMERCIAL
flameproo,FLAMEPROOF
arcrft,AIRCRAFT
coupliing,COUPLING
summing,SUMMING
clmpng,CLAMPING
auxili,AUXILIARY
nailgun,NAIL-GUN
servoamp,SERVO-AMP
jackie,JACKIE
shockmount,SHOCK-MOUNT
minicontactor,MINI-CONTACTOR
measurng,MEASURING
no02,NUMBER
checkvalve,CHECK-VALVE
prestone,PRESTONE
recyle,RECYCLE
refur,REFURBISH
pulsing,PULSING
singleangle,SINGLE-ANGLE
insturment,INSTRUMENT
swivil,SWIVEL
needel,NEEDLE
polyfoam,POLY-FOAM
rheo,RHEO
mechl,MECHANICAL
nptfemale,NPT-FEMALE
vul,VUL
lockwashe,LOCK-WASHER
timers,TIMERS
mut,MUT
semicondu,SEMICONDUCTOR
orifices,ORIFICE
prethinned,PRETHINNED
twistloc,TWIST-LOCK
dupnt,DUPONT
durabl,DURABLE
iso220,ISO-STANDARD
sourced,SOURCED
seethrough,SEE-THROUGH
hewlett,HEWLETT
emergilite,EMERGI-LITE
agitat,AGITATOR
olmsted,OLMSTED
tilted,TILTED
mitm,MI-T-M
miliamp,MILLIAMP
ballscr,BALL-SCREW
toulene,TOLUENE
sorters,SORTERS
nonregulated,NON-REGULATED
nacl,SODIUM-CHLORIDE
codes,CODES
liquidfill,LIQUID-FILLED
minimess,MINIMESS
aircast,AIRCAST
yoyo,YO-YO
rinding,GRINDING
pgp,PGP
rchrgable,RECHARGEABLE
fleetwood,FLEETWOOD
multtooth,MULTITOOTH
endmiil,END-MILL
infrar,INFRARED
splines,SPLINE
addison,ADDISON
actuartor,ACTUATOR
pointers,POINTERS
winfield,WINFIELD
tensn,TENSION
firerated,FIRE-RATED
harlow,HARLOW
bystronic,BYSTRONIC
unmngd,UNMANAGED
pulsating,PULSATING
softkey,SOFTKEY
epichlorohydrin,EPICHLOROHYDRIN
lubricatr,LUBRICATOR
minialarm,MINI-ALARM
refrasil,REFRASIL
closng,CLOSING
multirow,MULTI-ROW
dogbon,DOG-BONE
technolog,TECHNOLOGY
bacnet,BACNET
pilloblock,PILLOW-BLOCK
kkk,KKK
gskts,GASKET
powerunit,POWER-UNIT
intellegent,INTELLIGENT
otoelectric,PHOTOELECTRIC
funnell,FUNNEL
voltages,VOLTAGE
tackifier,TACKIFIER
selectiv,SELECTIVE
glassfilled,GLASS-FILLED
retriggerable,RETRIGGERABLE
unitta,UNITTA
rodles,RODLESS
positiion,POSITION
backflush,BACK-FLUSH
levelor,LEVELER
vaccume,VACUUM
newstyle,NEW-STYLE
knifes,KNIVES
algnmnt,ALIGNMENT
plainfaced,PLAIN-FACED
semichisel,SEMI-CHISEL
gouldshawmut,GOULD-SHAWMUT
waffer,WAFER
moisturebarrier,MOISTURE-BARRIER
postv,POSITIVE
threadmills,THREAD-MILL
minidin,MINI-DIN
trends,TRENDS
flaot,FLOAT
evapor,EVAPORATOR
trasnducer,TRANSDUCER
doerr,DOERR
vollrath,VOLLRATH
remachind,REMACHINED
prefolde,PREFOLDED
yoda,YODA
imf,IMF
thermcple,THERMOCOUPLE
panametrics,PANAMETRICS
proximitiy,PROXIMITY
scopes,SCOPES
combwr,COMBINATION-WRENCH
plotte,PLOTTER
cardstoc,CARDSTOCK
nurmi,NURMI
feedwat,FEEDWATER
flashdrive,FLASH-DRIVE
varta,VARTA
sheppard,SHEPPARD
sofware,SOFTWARE
phospate,PHOSPHATE
diferential,DIFFERENTIAL
piniongear,PINION-GEAR
jtek,JTEKT
elecometer,ELCOMETER
bleede,BLEEDER
truk,TRUK
compadre,COMPADRE
urethne,URETHANE
hatches,HATCHES
rflective,REFLECTIVE
entek,ENTEK
millipak,MILLIPAK
carriages,CARRIAGE
trombetta,TROMBETTA
multidirection,MULTIDIRECTIONAL
kollmo,KOLLMORGEN
blasters,BLASTER
applct,APPLICATION
teenut,TEE-NUT
descaling,DESCALING
socolet,SOCKOLET
embos,EMBOSS
neutrik,NEUTRIK
helico,HELICOIL
pivots,PIVOT
reno,RENO
nodrip,NO-DRIP
resitivity,RESISTIVITY
cnveyor,CONVEYOR
assebly,ASSEMBLY
hardcoa,HARD-COAT
densit,DENSITY
cincinati,CINCINNATI
retainting,RETAINING
alignmt,ALIGNMENT
talos,TALOS
butan,BUTANE
towball,TOW-BALL
wiggins,WIGGINS
hastalloy,HASTELLOY
projections,PROJECTION
superwinch,SUPERWINCH
breakroom,BREAK-ROOM
triclove,TRI-CLOVER
reclosebl,RECLOSABLE
iso4017,ISO-STANDARD
purus,PURUS
veris,VERIS
peener,PEENER
lockrings,LOCK-RING
streakless,STREAKLESS
leoni,LEONI
meriam,MERIAM
expasion,EXPANSION
resolut,RESOLUTION
marietta,MARIETTA
lbj,LBJ
electronik,ELECTRONIC
airborne,AIRBORNE
reflexions,REFLECTION
bondin,BONDING
brgball,BEARING-BALL
toothpicks,TOOTHPICKS
marley,MARLEY
duraguage,DURAGAUGE
triggering,TRIGGERING
digitizing,DIGITIZING
hydrochlor,HYDROCHLORIC
carrillo,CARRILLO
conatiner,CONTAINER
relosable,RECLOSABLE
componets,COMPONENT
belongs,BELONGS
checkweighter,CHECKWEIGHER
daiwa,DAIWA
retainter,RETAINER
mikron,MIKRON
amplifying,AMPLIFYING
impacts,IMPACT
silicione,SILICONE
marines,MARINES
posistion,POSITION
dblfaced,DOUBLE-FACED
milwaukep,MILWAUKEE
polyethlyn,POLYETHYLENE
intermdiate,INTERMEDIATE
ringpliers,RING-PLIERS
amplifiers,AMPLIFIER
microfuse,MICRO-FUSE
maintanence,MAINTENANCE
wideband,WIDEBAND
pipetter,PIPETTOR
quickdisc,QUICK-DISCONNECT
ashland,ASHLAND
brakcet,BRACKET
impellers,IMPELLER
nonmetlc,NONMETALLIC
nitreded,NITRIDED
agvs,AUTOMATED-GUIDED-VEHICLE
dearator,DEAERATOR
clarcor,CLARCOR
microfinisher,MICROFINISHER
suzuki,SUZUKI
sherwinwilliams,SHERWIN-WILLIAMS
norgr,NORGREN
worklamp,WORK-LAMP
isolatio,ISOLATION
directionl,DIRECTIONAL
immerison,IMMERSION
calif,CALIF
televac,TELEVAC
lubicator,LUBRICATOR
cablecutter,CABLE-CUTTER
uniqu,UNIQUE
views,VIEWS
semisealed,SEMI-SEALED
guill,GUILLOTINE
conact,CONTACT
volkswagen,VOLKSWAGEN
lintech,LINTECH
insensitiv,INSENSITIVE
inhibitors,INHIBITOR
tyndall,TYNDALL
moab,MOAB
rentention,RETENTION
thyrstor,THYRISTOR
multiseal,MULTI-SEAL
puratronic,PURATRONIC
aluminumbronze,ALUMINUM-BRONZE
numat,NUMATICS
pcking,PACKING
scrwd,SCREWED
ptfegasket,PTFE-GASKET
replaement,REPLACEMENT
votage,VOLTAGE
curnt,CURRENT
nonadhsv,NONADHESIVE
sliderail,SLIDE-RAIL
armatures,ARMATURE
ultraclean,ULTRA-CLEAN
tungsen,TUNGSTEN
steamtrap,STEAM-TRAP
closre,CLOSURE
kkt,KKT
perforating,PERFORATING
quicklink,QUICK-LINK
houdaill,HOUDAILLE
interlocki,INTERLOCKING
clogs,CLOGS
demineralizer,DEMINERALIZER
emug,EMUGE
bisulfite,BISULFITE
monochrom,MONOCHROME
passiv,PASSIVE
rotater,ROTATOR
poppit,POPPET
klutch,KLUTCH
barric,BARRICADE
ooler,COOLER
supperssor,SUPPRESSOR
soliphant,SOLIPHANT
microabrasi,MICROABRASIVE
modbu,MODBUS
interconn,INTERCONNECT
continousflex,CONTINUOUS-FLEX
grinell,GRINNELL
opque,OPAQUE
minicontroller,MINI-CONTROLLER
typed,TYPED
dielectrc,DIELECTRIC
swvel,SWIVEL
presstite,PRESSTITE
delran,DELRIN
bonita,BONITA
pedstal,PEDESTAL
hydrailic,HYDRAULIC
polyolef,POLYOLEFIN
musicwire,MUSIC-WIRE
resvoir,RESERVOIR
valvebody,VALVE-BODY
hobbs,HOBBS
ruhrpumpen,RUHRPUMPEN
centriguge,CENTRIFUGE
phenoseal,PHENOSEAL
suppls,SUPPLY
electromagne,ELECTROMAGNETIC
readouts,READOUT
solenoidvalve,SOLENOID-VALVE
anixter,ANIXTER
initiated,INITIATED
sanwa,SANWA
counterbal,COUNTERBALANCE
enclsd,ENCLOSED
salas,SALAS
brackts,BRACKET
pepcid,PEPCID
hhd,HHD
mustbe,MUST-BE
mobilfluid,MOBILFLUID
floatswitch,FLOAT-SWITCH
comressed,COMPRESSED
travl,TRAVEL
cutres,CUT-RESISTANT
centeri,CENTERING
swivelling,SWIVELING
indeeco,INDEECO
lubrctng,LUBRICATING
alligtr,ALLIGATOR
duromet,DUROMETER
toyod,TOYODA
solvant,SOLVENT
sandcloth,SAND-CLOTH
trunnio,TRUNNION
no353,NUMBER
singlepoint,SINGLE-POINT
propelene,PROPYLENE
levelng,LEVELING
trimlok,TRIM-LOK
obdi,OBD-I
gearpump,GEAR-PUMP
wearresistant,WEAR-RESISTANT
ifmefector,IFM-EFECTOR
impeler,IMPELLER
nakamura,NAKAMURA
kojak,KOJAK
milwaukeb,MILWAUKEE
desouter,DESOUTTER
no611,NUMBER
wattstopper,WATTSTOPPER
hardend,HARDENED
basins,BASINS
buterfly,BUTTERFLY
repait,REPAIR
xylenes,XYLENES
cellulo,CELLULOSE
iso21287,ISO-STANDARD
thermadyne,THERMADYNE
jefferson,JEFFERSON
resync,RESYNC
algnmt,ALIGNMENT
multispectrum,MULTISPECTRUM
sodering,SOLDERING
defining,DEFINING
multisurfc,MULTISURFACE
heraeus,HERAEUS
handtap,HAND-TAP
clothespins,CLOTHES-PINS
expandabl,EXPANDABLE
velcon,VELCON
sportsmen,SPORTSMEN
dirll,DRILL
optimized,OPTIMIZED
amplier,AMPLIFIER
nonkeyed,NON-KEYED
prolene,PROLENE
ringspann,RINGSPANN
electrolux,ELECTROLUX
antidiarrheal,ANTIDIARRHEAL
compressn,COMPRESSION
compu,COMPUTER
foamin,FOAMING
huggies,HUGGIES
offest,OFFSET
backplat,BACKPLATE
leland,LELAND
wirebond,WIRE-BOND
structura,STRUCTURAL
certificates,CERTIFICATES
eltra,ELTRA
awards,AWARDS
banages,BANDAGE
pupm,PUMP
synethic,SYNTHETIC
spritz,SPRITZ
disnfectant,DISINFECTANT
omro,OMRON
hbo,HBO
nabtesco,NABTESCO
microflow,MICROFLOW
compensators,COMPENSATOR
baginabox,BAG-IN-BOX
reams,REAMS
emco,EMCO
firearms,FIREARMS
recorded,RECORDED
teachpendant,TEACH-PENDANT
framng,FRAMING
pullrod,PULL-ROD
ransohoff,RANSOHOFF
cushione,CUSHIONED
polycarbonat,POLYCARBONATE
hidens,HIGH-DENSITY
facilities,FACILITIES
seperato,SEPARATOR
twoposition,TWO-POSITION
dampenin,DAMPENING
shelvin,SHELVING
chrys,CHRYSLER
envirox,ENVIROX
strandng,STRANDING
mitzi,MITZI
halleffect,HALL-EFFECT
nonmtlc,NONMETALLIC
adjustmnt,ADJUSTMENT
perfora,PERFORATED
muskegon,MUSKEGON
rgulator,REGULATOR
chesteron,CHESTERTON
delavan,DELAVAN
scannner,SCANNER
pabst,PABST
repariable,REPAIRABLE
netrual,NEUTRAL
calibrato,CALIBRATOR
thdform,THREAD-FORM
rectifie,RECTIFIER
radiusmill,RADIUS-MILL
initia,INITIAL
pikstik,PIKSTIK
contral,CONTROL
autolub,AUTO-LUBE
langley,LANGLEY
airdriven,AIR-DRIVEN
simpl,SIMPLE
mechansm,MECHANISM
cushon,CUSHION
wshrs,WASHER
spotwelde,SPOT-WELDER
liters,LITERS
spunlaced,SPUNLACED
customers,CUSTOMER
sealles,SEALLESS
ziehlabegg,ZIEHL-ABEGG
condenstat,CONDENSATE
communicati,COMMUNICATION
singletip,SINGLE-TIP
phasing,PHASING
sensata,SENSATA
resolvr,RESOLVER
squaredrive,SQUARE-DRIVE
cerrowire,CERROWIRE
retrofi,RETROFIT
unitrol,UNITROL
operatr,OPERATOR
a269,ASTM-SPECIFICATION
infrard,INFRARED
values,VALUE
hlder,HOLDER
poisons,POISONS
roma,ROMA
conditione,CONDITIONER
replacemet,REPLACEMENT
overbraid,OVERBRAID
centrfg,CENTRIFUGAL
verizon,VERIZON
adjustor,ADJUSTER
circuti,CIRCUIT
narow,NARROW
recirulation,RECIRCULATION
yama,YAMA
mixtank,MIX-TANK
adjstr,ADJUSTER
switchover,SWITCHOVER
agitatr,AGITATOR
pecision,PRECISION
hilliard,HILLIARD
ribon,RIBBON
images,IMAGES
trafo,TRAFO
hoerbiger,HOERBIGER
albuquerque,ALBUQUERQUE
photos,PHOTOS
onventional,CONVENTIONAL
transister,TRANSISTOR
conveter,CONVERTER
roundwire,ROUND-WIRE
milprf121g,MIL-PRF-SPECIFICATION
disiccant,DESICCANT
lasko,LASKO
colorway,COLORWAY
hysteris,HYSTERESIS
eyeshields,EYE-SHIELDS
adjstable,ADJUSTABLE
jung,JUNG
undfined,UNDEFINED
silikon,SILICONE
mountg,MOUNTING
ovesize,OVERSIZE
weeding,WEEDING
wallbox,WALL-BOX
thorns,THORNS
osterizer,OSTERIZER
tappin,TAPPING
sensosr,SENSOR
materiial,MATERIAL
lodi,LODI
runnin,RUNNING
gakset,GASKET
shelflife,SHELF-LIFE
momemtary,MOMENTARY
hanlde,HANDLE
pneuamtic,PNEUMATIC
sanitizi,SANITIZING
no301,NUMBER
thermofit,THERMOFIT
multiswitch,MULTI-SWITCH
interupter,INTERRUPTER
installati,INSTALLATION
enercon,ENERCON
nicrobraze,NICROBRAZ
radicon,RADICON
tramsformer,TRANSFORMER
sensro,SENSOR
nike,NIKE
pltfm,PLATFORM
multidrop,MULTIDROP
saab,SAAB
ployurethane,POLYURETHANE
interfce,INTERFACE
kennemet,KENNAMETAL
pcibus,PCI-BUS
pegbrd,PEGBOARD
tungsted,TUNGSTEN
entilated,VENTILATED
presicion,PRECISION
strikers,STRIKERS
hov,HOV
sellers,SELLERS
highper,HIGH-PERFORMANCE
wypa,WYPALL
rayche,RAYCHEM
wolfrakote,WOLFRACOAT
thermocple,THERMOCOUPLE
clii,CLII
singlephase,SINGLE-PHASE
conrtol,CONTROL
shtg,SHTG
davies,DAVIES
segmnt,SEGMENT
fluidized,FLUIDIZED
stoplight,STOPLIGHT
selfcompensating,SELF-COMPENSATING
plntry,PLANETARY
jamesberry,JAMESBURY
nismo,NISMO
sanchez,SANCHEZ
trolleys,TROLLEY
loprfle,LOW-PROFILE
butyle,BUTYL
lubircator,LUBRICATOR
donuts,DONUT
dispersing,DISPERSING
trebor,TREBOR
proporti,PROPORTIONAL
boas,BOAS
latte,LATTE
fitzmill,FITZMILL
delgado,DELGADO
seamleass,SEAMLESS
rowe,ROWE
creform,CREFORM
astma58098,ASTM-SPECIFICATION
dekker,DEKKER
movidriv,MOVIDRIVE
muffl,MUFFLER
comets,COMETS
remval,REMOVAL
paracord,PARACORD
recirculator,RECIRCULATOR
fpga,FIELD-PROGRAMMABLE-GATE-ARRAY
ferrit,FERRITE
pxylene,P-XYLENE
blacl,BLACK
motorreducer,MOTOR-REDUCER
vevor,VEVOR
centro,CENTRO
shrpnr,SHARPENER
risistant,RESISTANT
tensilized,TENSILIZED
palletiz,PALLETIZE
floresc,FLUORESCENT
plinger,PLUNGER
monitorin,MONITORING
auxilia,AUXILIARY
leyboldheraeus,LEYBOLD-HERAEUS
overld,OVERLOAD
multistag,MULTISTAGE
unvsl,UNIVERSAL
milprf23377,MIL-PRF-SPECIFICATION
rplcd,REPLACED
dsgn,DESIGN
neddle,NEEDLE
palmgren,PALMGREN
moa,MOA
timinig,TIMING
notebooks,NOTEBOOK
nonserrated,NON-SERRATED
accessries,ACCESSORY
jerrycan,JERRYCAN
licence,LICENCE
no230,NUMBER
numalogic,NUMA-LOGIC
grapht,GRAPHITE
cylinger,CYLINDER
totalizing,TOTALIZING
maneuvering,MANEUVERING
nippel,NIPPLE
offaxis,OFF-AXIS
torgue,TORQUE
handtght,HAND-TIGHT
monitorng,MONITORING
novotechnik,NOVOTECHNIK
eylets,EYELET
snowbrush,SNOW-BRUSH
doa,DOA
gangbox,GANG-BOX
ph0,PHILLIPS-DRIVER-SIZE
manfold,MANIFOLD
ttachment,ATTACHMENT
facemilling,FACE-MILLING
trandu,TRANSDUCER
elgiloy,ELGILOY
flowrate,FLOW-RATE
nonammoniated,NON-AMMONIATED
mainframe,MAINFRAME
tefon,TEFLON
retanr,RETAINER
quickacting,QUICK-ACTING
recorders,RECORDER
fueled,FUELED
ntsc,NTSC
escription,DESCRIPTION
paintshop,PAINT-SHOP
atmosph,ATMOSPHERE
microseal,MICROSEAL
womack,WOMACK
caterpiller,CATERPILLAR
vermcullite,VERMICULITE
intrn,INTERNAL
prsre,PRESSURE
okum,OKUMA
solendoid,SOLENOID
contaminants,CONTAMINANTS
dischrg,DISCHARGE
inductio,INDUCTION
compar,COMPAR
rface,SURFACE
clutchbr,CLUTCH-BRAKE
desolderin,DESOLDERING
purrell,PURELL
bissell,BISSELL
hnger,HANGER
honeyw,HONEYWELL
preventing,PREVENTING
hexacomb,HEXACOMB
nutrunners,NUTRUNNER
corrosionresistant,CORROSION-RESISTANT
centronics,CENTRONICS
eberle,EBERLE
operted,OPERATED
mrp,MATERIAL-REQUIREMENTS-PLANNING
pyrogel,PYROGEL
ordor,ODOR
absorbents,ABSORBENT
centra,CENTRA
fluorescnt,FLUORESCENT
dottie,DOTTIE
anticorit,ANTICORIT
assebbly,ASSEMBLY
splitte,SPLITTER
repalcement,REPLACEMENT
xtinguisher,EXTINGUISHER
bonn,BONN
nonsag,NON-SAG
mchenry,MCHENRY
ablestik,ABLESTIK
governors,GOVERNOR
iso73802,ISO-STANDARD
aud,AUD
polybagged,POLYBAGGED
tenite,TENITE
metallica,METALLICA
allweiler,ALLWEILER
diamone,DIAMOND
no836,NUMBER
actualtion,ACTUATION
norbar,NORBAR
scoops,SCOOPS
nunc,NUNC
brgflange,BEARING-FLANGE
niigata,NIIGATA
rectan,RECTANGLE
husq,HUSQVARNA
bottneck,BOTTLENECK
configurati,CONFIGURATION
vertic,VERTICAL
tres,TRES
wallplates,WALL-PLATES
sledg,SLEDGE
microscreen,MICROSCREEN
bobbins,BOBBINS
vax,VAX
rockite,ROCKITE
axiel,AXIAL
potentiome,POTENTIOMETER
purif,PURIFY
polypropylne,POLYPROPYLENE
northrup,NORTHRUP
alignmnt,ALIGNMENT
hsing,HOUSING
clamsell,CLAMSHELL
z535,ANSI-STANDARD
minifitting,MINI-FITTING
capron,CAPRON
eliminat,ELIMINATOR
doped,DOPED
lennox,LENNOX
hazma,HAZMAT
transmittor,TRANSMITTER
presets,PRESET
recifier,RECTIFIER
symetrical,SYMMETRICAL
excluded,EXCLUDED
reinenforced,REINFORCED
urehtane,URETHANE
lghtr,LIGHTER
colllet,COLLET
semifinisher,SEMI-FINISHER
merritt,MERRITT
moistr,MOISTURE
batery,BATTERY
berko,BERKO
din7343,DIN-STANDARD
nugent,NUGENT
lindeberg,LINDBERG
quadrachek,QUADRA-CHEK
twp,TWP
tsubak,TSUBAKI
ripley,RIPLEY
characterized,CHARACTERIZED
partical,PARTICLE
palnut,PALNUT
sqauare,SQUARE
elctrode,ELECTRODE
dewar,DEWAR
wilmington,WILMINGTON
transparen,TRANSPARENT
no327,NUMBER
starnded,STRANDED
mtrj,MT-RJ
nmr,NMR
comptr,COMPUTER
sliptip,SLIP-TIP
joules,JOULES
lowpress,LOW-PRESSURE
securit,SECURITY
flameout,FLAMEOUT
cylnde,CYLINDER
soldenoid,SOLENOID
spherica,SPHERICAL
versapor,VERSAPOR
carbidde,CARBIDE
asbsts,ASBESTOS
micorn,MICRON
tramrail,TRAM-RAIL
unislide,UNISLIDE
edgers,EDGERS
accumulato,ACCUMULATOR
selfsealing,SELF-SEALING
stotted,SLOTTED
flatpanel,FLAT-PANEL
groundbar,GROUND-BAR
anvl,ANVIL
joucomatic,JOUCOMATIC
xtnsion,EXTENSION
vitn,VITON
movabl,MOVABLE
metso,METSO
tamron,TAMRON
antirota,ANTI-ROTATION
mitoyo,MITUTOYO
rodin,RODIN
iso68,ISO-STANDARD
proylene,PROPYLENE
mcquay,MCQUAY
moudle,MODULE
countrbor,COUNTERBORE
uxga,UXGA
replcd,REPLACED
coreweld,COREWELD
tefgel,TEF-GEL
handhel,HANDHELD
funuc,FANUC
leans,LEANS
savair,SAVAIR
pnuemati,PNEUMATIC
pacing,PACING
synchrobelt,SYNCHROBELT
estimating,ESTIMATING
steampunk,STEAMPUNK
tolnaftate,TOLNAFTATE
retrieva,RETRIEVAL
lemongrass,LEMONGRASS
lasor,LASER
operatd,OPERATED
yonkers,YONKERS
cervantes,CERVANTES
setti,SETTING
drllng,DRILLING
borcarbide,BORON-CARBIDE
vaccon,VACCON
multicontact,MULTI-CONTACT
nanopure,NANOPURE
circulato,CIRCULATOR
carbur,CARBURETOR
vacuumpump,VACUUM-PUMP
souriau,SOURIAU
kinetrol,KINETROL
swiver,SWIVEL
oberlin,OBERLIN
rolair,ROLAIR
oxidizers,OXIDIZERS
premiun,PREMIUM
pedstl,PEDESTAL
kydex,KYDEX
perestaltic,PERISTALTIC
posidriv,POZIDRIV
popsicle,POPSICLE
precabled,PRE-CABLED
words,WORDS
hware,HARDWARE
aeramax,AERAMAX
keyloc,KEY-LOCK
vxworks,VXWORKS
simovert,SIMOVERT
maintainence,MAINTENANCE
gearmotr,GEARMOTOR
seperate,SEPARATE
carlson,CARLSON
compatbl,COMPATIBLE
propyleneglycol,PROPYLENE-GLYCOL
zettler,ZETTLER
promixity,PROXIMITY
hampton,HAMPTON
toolsteel,TOOL-STEEL
macromatic,MACROMATIC
cylkinder,CYLINDER
sdxc,SDXC
tecumseh,TECUMSEH
chubb,CHUBB
frenzelit,FRENZELIT
refridgerant,REFRIGERANT
disinfecta,DISINFECTANT
stardust,STARDUST
theard,THREAD
styled,STYLED
cylindrcl,CYLINDRICAL
diapragm,DIAPHRAGM
speednut,SPEED-NUT
koolers,COOLER
cleansr,CLEANSER
alvarado,ALVARADO
defibrillat,DEFIBRILLATOR
salvagnin,SALVAGNINI
reprofiled,REPROFILED
cermic,CERAMIC
bones,BONES
chevrons,CHEVRONS
coupla,COUPLER
annea,ANNEAL
temporery,TEMPORARY
precsision,PRECISION
mojave,MOJAVE
no404,NUMBER
fractnl,FRACTIONAL
crossbars,CROSS-BARS
singleend,SINGLE-END
seper,SEPARATOR
transdcer,TRANSDUCER
dresssing,DRESSING
takeups,TAKEUPS
hvywll,HEAVY-WALL
highperf,HIGH-PERFORMANCE
boreing,BORING
countersing,COUNTERSINK
reainer,RETAINER
actuactors,ACTUATOR
pathogens,PATHOGEN
mnth,MONTH
camcorder,CAMCORDER
ureathane,URETHANE
toothbelt,TOOTHED-BELT
rewrk,REWORK
counterclockwi,COUNTERCLOCKWISE
galon,GALLON
retroreflectve,RETROREFLECTIVE
chockfast,CHOCKFAST
pearson,PEARSON
iglidur,IGLIDUR
maclean,MACLEAN
naloxone,NALOXONE
fillter,FILTER
awg25,AMERICAN-WIRE-GAUGE
squeez,SQUEEZE
chamfermill,CHAMFER-MILL
midol,MIDOL
milprf131k,MIL-PRF-SPECIFICATION
teleflex,TELEFLEX
secrty,SECURITY
elimtr,ELIMINATOR
trole,TROLLEY
pushed,PUSHED
gingher,GINGHER
stacks,STACKS
transmisson,TRANSMISSION
dior,DIOR
adater,ADAPTER
radiatr,RADIATOR
rplcbl,REPLACEABLE
narrowed,NARROWED
crawford,CRAWFORD
flushin,FLUSHING
elctr,ELECTRIC
rican,RICAN
robins,ROBINS
ionizor,IONIZER
threadroll,THREAD-ROLL
lenovo,LENOVO
mallets,MALLETS
injctor,INJECTOR
syphoning,SYPHONING
reagen,REAGENT
sectn,SECTION
sumps,SUMPS
dietrich,DIETRICH
trowl,TROWEL
beze,BEZEL
intergalactic,INTERGALACTIC
balances,BALANCE
temperatre,TEMPERATURE
separatr,SEPARATOR
slipring,SLIP-RING
intrlk,INTERLOCK
sprinklers,SPRINKLER
radioactiv,RADIOACTIVE
preprogrammed,PREPROGRAMMED
opposi,OPPOSITE
depends,DEPENDS
mitsibishi,MITSUBISHI
splineshaft,SPLINE-SHAFT
chemicl,CHEMICAL
countrsnk,COUNTERSINK
sikeflex,SIKAFLEX
thorogoos,THOROGOOD
seriers,SERIES
retianer,RETAINER
ohsa,OHSA
comperssion,COMPRESSION
wald,WALD
commumication,COMMUNICATION
hannah,HANNAH
toolng,TOOLING
dessicent,DESICCANT
micromatic,MICROMATIC
tintable,TINTABLE
ardox,ARDOX
oelflex,OLFLEX
vibrators,VIBRATOR
dunbar,DUNBAR
wiedemann,WIEDEMANN
spca,SPCA
rete,RETE
ofset,OFFSET
greese,GREASE
nonprogrammable,NON-PROGRAMMABLE
ansformer,TRANSFORMER
lect,LECT
spiraling,SPIRALING
plymide,POLYIMIDE
sentine,SENTINEL
detents,DETENTS
aggressi,AGGRESSIVE
topog,TOPOG
thermometr,THERMOMETER
tungesten,TUNGSTEN
closedloop,CLOSED-LOOP
mniature,MINIATURE
lowdensity,LOW-DENSITY
diffusi,DIFFUSION
varister,VARISTOR
splitflange,SPLIT-FLANGE
snplated,TIN-PLATED
no342,NUMBER
marpos,MARPOSS
gearmtr,GEARMOTOR
munsell,MUNSELL
telemecan,TELEMECANIQUE
adaptrs,ADAPTER
stators,STATOR
kromschroder,KROMSCHRÖDER
speedhide,SPEEDHIDE
quickcoupler,QUICK-COUPLER
mltiport,MULTIPORT
fourdrinier,FOURDRINIER
revsd,REVISED
contactores,CONTACTOR
microabrasve,MICROABRASIVE
novagard,NOVAGARD
bendi,BENDING
din914,DIN-STANDARD
surgilube,SURGILUBE
polystrn,POLYSTYRENE
meterlong,METER-LONG
norgre,NORGREN
clasic,CLASSIC
equp,EQUIPMENT
lmguide,LM-GUIDE
attachabl,ATTACHABLE
elva,ELVA
runners,RUNNER
kobe,KOBE
millling,MILLING
valspar,VALSPAR
nakamur,NAKAMURA
turnbuckel,TURNBUCKLE
abrasionresist,ABRASION-RESISTANT
microswith,MICROSWITCH
boise,BOISE
fabricat,FABRICATION
shieled,SHIELDED
opel,OPEL
corrosv,CORROSIVE
kph,KPH
hamamatsu,HAMAMATSU
diffu,DIFFUSER
postional,POSITIONAL
graphc,GRAPHIC
valcor,VALCOR
kway,KEYWAY
specifications,SPECIFICATION
conditio,CONDITIONER
hexwshr,HEX-WASHER
radwell,RADWELL
valvecore,VALVE-CORE
supplu,SUPPLY
fittiing,FITTING
prprtnl,PROPORTIONAL
nternal,INTERNAL
quickdiscon,QUICK-DISCONNECT
cartriage,CARTRIDGE
carbit,CARBIDE
computing,COMPUTING
weatherized,WEATHERIZED
nylom,NYLON
trains,TRAINS
filiment,FILAMENT
equipto,EQUIPTO
dryin,DRYING
microprossor,MICROPROCESSOR
fittig,FITTING
cataly,CATALYST
stailess,STAINLESS
consignme,CONSIGNMENT
receivr,RECEIVER
sumitom,SUMITOMO
windsocks,WINDSOCK
undrcut,UNDERCUT
antibacklash,ANTI-BACKLASH
despense,DISPENSE
catalyzed,CATALYZED
cbor,COUNTERBORE
transmitters,TRANSMITTER
chevr,CHEVROLET
antifreez,ANTIFREEZE
exchnger,EXCHANGER
sakura,SAKURA
shldd,SHIELDED
nonmetalli,NONMETALLIC
configuratio,CONFIGURATION
directact,DIRECT-ACTING
boltdown,BOLT-DOWN
bullards,BULLARD
workglove,WORK-GLOVE
kbp,KBP
acmegrid,ACME-GRIDLEY
yasakawa,YASKAWA
equipped,EQUIPPED
connecctor,CONNECTOR
runtime,RUNTIME
clener,CLEANER
hazardou,HAZARDOUS
smll,SMALL
polyprophylene,POLYPROPYLENE
tranmitter,TRANSMITTER
regulatorfilter,REGULATOR-FILTER
loos,LOOS
din4,DIN-STANDARD
restricto,RESTRICTOR
legen,LEGEND
refridgeration,REFRIGERATION
drilli,DRILLING
snaptoggle,SNAPTOGGLE
serfilco,SERFILCO
displacem,DISPLACEMENT
nisshinbo,NISSHINBO
arrg,ARRANGEMENT
worksheet,WORKSHEET
laminatd,LAMINATED
satellit,SATELLITE
mennekes,MENNEKES
soaps,SOAPS
requency,FREQUENCY
keckley,KECKLEY
recesses,RECESSES
transormer,TRANSFORMER
theading,THREADING
centrifge,CENTRIFUGE
manifolds,MANIFOLD
recharger,RECHARGER
refracto,REFRACTOMETER
eurodri,EURODRIVE
rafi,RAFI
stge,STGE
sensin,SENSING
antibotic,ANTIBIOTIC
devibiss,DEVILBISS
parameterization,PARAMETERIZATION
autolite,AUTOLITE
electromagnetc,ELECTROMAGNETIC
shtoff,SHUTOFF
filister,FILLISTER
controled,CONTROLLED
chadwick,CHADWICK
asaclean,ASACLEAN
extruders,EXTRUDERS
ranges,RANGES
piezotronics,PIEZOTRONICS
wirewheel,WIRE-WHEEL
galvonometer,GALVANOMETER
nptthd,NPT-THREAD
triclam,TRI-CLAMP
northrop,NORTHROP
magnetizing,MAGNETIZING
recharging,RECHARGING
sealmas,SEALMASTER
sieves,SIEVE
unrinal,URINAL
milliohmmeter,MILLIOHMMETER
kollmorgan,KOLLMORGEN
films,FILMS
newall,NEWALL
roughening,ROUGHENING
sumito,SUMITOMO
vegamet,VEGAMET
tracks,TRACKS
thun,THUN
abl,ABL
intrinsicall,INTRINSICALLY
primers,PRIMER
therocouple,THERMOCOUPLE
passthrou,PASS-THROUGH
compleat,COMPLEAT
stabilo,STABILO
multisensor,MULTISENSOR
windings,WINDINGS
jamnut,JAM-NUT
badages,BANDAGE
moonbuggy,MOON-BUGGY
procssr,PROCESSOR
salvaginini,SALVAGNINI
noscratch,NO-SCRATCH
hardwre,HARDWARE
amplfr,AMPLIFIER
clinchi,CLINCHING
drlchuck,DRILL-CHUCK
repackaging,REPACKAGING
optimol,OPTIMOL
mgnta,MAGENTA
centrifug,CENTRIFUGAL
tahoe,TAHOE
compatble,COMPATIBLE
darnell,DARNELL
casted,CAST
pulloff,PULL-OFF
no812,NUMBER
stronger,STRONGER
upgrd,UPGRADE
captivated,CAPTIVATED
springclamp,SPRING-CLAMP
glycerinfilled,GLYCERINE-FILLED
caebide,CARBIDE
liquidplumr,LIQUID-PLUMR
sensir,SENSOR
titani,TITANIUM
microsensor,MICROSENSOR
doveta,DOVETAIL
ultrasharp,ULTRA-SHARP
wrkholder,WORKHOLDER
heviduty,HEVI-DUTY
morales,MORALES
humphry,HUMPHRY
regenerated,REGENERATED
hype,HYPE
en427,EN-STANDARD
hastaloy,HASTELLOY
pulltight,PULL-TIGHT
kronos,KRONOS
rakes,RAKES
urethanes,URETHANE
clyindrical,CYLINDRICAL
tasklamp,TASK-LAMP
gentex,GENTEX
handrails,HAND-RAILS
powerfle,POWERFLEX
molyd,MOLYBDENUM
mosmatic,MOSMATIC
thermostati,THERMOSTATIC
halfmoon,HALF-MOON
keegan,KEEGAN
identifie,IDENTIFIER
simocode,SIMOCODE
linmot,LINMOT
rosem,ROSEMOUNT
sortin,SORTING
mkt,MKT
analys,ANALYSIS
estrada,ESTRADA
abrasv,ABRASIVE
paged,PAGED
refacing,REFACING
tunsten,TUNGSTEN
multigear,MULTI-GEAR
conducter,CONDUCTOR
rwnd,REWIND
putting,PUTTING
erico,ERICO
moldin,MOLDING
deodoriz,DEODORIZER
micronsize,MICRON-SIZE
nonreversin,NON-REVERSING
neosporin,NEOSPORIN
humidstat,HUMIDISTAT
watermiscible,WATER-MISCIBLE
persulfate,PERSULFATE
saftronics,SAFTRONICS
installa,INSTALLATION
tiedowns,TIE-DOWN
ectronic,ELECTRONIC
peristatic,PERISTALTIC
turtleskin,TURTLESKIN
inductv,INDUCTIVE
shifted,SHIFTED
astm1,ASTM-SPECIFICATION
alingment,ALIGNMENT
driil,DRILL
prgmbl,PROGRAMMABLE
minicooper,MINI-COOPER
mechancal,MECHANICAL
weldplate,WELD-PLATE
unsuppor,UNSUPPORTED
slipons,SLIP-ONS
plirs,PLIERS
repture,RUPTURE
thermacare,THERMACARE
moutning,MOUNTING
remanufactur,REMANUFACTURED
flexbl,FLEXIBLE
nokorode,NOKORODE
aprilair,APRILAIRE
sucton,SUCTION
segmant,SEGMENT
foamng,FOAMING
motherbd,MOTHERBOARD
snapacting,SNAP-ACTION
thermocouiple,THERMOCOUPLE
captured,CAPTURED
vaneaxial,VANE-AXIAL
cavilon,CAVILON
countersin,COUNTERSINK
pressuresensitive,PRESSURE-SENSITIVE
overloads,OVERLOAD
berk,BERK
outdr,OUTDOOR
metricstud,METRIC-STUD
mkiv,MARK-IV
servomex,SERVOMEX
rotorclip,ROTOR-CLIP
zine,ZINE
hebert,HEBERT
selffeeder,SELF-FEEDER
perez,PEREZ
midas,MIDAS
zapper,ZAPPER
guerrero,GUERRERO
hrzt,HORIZONTAL
cocacola,COCA-COLA
redressed,REDRESSED
specialists,SPECIALIST
dstbtr,DISTRIBUTOR
articulatin,ARTICULATING
galvanneal,GALVANNEAL
trimethylpentane,TRIMETHYLPENTANE
pressire,PRESSURE
upload,UPLOAD
secy,SECY
dickies,DICKIES
chemtrend,CHEM-TREND
wexxar,WEXXAR
pearshaped,PEAR-SHAPED
innoculant,INOCULANT
transorb,TRANSORB
extracti,EXTRACTION
phosbr,PHOSPHOR-BRONZE
mdse,MDSE
hernon,HERNON
decals,DECALS
martonair,MARTONAIR
adjustme,ADJUSTMENT
eppendorf,EPPENDORF
clyndr,CYLINDER
singlepiece,SINGLE-PIECE
hanwha,HANWHA
adpts,ADAPTER
sae24,SAE-SPECIFICATION
potentiomet,POTENTIOMETER
lovato,LOVATO
calbrtn,CALIBRATION
ampheno,AMPHENOL
a653,ASTM-SPECIFICATION
xeon,XEON
pixar,PIXAR
paralell,PARALLEL
iso4026,ISO-STANDARD
fulcru,FULCRUM
pupose,PURPOSE
reishauer,REISHAUER
uniroyal,UNIROYAL
maniuplator,MANIPULATOR
pressuregauge,PRESSURE-GAUGE
appliances,APPLIANCE
ul1007,UL-STANDARD
zapata,ZAPATA
headlamps,HEAD-LAMPS
flowmwter,FLOWMETER
minialligator,MINI-ALLIGATOR
din915,DIN-STANDARD
lowtemp,LOW-TEMP
powerpole,POWERPOLE
neslab,NESLAB
palted,PLATED
slatwall,SLAT-WALL
identificatio,IDENTIFICATION
electricial,ELECTRICAL
maintena,MAINTENANCE
striplight,STRIP-LIGHT
hybird,HYBRID
jervis,JERVIS
dirct,DIRECT
kystk,KEY-STOCK
directnl,DIRECTIONAL
towers,TOWERS
spadebit,SPADE-BIT
nonreflect,NON-REFLECTIVE
brownsharpe,BROWN-&-SHARPE
magnificati,MAGNIFICATION
countrweight,COUNTERWEIGHT
elton,ELTON
headstoc,HEADSTOCK
capaciter,CAPACITOR
recoating,RECOATING
sigle,SINGLE
nonmgntic,NON-MAGNETIC
forza,FORZA
rests,RESTS
synchron,SYNCHRONOUS
jakcet,JACKET
innovations,INNOVATIONS
unmounte,UNMOUNTED
acutating,ACTUATING
rubbber,RUBBER
chambr,CHAMBER
hydraulik,HYDRAULIC
overun,OVERRUN
detronics,DET-TRONICS
rotates,ROTATES
optoiso,OPTOISOLATOR
pelletizer,PELLETIZER
snowmen,SNOWMEN
selftest,SELF-TEST
reflction,REFLECTION
acuated,ACTUATED
glycerinfill,GLYCERINE-FILLED
nonrelubricatable,NON-RELUBRICATABLE
flomatic,FLOMATIC
fdbk,FEEDBACK
cytec,CYTEC
resetting,RESETTING
nuaire,NUAIRE
pulleysheave,PULLEY-SHEAVE
baileigh,BAILEIGH
liqdtight,LIQUID-TIGHT
limitsw,LIMIT-SWITCH
marath,MARATHON
claws,CLAWS
cyanocrylate,CYANOACRYLATE
microdenier,MICRODENIER
scisso,SCISSORS
din47,DIN-STANDARD
pwder,POWDER
lowvoc,LOW-VOC
panetary,PLANETARY
omniseal,OMNISEAL
elisa,ELISA
refilable,REFILLABLE
berkeley,BERKELEY
milprf131,MIL-PRF-SPECIFICATION
alodined,ALODINED
chemicalresistant,CHEMICAL-RESISTANT
portbl,PORTABLE
honan,HONAN
selfwrap,SELF-WRAP
salonpas,SALONPAS
packagng,PACKAGING
qunicy,QUINCY
proportio,PROPORTIONAL
prssre,PRESSURE
autosampler,AUTO-SAMPLER
integrex,INTEGREX
ortronics,ORTRONICS
penetran,PENETRANT
ratd,RATED
semitron,SEMITRON
timiing,TIMING
ulley,PULLEY
phenom,PHENOM
bungees,BUNGEE
stopnut,STOP-NUT
wicks,WICKS
molyb,MOLYBDENUM
backslash,BACKSLASH
extractr,EXTRACTOR
lonworks,LONWORKS
sae3,SAE-SPECIFICATION
halfwave,HALF-WAVE
monoprice,MONOPRICE
scratched,SCRATCHED
explsiv,EXPLOSIVE
oilseparato,OIL-SEPARATOR
turbovac,TURBOVAC
midplane,MIDPLANE
kypd,KEYPAD
santopr,SANTOPRENE
woun,WOUND
thermocuple,THERMOCOUPLE
needlepoint,NEEDLEPOINT
sae8,SAE-SPECIFICATION
diafram,DIAPHRAGM
pinio,PINION
compartm,COMPARTMENT
prosoft,PROSOFT
plants,PLANTS
prov,PROV
descrip,DESCRIPTION
packoff,PACKOFF
polarities,POLARITIES
microfog,MICRO-FOG
drwing,DRAWING
konecrane,KONECRANES
parameters,PARAMETER
intenal,INTERNAL
miltex,MILTEX
hayden,HAYDEN
drains,DRAINS
longfellow,LONGFELLOW
dusttight,DUST-TIGHT
installaton,INSTALLATION
readou,READOUT
prepleated,PREPLEATED
actvtd,ACTIVATED
disposbl,DISPOSABLE
karnak,KARNAK
diamer,DIAMETER
ultramini,ULTRA-MINI
instapack,INSTAPAK
orporation,CORPORATION
reflectio,REFLECTION
insultr,INSULATOR
ceratizit,CERATIZIT
sleevebear,SLEEVE-BEARING
signle,SINGLE
traulsen,TRAULSEN
standoffs,STANDOFF
mamometer,MANOMETER
retrnbl,RETURNABLE
mcmaste,MCMASTER-CARR
bling,BLING
subminature,SUBMINIATURE
takeaway,TAKEAWAY
inflatr,INFLATOR
woodard,WOODARD
polesaw,POLE-SAW
xiii,XIII
netwrk,NETWORK
prescolite,PRESCOLITE
condensors,CONDENSER
threadng,THREADING
nubuc,NUBUCK
indeable,INDEXABLE
woertz,WOERTZ
irmco,IRMCO
assembky,ASSEMBLY
slippers,SLIPPERS
carbonat,CARBONATE
sellars,SELLARS
milprf87252,MIL-PRF-SPECIFICATION
thales,THALES
selfthrdng,SELF-THREADING
ogden,OGDEN
rebuit,REBUILT
cartiridge,CARTRIDGE
conica,CONICAL
xhaust,EXHAUST
accesry,ACCESSORY
multimedia,MULTIMEDIA
antstatic,ANTISTATIC
slenoid,SOLENOID
vidicon,VIDICON
ritchie,RITCHIE
wvga,WVGA
methne,METHANE
sjw,SJW
shells,SHELLS
nonrising,NON-RISING
bridges,BRIDGE
recircluation,RECIRCULATION
ul1283,UL-STANDARD
kinet,KINETIC
semicondfuse,SEMICONDUCTOR-FUSE
mirofiber,MICROFIBER
castors,CASTERS
pipeguard,PIPE-GUARD
premises,PREMISES
amplifir,AMPLIFIER
robodrill,ROBODRILL
tooltip,TOOL-TIP
sweatshir,SWEATSHIRT
dials,DIALS
enclousure,ENCLOSURE
degass,DEGASSING
assambly,ASSEMBLY
wilsonart,WILSONART
onehand,ONE-HAND
graphit,GRAPHITE
directing,DIRECTING
weco,WECO
multigauge,MULTI-GAUGE
etherneti,ETHERNET
antennas,ANTENNA
utensils,UTENSILS
filterel,FILTER-ELEMENT
wedm,WIRE-EDM
pahse,PHASE
chemineer,CHEMINEER
remanfacture,REMANUFACTURE
vulcanizing,VULCANIZING
pullpin,PULL-PIN
rivetor,RIVETER
therminol,THERMINOL
halogens,HALOGEN
cloning,CLONING
aplicator,APPLICATOR
bende,BENDER
drltap,DRILL-TAP
riders,RIDERS
iso46,ISO-STANDARD
brevini,BREVINI
technora,TECHNORA
bobrick,BOBRICK
carborund,CARBORUNDUM
paid,PAID
micrscp,MICROSCOPE
filtra,FILTRATION
deactivated,DEACTIVATED
therml,THERMAL
diffus,DIFFUSER
exacto,X-ACTO
cnctrs,CONNECTOR
kingston,KINGSTON
nurl,KNURL
chemtrec,CHEMTREC
straught,STRAIGHT
unmted,UNMOUNTED
connectiing,CONNECTING
liqid,LIQUID
unthd,UNTHREADED
possibl,POSSIBLE
gromment,GROMMET
tiebar,TIE-BAR
nonrebreather,NON-REBREATHER
antispatt,ANTI-SPATTER
servive,SERVICE
marlboro,MARLBORO
meiden,MEIDENSHA
loden,LODEN
telemecaniqu,TELEMECANIQUE
cntersink,COUNTERSINK
telescopi,TELESCOPIC
peepsight,PEEP-SIGHT
ssmbly,ASSEMBLY
smokefree,SMOKE-FREE
valvle,VALVE
sidemill,SIDE-MILL
matrx,MATRIX
parrish,PARRISH
maxcess,MAXCESS
electroly,ELECTROLYTE
e7024,WELDING-ELECTRODE-CLASSIFICATION
profib,PROFIBUS
tailrod,TAIL-ROD
treatme,TREATMENT
ingersall,INGERSOLL
allenhead,ALLEN-HEAD
specil,SPECIAL
controlr,CONTROLLER
no250,NUMBER
pstngr,PASSENGER
actuautor,ACTUATOR
amersham,AMERSHAM
toploader,TOP-LOADER
triggr,TRIGGER
mechatronics,MECHATRONICS
wkly,WEEKLY
crackresistant,CRACK-RESISTANT
sapcer,SPACER
filame,FILAMENT
dreadnaugh,DREADNOUGHT
idex,IDEX
okidata,OKIDATA
cmbstibl,COMBUSTIBLE
enclouser,ENCLOSURE
rainshield,RAIN-SHIELD
en360,EN-STANDARD
chishel,CHISEL
gotta,GOTTA
burners,BURNER
hannifan,HANNIFIN
driers,DRIERS
aliminum,ALUMINUM
nobur,NO-BURR
nogren,NORGREN
mnthly,MONTHLY
voltabe,VOLTAGE
lafert,LAFERT
directn,DIRECTION
powdercoated,POWDER-COATED
corrisive,CORROSIVE
shoelaces,SHOELACES
macho,MACHO
sodler,SOLDER
switchedmode,SWITCHED-MODE
supress,SUPPRESS
breadaway,BREAKAWAY
transfrmr,TRANSFORMER
jackpot,JACKPOT
akron,AKRON
pillowb,PILLOW-BLOCK
networks,NETWORK
xtruded,EXTRUDED
manlift,MAN-LIFT
perssure,PRESSURE
supervised,SUPERVISED
toolbar,TOOLBAR
tregakiss,TREGASKISS
pfaudl,PFAUDLER
brekaer,BREAKER
monentary,MOMENTARY
soleinoid,SOLENOID
assemlby,ASSEMBLY
arno,ARNO
ferrocote,FERROCOTE
cycolac,CYCOLAC
powerdrill,POWER-DRILL
minerals,MINERAL
turntabl,TURNTABLE
routerbit,ROUTER-BIT
oeo,OEO
onductor,CONDUCTOR
hrdwre,HARDWARE
zigbee,ZIGBEE
pullies,PULLEY
wirebonder,WIRE-BONDER
desolde,DESOLDER
balanc,BALANCE
dumore,DUMORE
texolite,TEXTOLITE
polester,POLYESTER
condnsor,CONDENSER
ozarka,OZARKA
tregaski,TREGASKISS
deburred,DEBURRED
condnsr,CONDENSER
lilly,LILLY
telescopin,TELESCOPING
hotstick,HOT-STICK
rentals,RENTALS
connecton,CONNECTION
wnshld,WINDSHIELD
salvagnni,SALVAGNINI
odessa,ODESSA
gogl,GOGGLE
checkweigh,CHECKWEIGHER
unviersal,UNIVERSAL
dumpsters,DUMPSTER
ingersolrand,INGERSOLL-RAND
imco,IMCO
squeegy,SQUEEGEE
klingersil,KLINGERSIL
guaging,GAUGING
reade,READE
hydrlic,HYDRAULIC
antirefl,ANTI-REFLECTIVE
mkv,MARK-V
rejecting,REJECTING
ringfeder,RINGFEDER
mitsubish,MITSUBISHI
needleroller,NEEDLE-ROLLER
pluger,PLUNGER
differntial,DIFFERENTIAL
pcmci,PCMCIA
opentype,OPEN-TYPE
propellor,PROPELLER
mildtl53039f,MIL-DTL-SPECIFICATION
diffusser,DIFFUSER
cmprssr,COMPRESSOR
unloadin,UNLOADING
serrtd,SERRATED
wausau,WAUSAU
selfthrd,SELF-THREADING
brazingalloy,BRAZING-ALLOY
imodium,IMODIUM
direcitonal,DIRECTIONAL
patteern,PATTERN
dovetl,DOVETAIL
honcho,HONCHO
pickoffs,PICKOFF
hewlet,HEWLETT
batterycharger,BATTERY-CHARGER
rflector,REFLECTOR
richie,RICHIE
hercule,HERCULES
hxcap,HEX-CAP
ryzen,RYZEN
niplle,NIPPLE
reversering,REVERSING
hexafluoride,HEXAFLUORIDE
laminates,LAMINATE
rosincore,ROSIN-CORE
staybrite,STAY-BRITE
lyme,LYME
knrlhd,KNURLED-HEAD
progmmbl,PROGRAMMABLE
nonflattening,NON-FLATTENING
cntrbores,COUNTERBORE
broached,BROACHED
weldingjacket,WELDING-JACKET
ofhc,OXYGEN-FREE-HIGH-CONDUCTIVITY-COPPER
kybd,KEYBOARD
pulller,PULLER
tolytriazole,TOLYLTRIAZOLE
pckge,PACKAGE
spaenaur,SPAENAUR
knnametal,KENNAMETAL
pelitier,PELTIER
celling,CEILING
regualator,REGULATOR
chromoly,CHROME-MOLY
serviec,SERVICE
hydralu,HYDRAULIC
cordeless,CORDLESS
attatchment,ATTACHMENT
powersteering,POWER-STEERING
explostion,EXPLOSION
recirculater,RECIRCULATOR
sakrete,SAKRETE
normclo,NORMALLY-CLOSED
diapers,DIAPERS
insigna,INSIGNIA
syncronizer,SYNCHRONIZER
stylusprobe,STYLUS-PROBE
phtcell,PHOTOCELL
sqweegee,SQUEEGEE
optoswitch,OPTO-SWITCH
photelec,PHOTOELECTRIC
patrn,PATTERN
vehcle,VEHICLE
defros,DEFROST
amphendl,AMPHENOL
pryex,PYREX
gnitor,IGNITOR
hrdwe,HARDWARE
repeator,REPEATER
microjet,MICROJET
reclosablebags,RECLOSABLE-BAG
no343,NUMBER
tempilsti,TEMPILSTIK
agma,AGMA
deflecti,DEFLECTION
wireframe,WIREFRAME
wrehcn,WRENCH
inhbtr,INHIBITOR
dischg,DISCHARGE
santopene,SANTOPRENE
thrshld,THRESHOLD
microstep,MICROSTEP
hydrocholric,HYDROCHLORIC
methacrylat,METHACRYLATE
hnycmb,HONEYCOMB
prdct,PRODUCT
proxitmy,PROXIMITY
teflfon,TEFLON
oxygenregulat,OXYGEN-REGULATOR
din47230,DIN-STANDARD
cummunication,COMMUNICATION
manufact,MANUFACTURING
instert,INSERT
heywood,HEYWOOD
fluorsecent,FLUORESCENT
heidenhein,HEIDENHAIN
softstarter,SOFT-STARTER
outpur,OUTPUT
weldaloy,WELDALOY
trihydrat,TRIHYDRATE
norit,NORIT
mastr,MASTER
ysplitters,Y-SPLITTER
worksation,WORKSTATION
bilngual,BILINGUAL
stationarey,STATIONARY
microwav,MICROWAVE
quickcnnct,QUICK-CONNECT
salem,SALEM
pasta,PASTA
soltn,SOLUTION
sftwre,SOFTWARE
sunction,SUCTION
haskell,HASKELL
miliq,MILLI-Q
nivotester,NIVOTESTER
depressurized,DEPRESSURIZED
streetlight,STREETLIGHT
multiwell,MULTIWELL
centifrigul,CENTRIFUGAL
applcatn,APPLICATION
gasketmake,GASKET-MAKER
eybolt,EYEBOLT
verificati,VERIFICATION
alkylbenzene,ALKYLBENZENE
velolity,VELOCITY
minnesot,MINNESOTA
levelors,LEVELER
drivebelt,DRIVE-BELT
sealretainer,SEAL-RETAINER
impelller,IMPELLER
sielncer,SILENCER
mirrir,MIRROR
phlips,PHILLIPS
bendrad,BEND-RADIUS
recessd,RECESSED
ul2317,UL-STANDARD
spunbonded,SPUNBONDED
accomodation,ACCOMMODATION
mixd,MIXED
antioxident,ANTIOXIDANT
timberlands,TIMBERLAND
refector,REFLECTOR
aqueo,AQUEOUS
ul0223,UL-STANDARD
neoprede,NEOPRENE
multipocke,MULTIPOCKET
plungeer,PLUNGER
no574,NUMBER
sissors,SCISSORS
speedrail,SPEED-RAIL
chatterlss,CHATTERLESS
flowmeters,FLOWMETER
inkje,INKJET
unsheilded,UNSHIELDED
stencile,STENCIL
prwired,PREWIRED
repaiir,REPAIR
sutherland,SUTHERLAND
posotion,POSITION
displacmt,DISPLACEMENT
tetracaine,TETRACAINE
tyndale,TYNDALE
carrington,CARRINGTON
stoage,STORAGE
troubleshootin,TROUBLESHOOTING
convave,CONCAVE
sumitumo,SUMITOMO
alternato,ALTERNATOR
speedload,SPEED-LOAD
nonrecirculating,NON-RECIRCULATING
peforator,PERFORATOR
diagragh,DIAPHRAGM
tailpi,TAILPIECE
apprved,APPROVED
overhual,OVERHAUL
triphenylmethanol,TRIPHENYLMETHANOL
sinitary,SANITARY
panelboards,PANELBOARD
extracte,EXTRACTED
neodymum,NEODYMIUM
sequen,SEQUENCE
alkid,ALKYD
vicryl,VICRYL
regulaltor,REGULATOR
telesopic,TELESCOPIC
commd,COMMAND
minipump,MINI-PUMP
nicrome,NICHROME
nomaring,NON-MARRING
cadnium,CADMIUM
pacers,PACERS
oort,OORT
pressureseal,PRESSURE-SEAL
unassembld,UNASSEMBLED
din799,DIN-STANDARD
prebonded,PRE-BONDED
applctn,APPLICATION
rdiation,RADIATION
hastello,HASTELLOY
swivels,SWIVEL
nonrebreathing,NON-REBREATHING
npropyl,N-PROPYL
yokagawa,YOKOGAWA
troug,TROUGH
hengst,HENGST
schneeberger,SCHNEEBERGER
transformers,TRANSFORMER
moldd,MOLDED
opentop,OPEN-TOP
datron,DATRON
rechargeble,RECHARGEABLE
stenci,STENCIL
ceramtec,CERAMTEC
attatching,ATTACHING
battary,BATTERY
blowdow,BLOWDOWN
omniwheel,OMNI-WHEEL
hypoallergen,HYPOALLERGENIC
sylvnia,SYLVANIA
dteel,STEEL
cleavis,CLEVIS
kollmorg,KOLLMORGEN
ithiumion,LITHIUM-ION
lithumion,LITHIUM-ION
chemfab,CHEMFAB
fluorelastomer,FLUOROELASTOMER
communciation,COMMUNICATION
placed,PLACED
reverseable,REVERSIBLE
intermodal,INTERMODAL
panaramic,PANORAMIC
planoconvex,PLANO-CONVEX
greasng,GREASING
pumpout,PUMP-OUT
adjusatble,ADJUSTABLE
uninterrupt,UNINTERRUPTIBLE
atmizing,ATOMIZING
magneh,MAGNEHELIC
microphoto,MICROPHOTO
noncompliace,NONCOMPLIANCE
obslete,OBSOLETE
attachab,ATTACHABLE
shpt,SHPT
nonsealed,NON-SEALED
cemen,CEMENT
onreturnable,NON-RETURNABLE
squaredriv,SQUARE-DRIVE
eccente,ECCENTRIC
modlule,MODULE
regultaor,REGULATOR
ductiron,DUCTILE-IRON
sartorious,SARTORIUS
slabs,SLABS
ployethylene,POLYETHYLENE
crisco,CRISCO
murtfeldt,MURTFELDT
intelligient,INTELLIGENT
whitworth,WHITWORTH
kilowatts,KILOWATT
preimum,PREMIUM
springretractable,SPRING-RETRACTABLE
convrtible,CONVERTIBLE
extenion,EXTENSION
continus,CONTINUOUS
xtended,EXTENDED
occupancyvacancy,OCCUPANCY-VACANCY
syncroflex,SYNCHROFLEX
resuscita,RESUSCITATOR
hairspray,HAIRSPRAY
hydroch,HYDROCHLORIC
retardnt,RETARDANT
squence,SEQUENCE
genes,GENES
omronn,OMRON
antistick,ANTI-STICK
indicated,INDICATED
accurac,ACCURACY
attwood,ATTWOOD
visgrip,VISE-GRIP
croakies,CROAKIES
parflange,PARFLANGE
aggressiv,AGGRESSIVE
defusser,DIFFUSER
nihard,NI-HARD
capillry,CAPILLARY
methaneair,METHANE-AIR
autoclav,AUTOCLAVE
megtec,MEGTEC
wiley,WILEY
polyproplyene,POLYPROPYLENE
capacitr,CAPACITOR
discontin,DISCONTINUED
discontinu,DISCONTINUED
hydrgen,HYDROGEN
jonson,JONSON
impoeller,IMPELLER
crit,CRIT
flashers,FLASHERS
overpressere,OVERPRESSURE
lindbe,LINDBERG
taperedrolle,TAPERED-ROLLER
escapes,ESCAPES
no701,NUMBER
tubebenders,TUBE-BENDER
pendannt,PENDANT
loadable,LOADABLE
assemblers,ASSEMBLERS
cmbowrench,COMBO-WRENCH
toothpaste,TOOTHPASTE
rectagular,RECTANGULAR
microcide,MICROCIDE
silicont,SILICONE
weatherresistant,WEATHER-RESISTANT
oregano,OREGANO
dehumidier,DEHUMIDIFIER
thimbleeye,THIMBLE-EYE
klatch,KLATCH
bottels,BOTTLE
barde,BARDE
autostart,AUTO-START
kimball,KIMBALL
electrolye,ELECTROLYTE
harnessing,HARNESSING
broachin,BROACHING
alminium,ALUMINUM
tubless,TUBELESS
continu,CONTINUOUS
psupply,POWER-SUPPLY
skimmers,SKIMMER
nonaluminum,NON-ALUMINUM
genrtor,GENERATOR
ploymer,POLYMER
veeblock,VEE-BLOCK
rectifir,RECTIFIER
internatnl,INTERNATIONAL
racthet,RATCHET
hdpolyeth,HIGH-DENSITY-POLYETHYLENE
pipetman,PIPETMAN
ruputure,RUPTURE
soldeing,SOLDERING
sockket,SOCKET
ecdcentric,ECCENTRIC
auxliary,AUXILIARY
intergra,INTEGRAL
nontoppng,NON-TOPPING
preloader,PRELOADER
bazar,BAZAR
adhsvgun,ADHESIVE-GUN
repostional,REPOSITIONABLE
deic,DEICER
mildtl53030,MIL-DTL-SPECIFICATION
overtrave,OVERTRAVEL
redon,REDON
powerpoint,POWERPOINT
repositional,REPOSITIONABLE
shifts,SHIFTS
petroleumdistillate,PETROLEUM-DISTILLATE
regulatior,REGULATOR
enhanc,ENHANCED
bushinf,BUSHING
hartford,HARTFORD
actuauor,ACTUATOR
nachie,NACHI
jokari,JOKARI
workhourse,WORKHORSE
nexis,NEXIS
esctcheon,ESCUTCHEON
waterwheel,WATERWHEEL
grudfoss,GRUNDFOS
brownsharp,BROWN-&-SHARPE
midfrequency,MID-FREQUENCY
afci,ARC-FAULT-CIRCUIT-INTERRUPTER
minidisconnect,MINI-DISCONNECT
numark,NUMARK
ivf,IVF
econmy,ECONOMY
arrangment,ARRANGEMENT
stationar,STATIONARY
kyoce,KYOCERA
fdback,FEEDBACK
filterelement,FILTER-ELEMENT
challeng,CHALLENGE
strobo,STROBE
photeletric,PHOTOELECTRIC
epoxyadhessive,EPOXY-ADHESIVE
graphinte,GRAPHITE
thermomenter,THERMOMETER
commisioning,COMMISSIONING
worms,WORMS
dischrge,DISCHARGE
portabe,PORTABLE
magnehelics,MAGNEHELIC
fuorescent,FLUORESCENT
selfprime,SELF-PRIME
anunnciator,ANNUNCIATOR
disconnest,DISCONNECT
operatng,OPERATING
assemblied,ASSEMBLY
microhenries,MICROHENRIES
redctor,REDUCER
sefar,SEFAR
microohmmeter,MICROOHMMETER
instanta,INSTANT
nofoam,NO-FOAM
lotze,LOTZE
resurfaced,RESURFACED
smalldia,SMALL-DIAMETER
pickups,PICKUPS
hayssen,HAYSSEN
turbuckle,TURNBUCKLE
quickrelea,QUICK-RELEASE
slosyn,SLO-SYN
polyacteal,POLYACETAL
excessve,EXCESSIVE
dispns,DISPENSE
multisurfce,MULTISURFACE
escapemet,ESCAPEMENT
supportng,SUPPORTING
netral,NEUTRAL
skewers,SKEWERS
tva,TVA
allinclusi,ALL-INCLUSIVE
performing,PERFORMING
isopropal,ISOPROPYL
snowthrower,SNOW-THROWER
retipped,RETIPPED
whittenstein,WITTENSTEIN
trimble,TRIMBLE
palmira,PALMIRA
proportionl,PROPORTIONAL
selfcent,SELF-CENTERING
plastomer,PLASTOMER
cailbra,CALIBRATE
assemebly,ASSEMBLY
heighth,HEIGHT
sensrs,SENSOR
hardward,HARDWARE
dispensng,DISPENSING
equalizati,EQUALIZATION
widows,WIDOWS
countsink,COUNTERSINK
intrisicall,INTRINSICALLY
payload,PAYLOAD
woerner,WOERNER
multispd,MULTISPEED
phoschek,PHOS-CHEK
unlimite,UNLIMITED
polethlene,POLYETHYLENE
sa182,ASME-SPECIFICATION
byushing,BUSHING
idles,IDLER
submergiable,SUBMERSIBLE
milprf23586,MIL-PRF-SPECIFICATION
absortion,ABSORPTION
strainrelie,STRAIN-RELIEF
casings,CASINGS
aches,ACHES
hrc35,ROCKWELL-C-HARDNESS
exhast,EXHAUST
collecting,COLLECTING
no524,NUMBER
fluorsilicon,FLUOROSILICONE
ectrode,ELECTRODE
heidaenhain,HEIDENHAIN
displacment,DISPLACEMENT
distillewater,DISTILLED-WATER
ousings,HOUSING
samoa,SAMOA
troubleshooting,TROUBLESHOOTING
glvoes,GLOVE
microcleaner,MICRO-CLEANER
shimano,SHIMANO
tricalmp,TRI-CLAMP
toughbook,TOUGHBOOK
lubricatng,LUBRICATING
struthersdunn,STRUTHERS-DUNN
concertrate,CONCENTRATE
braised,BRAZED
revrsible,REVERSIBLE
tergitol,TERGITOL
knrled,KNURLED
rivitor,RIVETER
demagnitize,DEMAGNETIZE
scientifi,SCIENTIFIC
ingots,INGOTS
ultaviolet,ULTRAVIOLET
tunston,TUNGSTEN
attenna,ANTENNA
preservati,PRESERVATIVE
antibackerial,ANTIBACTERIAL
bouffnt,BOUFFANT
wodruff,WOODRUFF
safetyswitch,SAFETY-SWITCH
transmssn,TRANSMISSION
ompensation,COMPENSATION
labware,LAB-WARE
tenn,TENN
eyeb,EYEBOLT
plyimide,POLYIMIDE
selflubricating,SELF-LUBRICATING
heidenhains,HEIDENHAIN
impedence,IMPEDANCE
hannifer,HANNIFIN
padholder,PAD-HOLDER
rocks,ROCKS
trailor,TRAILER
prepierced,PREPIERCED
perbun,PERBUNAN
ptfelined,PTFE-LINED
recovered,RECOVERED
tenstion,TENSION
nickelplate,NICKEL-PLATE
railings,RAILINGS
colletnut,COLLET-NUT
perspex,PERSPEX
disconnecy,DISCONNECT
bendr,BENDER
fluoresnt,FLUORESCENT
retriggerabl,RETRIGGERABLE
standox,STANDOX
trermometer,THERMOMETER
transforer,TRANSFORMER
seporator,SEPARATOR
focused,FOCUSED
nutspinner,NUT-SPINNER
adhsvsealant,ADHESIVE-SEALANT
neoprenecork,NEOPRENE-CORK
hydrochlrc,HYDROCHLORIC
machanic,MECHANIC
aral,ARAL
biosafety,BIO-SAFETY
prcision,PRECISION
nummatics,NUMATICS
meadows,MEADOWS
distriubtion,DISTRIBUTION
suface,SURFACE
sae250,SAE-SPECIFICATION
threadchaser,THREAD-CHASER
nplle,NIPPLE
panelmoun,PANEL-MOUNT
mousetraps,MOUSETRAPS
fingerguard,FINGER-GUARD
polypropylyene,POLYPROPYLENE
porte,PORTE
instrumenta,INSTRUMENTATION
dsplcmnt,DISPLACEMENT
rller,ROLLER
lehmann,LEHMANN
networkcable,NETWORK-CABLE
tolorance,TOLERANCE
heavymed,HEAVY-MEDIUM
phenlc,PHENOLIC
featuring,FEATURING
negitive,NEGATIVE
presseure,PRESSURE
contlogix,CONTROLLOGIX
graphtie,GRAPHITE
connctn,CONNECTION
no118,NUMBER
potientiometer,POTENTIOMETER
connectiv,CONNECTIVITY
heatsealer,HEAT-SEALER
nagement,MANAGEMENT
acetete,ACETATE
milprf81352type,MIL-PRF-SPECIFICATION
chamfet,CHAMFER
polysturene,POLYSTYRENE
promoted,PROMOTED
folowr,FOLLOWER
xix,XIX
dropfrged,DROP-FORGED
drlpress,DRILL-PRESS
derakane,DERAKANE
anitseize,ANTI-SEIZE
obdll,OBD-II
ndustrl,INDUSTRIAL
no216,NUMBER
assymblies,ASSEMBLY
tumblr,TUMBLR
deodorants,DEODORANT
astma580,ASTM-SPECIFICATION
dancers,DANCERS
stairways,STAIRWAYS
vionex,VIONEX
antimcrbial,ANTIMICROBIAL
modifiy,MODIFY
technicl,TECHNICAL
poteniome,POTENTIOMETER
reciver,RECEIVER
modifiec,MODIFIED
itanium,TITANIUM
dupot,DUPONT
decontaminatio,DECONTAMINATION
powerglide,POWERGLIDE
agitating,AGITATING
multiarm,MULTI-ARM
ultraclear,ULTRA-CLEAR
minumum,MINIMUM
wikerson,WILKERSON
coverin,COVERING
thinkcentre,THINKCENTRE
lycoming,LYCOMING
flushomet,FLUSHOMETER
buzzr,BUZZER
chipbrk,CHIPBREAKER
microscanner,MICROSCANNER
no802,NUMBER
photoellectric,PHOTOELECTRIC
neilmed,NEILMED
limonen,LIMONENE
multispind,MULTISPINDLE
preapplied,PRE-APPLIED
greasless,GREASELESS
thermoplasti,THERMOPLASTIC
fieldbu,FIELDBUS
semigliss,SEMI-GLOSS
moulde,MOLDED
photocells,PHOTOCELL
yorlok,YOR-LOK
encapsltd,ENCAPSULATED
antifoamer,ANTIFOAMER
pwoerflex,POWERFLEX
labcoats,LAB-COATS
polyrthne,POLYURETHANE
unitrode,UNITRODE
fushia,FUCHSIA
extingisher,EXTINGUISHER
invtr,INVERTER
sheeet,SHEET
adjstble,ADJUSTABLE
projectr,PROJECTOR
macdonald,MACDONALD
orificae,ORIFICE
convveyor,CONVEYOR
positv,POSITIVE
intrchange,INTERCHANGE
mildtl26482,MIL-DTL-SPECIFICATION
quiklock,QUICK-LOCK
mulitflute,MULTIFLUTE
swithcing,SWITCHING
facepeice,FACEPIECE
retiner,RETAINER
circuts,CIRCUIT
soldapullt,SOLDAPULLT
outsidedia,OUTSIDE-DIAMETER
diagon,DIAGONAL
trnsdcer,TRANSDUCER
leveli,LEVELING
dewpoints,DEW-POINT
polyurethnane,POLYURETHANE
workhorst,WORKHORSE
honeyco,HONEYCOMB
lowflow,LOW-FLOW
electrosensors,ELECTROSENSORS
automtic,AUTOMATIC
rivits,RIVET
awarenes,AWARENESS
rockers,ROCKERS
hiyield,HIGH-YIELD
mtrls,MATERIAL
detangler,DETANGLER
overcenter,OVER-CENTER
restricter,RESTRICTOR
masonery,MASONRY
thermadore,THERMADOR
cnnctng,CONNECTING
twostage,TWO-STAGE
hyperthem,HYPERTHERM
quenchent,QUENCHANT
twistlck,TWIST-LOCK
nah,NAH
dieles,DIELESS
displcmen,DISPLACEMENT
chaisers,CHASERS
no234,NUMBER
airdam,AIR-DAM
motordriver,MOTOR-DRIVER
asstm,ASSORTMENT
plnge,PLUNGER
cyulinder,CYLINDER
feedscre,FEED-SCREW
compresed,COMPRESSED
multifeed,MULTI-FEED
brinks,BRINK'S
suppler,SUPPLIER
massey,MASSEY
igniters,IGNITERS
superabrasives,SUPERABRASIVE
butrfy,BUTTERFLY
microgel,MICROGEL
miniclamp,MINI-CLAMP
secound,SECOND
selflaminte,SELF-LAMINATING
dualeleme,DUAL-ELEMENT
syrng,SYRINGE
aircomp,AIR-COMPRESSOR
unshelded,UNSHIELDED
weepless,WEEPLESS
nespresso,NESPRESSO
stripable,STRIPPABLE
transceivers,TRANSCEIVER
quiltlined,QUILT-LINED
crimpng,CRIMPING
rollpin,ROLL-PIN
firetube,FIRE-TUBE
measuri,MEASURING
bernoulli,BERNOULLI
volatage,VOLTAGE
farads,FARADS
adaoter,ADAPTER
usps,USPS
seperately,SEPARATELY
autoblok,AUTOBLOK
recertifica,RECERTIFICATION
plasmatorc,PLASMA-TORCH
mcpherson,MCPHERSON
faulhaber,FAULHABER
worcest,WORCESTER
chipotle,CHIPOTLE
suciton,SUCTION
functiona,FUNCTIONAL
alminized,ALUMINIZED
mufflersilencer,MUFFLER-SILENCER
unplanne,UNPLANNED
wahers,WASHER
patchcor,PATCH-CORD
nabisco,NABISCO
diaprag,DIAPHRAGM
highpot,HIPOT
programeble,PROGRAMMABLE
technolgy,TECHNOLOGY
tranceiver,TRANSCEIVER
warranry,WARRANTY
selfclinchin,SELF-CLINCHING
bellvill,BELLEVILLE
fittting,FITTING
valev,VALVE
hibiclens,HIBICLENS
multifunctionh,MULTIFUNCTION
mnths,MONTH
keyseatcutter,KEYSEAT-CUTTER
trimmming,TRIMMING
producing,PRODUCING
refunded,REFUNDED
anvile,ANVIL
connnectivity,CONNECTIVITY
cynider,CYLINDER
marrets,MARRETTE
reprocesse,REPROCESSED
constrution,CONSTRUCTION
citris,CITRUS
fragr,FRAGRANCE
selinoid,SOLENOID
arrays,ARRAYS
intermedia,INTERMEDIATE
translcnt,TRANSLUCENT
cllspbl,COLLAPSIBLE
phtoelectric,PHOTOELECTRIC
anhyd,ANHYDROUS
ductseal,DUCT-SEAL
sentrol,SENTROL
overtrouser,OVERTROUSER
weldwire,WELD-WIRE
recipricatin,RECIPROCATING
nonperfed,NON-PERFORATED
roughs,ROUGHS
vgrove,V-GROOVE
rimping,CRIMPING
straightconnector,STRAIGHT-CONNECTOR
etche,ETCHED
wihte,WHITE
airblast,AIR-BLAST
calgaz,CALGAZ
drveshaft,DRIVESHAFT
dewayne,DEWAYNE
appurtenances,APPURTENANCES
wipeall,WIPEALL
spoolmate,SPOOLMATE
sandwiched,SANDWICHED
resurfacing,RESURFACING
compresd,COMPRESSED
addres,ADDRESS
swivelhook,SWIVEL-HOOK
touchpanl,TOUCH-PANEL
cripmper,CRIMPER
descriptio,DESCRIPTION
multidiamenter,MULTIDIAMETER
clears,CLEAR
connectn,CONNECTION
outboa,OUTBOARD
cerrated,SERRATED
platedd,PLATED
din6911,DIN-STANDARD
emptying,EMPTYING
waterheater,WATER-HEATER
siliastic,SILASTIC
speedrai,SPEED-RAIL
tempplate,TEMPLATE
magnhelic,MAGNEHELIC
rollerconveyor,ROLLER-CONVEYOR
duplic,DUPLICATE
hyrdrogen,HYDROGEN
wlkerson,WILKERSON
transis,TRANSISTOR
bridon,BRIDON
reflectorized,REFLECTORIZED
removeinstall,REMOVE-INSTALL
stabdard,STANDARD
matters,MATTERS
gerhard,GERHARD
preloade,PRELOADED
reattac,REATTACH
pipete,PIPETTE
nachifujikoshi,NACHI-FUJIKOSHI
threadmi,THREAD-MILL
thinned,THINNED
dockboard,DOCK-BOARD
internat,INTERNAT
lacquers,LACQUER
belville,BELLEVILLE
tachmtr,TACHOMETER
netural,NEUTRAL
ballval,BALL-VALVE
retangle,RECTANGLE
antifric,ANTI-FRICTION
dubois,DUBOIS
rorary,ROTARY
visbility,VISIBILITY
coatig,COATING
sytems,SYSTEM
deodizer,DEODORIZER
grades,GRADE
ounted,MOUNTED
auxillry,AUXILIARY
antigreeze,ANTIFREEZE
modifer,MODIFIER
allegra,ALLEGRA
shppg,SHIPPING
formtap,FORM-TAP
microserver,MICROSERVER
submsbl,SUBMERSIBLE
stiffeners,STIFFENERS
coverd,COVERED
sensorless,SENSORLESS
seemles,SEAMLESS
straihjt,STRAIGHT
subass,SUBASSEMBLY
thermplastic,THERMOPLASTIC
powercontroler,POWER-CONTROLLER
ihs,IHS
tubefit,TUBE-FITTING
adjustabe,ADJUSTABLE
solenois,SOLENOID
folds,FOLDS
multicraf,MULTICRAFT
hazmt,HAZMAT
rebranded,REBRANDED
actuates,ACTUATE
wheelchock,WHEEL-CHOCK
tubingg,TUBING
pyrotek,PYROTEK
mcnaughton,MCNAUGHTON
lcm,LCM
hangi,HANGING
diaphpragm,DIAPHRAGM
spotdril,SPOT-DRILL
moydbenum,MOLYBDENUM
baffled,BAFFLED
unpressurized,UNPRESSURIZED
velmex,VELMEX
deodorizor,DEODORIZER
deodarant,DEODORANT
nogaflex,NOGAFLEX
predrille,PREDRILLED
xchngbl,EXCHANGEABLE
blakc,BLACK
multifuctional,MULTIFUNCTION
unshieldd,UNSHIELDED
sequenced,SEQUENCED
livingston,LIVINGSTON
faren,FAHRENHEIT
profilerometer,PROFILOMETER
sonde,SONDE
marche,MARCHE
failur,FAILURE
amplules,AMPULE
multiclip,MULTI-CLIP
potentionmenter,POTENTIOMETER
sidemarker,SIDE-MARKER
pearlized,PEARLIZED
floorscrubbe,FLOOR-SCRUBBER
ensat,ENSAT
disconnecting,DISCONNECTING
ethoxylated,ETHOXYLATED
remaining,REMAINING
danfos,DANFOSS
radiatn,RADIATION
midpoint,MIDPOINT
straub,STRAUB
prductn,PRODUCTION
conspicvity,CONSPICUITY
strpng,STRIPPING
tileclad,TILE-CLAD
pivotable,PIVOTABLE
grabbing,GRABBING
rechargeab,RECHARGEABLE
suez,SUEZ
penci,PENCIL
finihsed,FINISHED
tublin,TUBING
iso8673,ISO-STANDARD
nutrunn,NUTRUNNER
ibuprof,IBUPROFEN
porportion,PROPORTION
classificatio,CLASSIFICATION
aerosil,AEROSIL
polyureath,POLYURETHANE
acpt,ACPT
stanpipe,STANDPIPE
aersols,AEROSOL
prewied,PREWIRED
pressiom,PRESSURE
sipart,SIPART
rhenolic,PHENOLIC
glasees,GLASSES
photoresist,PHOTORESIST
groovd,GROOVED
multpur,MULTIPURPOSE
banddage,BANDAGE
kybrd,KEYBOARD
mobilmet,MOBILMET
soderlss,SOLDERLESS
superflexible,SUPER-FLEXIBLE
tightfit,TIGHT-FIT
alumini,ALUMINUM
tophat,TOP-HAT
xtratuf,XTRATUF
revesible,REVERSIBLE
cardide,CARBIDE
impregnatd,IMPREGNATED
tritation,TITRATION
subassemblies,SUBASSEMBLY
ployureth,POLYURETHANE
whiterust,WHITE-RUST
wrie,WIRE
throttled,THROTTLED
managers,MANAGERS
no456,NUMBER
airknives,AIR-KNIVES
synthc,SYNTHETIC
cnvyer,CONVEYOR
granola,GRANOLA
movifit,MOVIFIT
distld,DISTILLED
rectangluar,RECTANGULAR
ferrle,FERRULE
pitched,PITCHED
ruprture,RUPTURE
trovis,TROVIS
barsto,BAR-STOCK
twisttie,TWIST-TIE
indio,INDIO
hollaender,HOLLAENDER
uhaul,U-HAUL
no174,NUMBER
sixaxis,SIX-AXIS
no803,NUMBER
mimaki,MIMAKI
mountbrack,MOUNT-BRACKET
noniodize,NON-IODIZED
seampless,SEAMLESS
tecnomagnete,TECNOMAGNETE
unionspecial,UNION-SPECIAL
separated,SEPARATED
oxygene,OXYGEN
tipcleaner,TIP-CLEANER
righthanded,RIGHT-HANDED
fagor,FAGOR
landry,LANDRY
normallyclosed,NORMALLY-CLOSED
notebok,NOTEBOOK
feedlines,FEED-LINE
mannifold,MANIFOLD
inflators,INFLATOR
temperator,TEMPERATURE
drvng,DRIVING
componsator,COMPENSATOR
no031,NUMBER
elkhart,ELKHART
tricycles,TRICYCLES
pusle,PULSE
positector,POSITECTOR
cellulos,CELLULOSE
soltuion,SOLUTION
hirsch,HIRSCH
programbl,PROGRAMMABLE
acquistion,ACQUISITION
whetsone,WHETSTONE
cattridge,CARTRIDGE
tubesleeve,TUBE-SLEEVE
hepco,HEPCOMOTION
stoppper,STOPPER
knockou,KNOCKOUT
vitton,VITON
progressing,PROGRESSING
amplifi,AMPLIFIER
highpressur,HIGH-PRESSURE
purfier,PURIFIER
elimnator,ELIMINATOR
moybdenum,MOLYBDENUM
naglene,NALGENE
conecting,CONNECTING
reducre,REDUCER
fiberoptics,FIBER-OPTIC
crbid,CARBIDE
diester,DIESTER
cardbrd,CARDBOARD
smallest,SMALLEST
wheelbarrows,WHEELBARROWS
wypers,WIPER
handli,HANDLING
gcc,GCC
sullivan,SULLIVAN
tplink,TP-LINK
pools,POOLS
neodym,NEODYMIUM
gosse,GOSSE
pemdant,PENDANT
tycos,TYCOS
authorizati,AUTHORIZATION
baluff,BALLUFF
seametrics,SEAMETRICS
extractab,EXTRACTABLE
anticollisio,ANTI-COLLISION
unfuse,UNFUSED
terycloth,TERRY-CLOTH
regenerativ,REGENERATIVE
outershell,OUTER-SHELL
trams,TRAMS
patchcable,PATCH-CABLE
brazg,BRAZING
housn,HOUSING
thruhole,THRU-HOLE
canc,CANC
ferrour,FERROUS
rosenberger,ROSENBERGER
warehousing,WAREHOUSING
pilotpin,PILOT-PIN
aligmnt,ALIGNMENT
jedi,JEDI
motrola,MOTOROLA
carbozinc,CARBOZINC
ameron,AMERON
sideshifter,SIDE-SHIFTER
cincinna,CINCINNATI
peices,PIECE
rottary,ROTARY
oralb,ORAL-B
overalllength,OVERALL-LENGTH
polyurethne,POLYURETHANE
santprene,SANTOPRENE
tagholder,TAG-HOLDER
optointerrupter,OPTO-INTERRUPTER
soldeer,SOLDER
lubircating,LUBRICATING
vacuujm,VACUUM
antisei,ANTI-SEIZE
circumfer,CIRCUMFERENCE
resleev,RESLEEVE
sandvi,SANDVIK
autorang,AUTORANGING
micronmesh,MICRON-MESH
slottr,SLOTTER
graphits,GRAPHITE
jerguson,JERGUSON
snser,SENSOR
transder,TRANSDUCER
methylethyl,METHYL-ETHYL
reclsbl,RECLOSABLE
conductivy,CONDUCTIVITY
igniti,IGNITION
venturie,VENTURI
rolando,ROLANDO
onditioner,CONDITIONER
emulsifer,EMULSIFIER
vaporizor,VAPORIZER
secrew,SCREW
reting,RETAINING
kawneer,KAWNEER
ajust,ADJUST
fingrlss,FINGERLESS
techical,TECHNICAL
torringt,TORRINGTON
gera,GERA
aeroflex,AEROFLEX
no204,NUMBER
superceeds,SUPERSEDES
milprf22750f,MIL-PRF-SPECIFICATION
recepteiclce,RECEPTACLE
perozide,PEROXIDE
outputmodul,OUTPUT-MODULE
reeved,REEVED
precisiion,PRECISION
ntake,INTAKE
genrator,GENERATOR
erlenmeyer,ERLENMEYER
murrelektronik,MURRELEKTRONIK
puley,PULLEY
plymr,POLYMER
solventless,SOLVENTLESS
supoort,SUPPORT
straigntr,STRAIGHTENER
thyristo,THYRISTOR
amenities,AMENITIES
progam,PROGRAM
alignments,ALIGNMENT
hnged,HINGED
cleanromm,CLEANROOM
unbalanc,UNBALANCED
manifild,MANIFOLD
professnl,PROFESSIONAL
treament,TREATMENT
midcalf,MID-CALF
votex,VORTEX
branso,BRANSON
requred,REQUIRED
authrizd,AUTHORIZED
neoprence,NEOPRENE
premntd,PREMOUNTED
mwf,METALWORKING-FLUID
shaffer,SHAFFER
tzm,TZM-MOLYBDENUM-ALLOY
recpetacle,RECEPTACLE
silkolene,SILKOLENE
labelmaster,LABELMASTER
unpowered,UNPOWERED
immersed,IMMERSED
aershell,AEROSHELL
thermostats,THERMOSTAT
narcan,NARCAN
preassbld,PREASSEMBLED
univerasl,UNIVERSAL
miniusb,MINI-USB
componant,COMPONENT
liqidtight,LIQUID-TIGHT
otentiometer,POTENTIOMETER
cantl,CANTILEVER
lowers,LOWERS
liguidtight,LIQUID-TIGHT
mouthpi,MOUTHPIECE
inclineometer,INCLINOMETER
propellers,PROPELLER
eavyduty,HEAVY-DUTY
unlabel,UNLABELED
stretchtape,STRETCH-TAPE
wristbands,WRISTBAND
richter,RICHTER
teledyn,TELEDYNE
acetylne,ACETYLENE
vanstone,VAN-STONE
suspnsion,SUSPENSION
syntht,SYNTHETIC
larsen,LARSEN
extener,EXTENDER
torring,TORRINGTON
jamesb,JAMESBURY
pollyest,POLYESTER
telephne,TELEPHONE
wrenchset,WRENCH-SET
footbrake,FOOT-BRAKE
trianlge,TRIANGLE
unplt,UNPLATED
shieldretainer,SHIELD-RETAINER
recharable,RECHARGEABLE
termintn,TERMINATION
nonfiltered,NON-FILTERED
mpression,COMPRESSION
mobildelv,MOBIL-DELVAC
aerovox,AEROVOX
dimetcote,DIMETCOTE
secrity,SECURITY
uninteruptable,UNINTERRUPTIBLE
crossov,CROSSOVER
muliti,MULTI
coffe,COFFEE
revlon,REVLON
formtool,FORM-TOOL
incondescent,INCANDESCENT
polycrbnat,POLYCARBONATE
anaysis,ANALYSIS
flanging,FLANGING
vulcaniz,VULCANIZE
disposabe,DISPOSABLE
rexrtoh,REXROTH
particl,PARTICLE
ooled,COOLED
cardholders,CARD-HOLDERS
insulatror,INSULATOR
recpticle,RECEPTACLE
cartfidge,CARTRIDGE
nonmarr,NON-MARRING
pumphd,PUMP-HEAD
fluka,FLUKA
defusers,DIFFUSER
proprtional,PROPORTIONAL
flouracarbon,FLUOROCARBON
horizona,HORIZONTAL
reliev,RELIEVE
disolver,DISSOLVER
plugspark,SPARK-PLUG
deaerated,DEAERATED
nightlight,NIGHTLIGHT
surtronic,SURTRONIC
oilseperator,OIL-SEPARATOR
salvignini,SALVAGNINI
oprerated,OPERATED
caburetor,CARBURETOR
teperature,TEMPERATURE
rille,RILLE
bluetooh,BLUETOOTH
harriswelco,HARRIS-WELCO
fixng,FIXING
absrbr,ABSORBER
termianal,TERMINAL
rotabraoch,ROTABROACH
guardsmaster,GUARDMASTER
recosable,RECLOSABLE
hyrdraulic,HYDRAULIC
pinter,PINTER
treadplate,TREAD-PLATE
promram,PROGRAM
coalesin,COALESCING
oscillators,OSCILLATOR
relaease,RELEASE
switich,SWITCH
integrating,INTEGRATING
nilsk,NILFISK
chge,CHGE
contactora,CONTACTOR
regulatin,REGULATING
drawba,DRAWBAR
invertek,INVERTEK
erasr,ERASER
miccrobaord,MICROBOARD
genrtr,GENERATOR
aydraulic,HYDRAULIC
no223,NUMBER
tungsto,TUNGSTEN
cripming,CRIMPING
collectio,COLLECTION
cntring,CENTERING
avalbl,AVAILABLE
icky,ICKY
laxitive,LAXATIVE
fluorosi,FLUOROSILICONE
uhmpe,UHMWPE
nuematics,PNEUMATICS
inducing,INDUCING
klixon,KLIXON
hdydraulic,HYDRAULIC
sprocet,SPROCKET
compair,COMPAIR
dryden,DRYDEN
yokohama,YOKOHAMA
workhors,WORKHORSE
transfrmer,TRANSFORMER
extrustion,EXTRUSION
graohite,GRAPHITE
flywhl,FLYWHEEL
quikclot,QUIKCLOT
squezze,SQUEEZE
perforations,PERFORATION
orannge,ORANGE
milltroni,MILLTRONICS
powercables,POWER-CABLES
stains,STAINS
brenton,BRENTON
pipping,PIPPING
groundfault,GROUND-FAULT
iso2009,ISO-STANDARD
velez,VELEZ
ferricchloride,FERRIC-CHLORIDE
wormdrive,WORM-DRIVE
lido,LIDO
allpurpos,ALL-PURPOSE
doulble,DOUBLE
recuperatin,RECUPERATING
ermometers,THERMOMETER
mositure,MOISTURE
trmntn,TERMINATION
sprgsteel,SPRING-STEEL
asynchoronous,ASYNCHRONOUS
lamar,LAMAR
motrcraft,MOTORCRAFT
nonratcheting,NON-RATCHETING
discontimued,DISCONTINUED
no496,NUMBER
avalible,AVAILABLE
clearen,CLEARANCE
twincat,TWINCAT
chrominum,CHROMIUM
djusta,ADJUSTABLE
extnesion,EXTENSION
dehumidfr,DEHUMIDIFIER
spoonshaped,SPOON-SHAPED
diapragam,DIAPHRAGM
uncoilers,UNCOILER
rebuid,REBUILD
nomninal,NOMINAL
viatran,VIATRAN
eccntrc,ECCENTRIC
woodworkers,WOODWORKERS
polycrcbnt,POLYCARBONATE
moulindg,MOLDING
airpowere,AIR-POWERED
burnishe,BURNISHED
phoeni,PHOENIX
ositional,POSITIONAL
nonlatch,NON-LATCH
kewanee,KEWANEE
ibuprphen,IBUPROFEN
rudeced,REDUCED
acceleromtere,ACCELEROMETER
sawbld,SAW-BLADE
gerot,GEROTOR
sylvac,SYLVAC
spines,SPINES
freguency,FREQUENCY
hnge,HINGE
nema56,NEMA-RATING
whirlybird,WHIRLYBIRD
rachtet,RATCHET
guidng,GUIDING
dssolved,DISSOLVED
labyrint,LABYRINTH
pellethane,PELLETHANE
scren,SCREEN
diffrntl,DIFFERENTIAL
indexe,INDEXER
imputoutput,INPUT-OUTPUT
selfsustaining,SELF-SUSTAINING
weatherstri,WEATHERSTRIP
carbibide,CARBIDE
prtabl,PORTABLE
bulldo,BULLDOZER
cassidy,CASSIDY
pipesurface,PIPE-SURFACE
acidcore,ACID-CORE
precisionglide,PRECISIONGLIDE
no710,NUMBER
din6885,DIN-STANDARD
cupler,COUPLER
splittng,SPLITTING
nonmettallic,NONMETALLIC
polyhylene,POLYETHYLENE
deioninzer,DEIONIZER
premimum,PREMIUM
moistre,MOISTURE
selflck,SELF-LOCKING
vauuum,VACUUM
dialog,DIALOG
housg,HOUSING
temosonic,TEMPOSONICS
sightflow,SIGHT-FLOW
ndustrialgrade,INDUSTRIAL-GRADE
screwjack,SCREW-JACK
whench,WRENCH
impactor,IMPACTOR
lubricaton,LUBRICATION
castlenut,CASTLE-NUT
trunnino,TRUNNION
ruptr,RUPTURE
photodetector,PHOTODETECTOR
pneumatice,PNEUMATIC
oragne,ORANGE
amibidextrous,AMBIDEXTROUS
pressreducing,PRESSURE-REDUCING
calibaration,CALIBRATION
markemimaje,MARKEM-IMAJE
cirula,CIRCULAR
microsc,MICROSCOPE
minimill,MINIMILL
abrassive,ABRASIVE
embrosed,EMBOSSED
misteliminator,MIST-ELIMINATOR
methylane,METHYLENE
osbourne,OSBOURNE
natral,NATURAL
duh,DUH
alaram,ALARM
regltrr,REGULATOR
castlelated,CASTELLATED
undercabinet,UNDER-CABINET
orientable,ORIENTABLE
motorscrubber,MOTOR-SCRUBBER
clockwse,CLOCKWISE
metatarsel,METATARSAL
proxabrush,PROXABRUSH
blchd,BLEACHED
crucibles,CRUCIBLE
stripcutter,STRIP-CUTTER
adjs,ADJUST
antirotational,ANTI-ROTATION
granul,GRANULAR
antstc,ANTISTATIC
asstorment,ASSORTMENT
ruberized,RUBBERIZED
sundstrand,SUNDSTRAND
wolfe,WOLFE
phlscrewdriver,PHILLIPS-SCREWDRIVER
bircher,BIRCHER
cummings,CUMMINGS
diagno,DIAGNOSTIC
pressureswitc,PRESSURE-SWITCH
resavoir,RESERVOIR
ignitio,IGNITION
omnipure,OMNIPURE
swann,SWANN
excused,EXCUSED
batterty,BATTERY
finishe,FINISHED
rodlss,RODLESS
no666,NUMBER
hdyduty,HEAVY-DUTY
honduras,HONDURAS
indvid,INDIVIDUAL
gilson,GILSON
jewels,JEWELS
rplaceme,REPLACEMENT
ulleys,PULLEY
clnchng,CLINCHING
compleate,COMPLETE
surveys,SURVEYS
antslip,ANTI-SLIP
splicetap,SPLICE-TAP
interuption,INTERRUPTION
rplcmn,REPLACEMENT
wafr,WAFER
moblie,MOBILE
phipips,PHILLIPS
nonregulating,NON-REGULATING
schaevitz,SCHAEVITZ
keywat,KEYWAY
strps,STRIPS
jaket,JACKET
socet,SOCKET
ovrfl,OVERFLOW
nonadjusting,NON-ADJUSTING
pneumaitc,PNEUMATIC
encapusalted,ENCAPSULATED
munster,MUNSTER
handoff,HANDOFF
guideways,GUIDE-WAYS
suctin,SUCTION
vitrif,VITRIFIED
trips,TRIPS
falls,FALLS
multiroller,MULTI-ROLLER
vbel,V-BELT
bottlr,BOTTLE
longship,LONGSHIP
multitier,MULTITIER
cartriges,CARTRIDGE
parrafin,PARAFFIN
petrocanada,PETRO-CANADA
diffussion,DIFFUSION
microcontrollr,MICROCONTROLLER
matheson,MATHESON
petroluem,PETROLEUM
alligtor,ALLIGATOR
micromoles,MICROMOLES
clkws,CLOCKWISE
shawmot,SHAWMUT
insualation,INSULATION
prevntatv,PREVENTATIVE
wenger,WENGER
encdoer,ENCODER
paselode,PASLODE
polyoxymethylen,POLYOXYMETHYLENE
halsey,HALSEY
electrians,ELECTRICIAN
oriing,O-RING
scada,SCADA
lyons,LYONS
stpwtch,STOPWATCH
orgainzer,ORGANIZER
cmmn,COMMON
corrosives,CORROSIVE
brckts,BRACKET
shockabso,SHOCK-ABSORBER
reatachable,REATTACHABLE
pneumaticallyactuated,PNEUMATICALLY-ACTUATED
din508,DIN-STANDARD
xrite,X-RITE
slotnut,SLOT-NUT
tappedhole,TAPPED-HOLE
thrmocouple,THERMOCOUPLE
picktolight,PICK-TO-LIGHT
masslin,MASSLINN
nonmetall,NONMETALLIC
yamatakehoneywell,YAMATAKE-HONEYWELL
congnex,COGNEX
weiner,WEINER
ngc,NGC
capasitor,CAPACITOR
instala,INSTALL
prefiltration,PREFILTRATION
pneumaticcyl,PNEUMATIC-CYLINDER
thrustbearng,THRUST-BEARING
eccen,ECCENTRIC
relievng,RELIEVING
shaftencoder,SHAFT-ENCODER
sripe,STRIPE
summa,SUMMA
nicdnimh,NICD-NIMH
lengthened,LENGTHENED
singleface,SINGLE-FACE
weldme,WELDMENT
nyalox,NYALOX
pplicator,APPLICATOR
abnormalities,ABNORMALITIES
witches,WITCHES
dritz,DRITZ
interchangeabl,INTERCHANGEABLE
jbl,JBL
lubless,LUBELESS
hdraulic,HYDRAULIC
franke,FRANKE
submodule,SUBMODULE
backcsink,BACK-COUNTERSINK
flowers,FLOWERS
elastomere,ELASTOMER
encodor,ENCODER
sripper,STRIPPER
dbleface,DOUBLE-FACE
gycol,GLYCOL
counterbalnc,COUNTERBALANCE
collapsibl,COLLAPSIBLE
flips,FLIPS
kepco,KEPCO
culterhammer,CUTLER-HAMMER
bicromate,BICHROMATE
recirclting,RECIRCULATING
jumpered,JUMPERED
nosplatter,NO-SPLATTER
semiroug,SEMI-ROUGH
nonhazard,NON-HAZARDOUS
neverseize,NEVER-SEEZ
ultipurpose,MULTIPURPOSE
replacemant,REPLACEMENT
soldermask,SOLDER-MASK
tempertaur,TEMPERATURE
topmoun,TOP-MOUNT
heard,HEARD
meidensha,MEIDENSHA
lihtweight,LIGHTWEIGHT
brusholder,BRUSH-HOLDER
missng,MISSING
photelect,PHOTOELECTRIC
halseytaylo,HALSEY-TAYLOR
nagano,NAGANO
thorttle,THROTTLE
gpu,GPU
outputmo,OUTPUT-MODULE
sprinkel,SPRINKLER
removab,REMOVABLE
brinnell,BRINELL
phenalic,PHENOLIC
guzman,GUZMAN
intensif,INTENSIFIER
therban,THERBAN
clarksville,CLARKSVILLE
komax,KOMAX
mobiltherm,MOBILTHERM
springlock,SPRING-LOCK
hometown,HOMETOWN
leva,LEVA
ppuller,PULLER
microsmart,MICROSMART
tiv,TIV
fared,FARED
kryptonite,KRYPTONITE
deglazing,DEGLAZING
cmmnctn,COMMUNICATION
resessed,RECESSED
tinactin,TINACTIN
bengay,BENGAY
transfering,TRANSFERRING
siliconebased,SILICONE-BASED
nontorqu,NON-TORQUE
captve,CAPTIVE
prayable,SPRAYABLE
hazourdous,HAZARDOUS
dissol,DISSOLVE
transmttr,TRANSMITTER
spraycan,SPRAY-CAN
precompression,PRECOMPRESSION
suttner,SUTTNER
orafol,ORAFOL
airdryer,AIR-DRYER
impellet,IMPELLER
poistive,POSITIVE
sinterd,SINTERED
oustside,OUTSIDE
junctions,JUNCTION
racked,RACKED
flatbelt,FLAT-BELT
squard,SQUARE
cyanacrylate,CYANOACRYLATE
diconnector,DISCONNECTOR
facom,FACOM
electrostat,ELECTROSTATIC
nitrox,NITROX
robovent,ROBOVENT
baffel,BAFFLE
gilmore,GILMORE
antistac,ANTISTATIC
vibratioin,VIBRATION
no313,NUMBER
piercin,PIERCING
dissolv,DISSOLVE
accessoriez,ACCESSORY
caterpilla,CATERPILLAR
machinis,MACHINIST
orrision,CORROSION
indromat,INDRAMAT
shipments,SHIPMENTS
lifestyle,LIFESTYLE
millinginsert,MILLING-INSERT
compatibil,COMPATIBILITY
alumunum,ALUMINUM
toothbru,TOOTHBRUSH
rewrke,REWORKED
ul101,UL-STANDARD
cluch,CLUTCH
autos,AUTOS
refurbed,REFURBISHED
salvagn,SALVAGNINI
numitron,NUMITRON
thdng,THREADING
solderles,SOLDERLESS
scholl,SCHOLL
regreasable,REGREASABLE
twistoff,TWIST-OFF
combinatn,COMBINATION
patform,PLATFORM
speedgla,SPEEDGLAS
berktek,BERK-TEK
onductive,CONDUCTIVE
sideloader,SIDE-LOADER
taccloth,TACK-CLOTH
asstmnt,ASSORTMENT
mouint,MOUNT
powerlogic,POWERLOGIC
rasor,RAZOR
lambada,LAMBADA
juki,JUKI
bondng,BONDING
threespeed,THREE-SPEED
brkrs,BREAKER
automatc,AUTOMATIC
ajusta,ADJUSTABLE
antivibrat,ANTI-VIBRATION
obsol,OBSOLETE
conbustion,COMBUSTION
causitc,CAUSTIC
repelant,REPELLENT
farenhei,FAHRENHEIT
pumpshaft,PUMP-SHAFT
manderl,MANDREL
polyurehtane,POLYURETHANE
waterstone,WATER-STONE
crosslinked,CROSS-LINKED
sinclair,SINCLAIR
coxial,COAXIAL
conformi,CONFORMING
ertalyte,ERTALYTE
dicount,DISCOUNT
platfo,PLATFORM
antirotat,ANTI-ROTATION
circuitbreak,CIRCUIT-BREAKER
hygene,HYGIENE
umhos,MICROMHOS
marcus,MARCUS
soderless,SOLDERLESS
moreau,MOREAU
mtsbshi,MITSUBISHI
instabil,INSTABILITY
satinless,STAINLESS
vehichle,VEHICLE
nvidia,NVIDIA
millng,MILLING
ionexchange,ION-EXCHANGE
nolan,NOLAN
drimark,DRI-MARK
leakdetector,LEAK-DETECTOR
cirbreaker,CIRCUIT-BREAKER
softene,SOFTENER
synchronos,SYNCHRONOUS
vaqlve,VALVE
shpaed,SHAPED
mistbuster,MIST-BUSTER
paintbooth,PAINT-BOOTH
metrabyte,METRABYTE
penholders,PEN-HOLDERS
speedfit,SPEEDFIT
plansee,PLANSEE
stnlstl,STAINLESS-STEEL
arcaloy,ARCALOY
multicell,MULTICELL
antimic,ANTIMICROBIAL
shieldin,SHIELDING
graduat,GRADUATED
scienceware,SCIENCEWARE
connecc,CONNECTOR
fountains,FOUNTAINS
stepdril,STEP-DRILL
silde,SLIDE
hydrominder,HYDROMINDER
unspooling,UNSPOOLING
selfeeder,SELF-FEEDER
intial,INITIAL
demist,DEMISTER
collimating,COLLIMATING
jersy,JERSEY
oprte,OPERATE
rsprtrs,RESPIRATOR
polyethyene,POLYETHYLENE
nonshock,NON-SHOCK
pnuemetic,PNEUMATIC
amplifiier,AMPLIFIER
gassket,GASKET
din9101,DIN-STANDARD
vgrved,V-GROOVED
eccent,ECCENTRIC
proxiity,PROXIMITY
clothng,CLOTHING
destruct,DESTRUCT
prevnt,PREVENT
ompumotor,COMPUMOTOR
powerluber,POWERLUBER
triagle,TRIANGLE
toreque,TORQUE
blacks,BLACK
solidcarbi,SOLID-CARBIDE
kolemorgan,KOLLMORGEN
cutterblade,CUTTER-BLADE
ultraslim,ULTRA-SLIM
transmissn,TRANSMISSION
continues,CONTINUES
guardlogi,GUARDLOGIX
nontelescoping,NON-TELESCOPING
electriain,ELECTRICIAN
cnterbor,COUNTERBORE
no042,NUMBER
descr,DESCRIPTION
controlling,CONTROLLING
severeduty,SEVERE-DUTY
nonhozardous,NON-HAZARDOUS
pipitte,PIPETTE
diaprhagm,DIAPHRAGM
etrctbl,RETRACTABLE
borosilic,BOROSILICATE
dispensrs,DISPENSER
reisistor,RESISTOR
prossor,PROCESSOR
polyethylne,POLYETHYLENE
actyator,ACTUATOR
protecter,PROTECTOR
noentry,NO-ENTRY
solideal,SOLIDEAL
singlepin,SINGLE-PIN
threesquare,THREE-SQUARE
wearwell,WEARWELL
thded,THREADED
addacircu,ADD-A-CIRCUIT
lifti,LIFTING
pattrn,PATTERN
oughneck,ROUGHNECK
minidisk,MINIDISK
jamel,JAMEL
plystyrn,POLYSTYRENE
degreasercleaner,DEGREASER-CLEANER
flatstock,FLAT-STOCK
etracting,RETRACTING
drwastring,DRAWSTRING
krohne,KROHNE
mushroo,MUSHROOM
sprocketed,SPROCKETED
trubeam,THRU-BEAM
polypropolyene,POLYPROPYLENE
heattreated,HEAT-TREATED
backstops,BACK-STOPS
deonized,DEIONIZED
terryclth,TERRY-CLOTH
countersnki,COUNTERSINK
frklift,FORKLIFT
thermcoup,THERMOCOUPLE
combus,COMBUSTIBLE
guaged,GAUGED
etchin,ETCHING
siliconecoated,SILICONE-COATED
spiraxsarco,SPIRAX-SARCO
scratc,SCRATCH
horsehoe,HORSESHOE
encloder,ENCODER
attcmnt,ATTACHMENT
llb,LLB
wilkers,WILKERSON
weathertech,WEATHERTECH
degreasers,DEGREASER
axalta,AXALTA
pipetting,PIPETTING
rivite,RIVET
contours,CONTOUR
perfluoroelast,PERFLUOROELASTOMER
yupo,YUPO
ogura,OGURA
titanum,TITANIUM
fittinfg,FITTING
monaco,MONACO
diskettes,DISKETTE
materal,MATERIAL
yasagawa,YASKAWA
compreson,COMPRESSION
weathproof,WEATHERPROOF
advanta,ADVANTAGE
prefbrctd,PREFABRICATED
kniv,KNIFE
radation,RADIATION
warmng,WARMING
retining,RETAINING
chemlok,CHEMLOK
carbiide,CARBIDE
thermoocouple,THERMOCOUPLE
hellermann,HELLERMANNTYTON
nonconforman,NONCONFORMANCE
eliminatr,ELIMINATOR
peristaktic,PERISTALTIC
optoisolator,OPTOISOLATOR
cassete,CASSETTE
no045,NUMBER
z133,ANSI-STANDARD
repressurizing,REPRESSURIZING
bergen,BERGEN
compactfluore,COMPACT-FLUORESCENT
uconn,UCONN
thisck,THICK
pollak,POLLAK
flushomtr,FLUSHOMETER
nonphthalate,NON-PHTHALATE
straightshank,STRAIGHT-SHANK
minicrimper,MINI-CRIMPER
trinagle,TRIANGLE
microminiature,MICROMINIATURE
multsurf,MULTISURFACE
driill,DRILL
waveguid,WAVEGUIDE
counterbr,COUNTERBORE
uploading,UPLOADING
feedscrw,FEED-SCREW
triagular,TRIANGULAR
traffc,TRAFFIC
weidmulle,WEIDMÜLLER
pottin,POTTING
iso07379,ISO-STANDARD
propanetorch,PROPANE-TORCH
tungtsen,TUNGSTEN
milliflex,MILLIFLEX
dualelemen,DUAL-ELEMENT
conntroller,CONTROLLER
prgrmmbl,PROGRAMMABLE
reliefvalve,RELIEF-VALVE
selfthr,SELF-THREADING
cantileve,CANTILEVER
hivisib,HIGH-VISIBILITY
neorene,NEOPRENE
cyclindricl,CYLINDRICAL
serrarated,SERRATED
formatted,FORMATTED
feedtrhough,FEEDTHROUGH
toolboxes,TOOLBOX
no406,NUMBER
pittsburg,PITTSBURGH
rquired,REQUIRED
accelormeter,ACCELEROMETER
milprf6085,MIL-PRF-SPECIFICATION
semiglos,SEMI-GLOSS
mercedesbenz,MERCEDES-BENZ
pltform,PLATFORM
torquing,TORQUING
rectagulr,RECTANGULAR
micrporous,MICROPOROUS
extentions,EXTENSION
no259,NUMBER
portalbe,PORTABLE
chrmoly,CHROME-MOLY
bacteriacide,BACTERICIDE
tansmitter,TRANSMITTER
thinset,THINSET
fomoco,FOMOCO
blueprin,BLUEPRINT
vecoplan,VECOPLAN
bebel,BEBEL
heilind,HEILIND
valvless,VALVELESS
ocrrugated,CORRUGATED
obsorber,ABSORBER
conductivitiy,CONDUCTIVITY
aveeno,AVEENO
purfication,PURIFICATION
metirc,METRIC
capacitator,CAPACITOR
backlfow,BACKFLOW
ayer,AYER
pilotsolenoid,PILOT-SOLENOID
slydrings,SLYDRING
jerse,JERSEY
ndooroutdoor,INDOOR/OUTDOOR
oneumatic,PNEUMATIC
communiications,COMMUNICATIONS
unspsc,UNSPSC
siecor,SIECOR
serialnumber,SERIAL-NUMBER
depenser,DISPENSER
purcha,PURCHASE
verbage,VERBIAGE
titrat,TITRATE
memorex,MEMOREX
lightcurta,LIGHT-CURTAIN
desolderng,DESOLDERING
dragchain,DRAG-CHAIN
mecanical,MECHANICAL
lkwash,LOCK-WASHER
latchin,LATCHING
holddn,HOLD-DOWN
ratary,ROTARY
thiosulfa,THIOSULFATE
surfacr,SURFACE
sinterbronze,SINTERED-BRONZE
troughed,TROUGHED
absol,ABSOLUTE
baldo,BALDOR
lacquere,LACQUERED
panason,PANASONIC
hlical,HELICAL
nerf,NERF
tempura,TEMPURA
euros,EURO
splashguard,SPLASH-GUARD
airspring,AIR-SPRING
tefze,TEFZEL
molykoter,MOLYKOTE
ompliant,COMPLIANT
nonmotorized,NON-MOTORIZED
parametri,PARAMETRIC
grundf,GRUNDFOS
rotationg,ROTATING
antifreezecoolant,ANTIFREEZE-COOLANT
polyphosphate,POLYPHOSPHATE
thermpl,THERMOPLASTIC
rvalue,R-VALUE
actuatng,ACTUATING
siliconegasket,SILICONE-GASKET
inductiion,INDUCTION
provox,PROVOX
ovetail,DOVETAIL
rplce,REPLACE
garde,GARDE
watertgt,WATERTIGHT
ducktail,DUCKTAIL
hydraulis,HYDRAULIC
adjuctment,ADJUSTMENT
hardnener,HARDENER
din7979,DIN-STANDARD
cru,CRU
ecosmart,ECOSMART
sepera,SEPARATE
ciruict,CIRCUIT
recycli,RECYCLING
biomass,BIOMASS
mclube,MCLUBE
anitary,SANITARY
gradiant,GRADIENT
tailgat,TAILGATE
chestert,CHESTERTON
multiuser,MULTIUSER
phoenolic,PHENOLIC
ese,ESE
milprf81352b,MIL-PRF-SPECIFICATION
quickmount,QUICK-MOUNT
temperatue,TEMPERATURE
photowswitch,PHOTOSWITCH
numerals,NUMERALS
radoius,RADIUS
quandrant,QUADRANT
complements,COMPLEMENT
compant,COMPANY
sterlization,STERILIZATION
tyvec,TYVEK
reowrk,REWORK
gussets,GUSSET
thomasbett,THOMAS-&-BETTS
compresson,COMPRESSION
highs,HIGHS
doctors,DOCTORS
pendantcontrol,PENDANT-CONTROL
handeld,HANDHELD
ppsu,POLYPHENYLSULFONE
configurab,CONFIGURABLE
oneply,ONE-PLY
masonar,MASONRY
din1481,DIN-STANDARD
overpacked,OVERPACKED
mcmastercar,MCMASTER-CARR
solemoid,SOLENOID
updat,UPDATE
suniso,SUNISO
surfaceplate,SURFACE-PLATE
perceptro,PERCEPTRON
yokuma,OKUMA
leakresistant,LEAK-RESISTANT
tapershaft,TAPER-SHAFT
busseman,BUSSMANN
pestcid,PESTICIDE
authoried,AUTHORIZED
psticd,PESTICIDE
octite,LOCTITE
antivibr,ANTI-VIBRATION
membrne,MEMBRANE
tribolube,TRIBOLUBE
nonreinfo,NON-REINFORCED
kenametal,KENNAMETAL
viscosi,VISCOSITY
contanment,CONTAINMENT
copperclad,COPPER-CLAD
tekonsha,TEKONSHA
steute,STEUTE
flameretr,FLAME-RETARDANT
iso3650,ISO-STANDARD
cleaniness,CLEANLINESS
formulated,FORMULATED
norelem,NORELEM
surges,SURGES
noisecancelli,NOISE-CANCELING
mercotac,MERCOTAC
ul125,UL-STANDARD
anhydr,ANHYDROUS
faranheit,FAHRENHEIT
handhld,HANDHELD
no650,NUMBER
rpaired,REPAIRED
din62,DIN-STANDARD
biodegradeable,BIODEGRADABLE
airtite,AIRTIGHT
titrator,TITRATOR
barcde,BARCODE
tubeaxil,TUBE-AXIAL
channell,CHANNEL
camsh,CAMSHAFT
partion,PARTITION
microscop,MICROSCOPE
entered,ENTERED
neturalizer,NEUTRALIZER
extrafin,EXTRA-FINE
photocontrols,PHOTOCONTROL
acturator,ACTUATOR
no933,NUMBER
beverled,BEVELED
switvh,SWITCH
pneuamatic,PNEUMATIC
contrllbl,CONTROLLABLE
rimini,RIMINI
tensator,TENSATOR
annunciatot,ANNUNCIATOR
plasmacutter,PLASMA-CUTTER
lightcurtai,LIGHT-CURTAIN
centerdri,CENTER-DRILL
vecro,VELCRO
adhiesive,ADHESIVE
compnnt,COMPONENT
kontrol,CONTROL
snapfastne,SNAP-FASTENER
olution,SOLUTION
melservo,MELSERVO
reserivoir,RESERVOIR
ferous,FERROUS
bindings,BINDINGS
pnjeumatic,PNEUMATIC
minihacksaw,MINI-HACKSAW
embssd,EMBOSSED
regulaton,REGULATOR
din7985,DIN-STANDARD
switchin,SWITCHING
transports,TRANSPORTS
machinning,MACHINING
projctn,PROJECTION
neverseeze,NEVER-SEEZ
phaseangle,PHASE-ANGLE
keyswit,KEY-SWITCH
profibs,PROFIBUS
spheical,SPHERICAL
tinnning,TINNING
telmecanique,TELEMECANIQUE
rsv,RSV
mullian,MULLION
lasalle,LASALLE
sqthrd,SQUARE-THREAD
microamp,MICROAMP
powermodul,POWER-MODULE
differntal,DIFFERENTIAL
prgmmbl,PROGRAMMABLE
contacttip,CONTACT-TIP
polypprop,POLYPROPYLENE
pregreased,PREGREASED
connctng,CONNECTING
turniing,TURNING
interier,INTERIOR
eldon,ELDON
regulstor,REGULATOR
continuo,CONTINUOUS
microgrid,MICROGRID
burettes,BURETTES
minnesto,MINNESOTA
nonammonia,NON-AMMONIA
overridebypass,OVERRIDE-BYPASS
uninsluated,UNINSULATED
schaffhausen,SCHAFFHAUSEN
nottingham,NOTTINGHAM
flameretrdt,FLAME-RETARDANT
substit,SUBSTITUTE
detertgent,DETERGENT
recrd,RECORD
limitswi,LIMIT-SWITCH
multichip,MULTICHIP
koppers,KOPPERS
whittington,WHITTINGTON
joycedayton,JOYCE-DAYTON
microspatula,MICROSPATULA
braoching,BROACHING
chemetall,CHEMETALL
absoluteencoder,ABSOLUTE-ENCODER
brackt,BRACKET
oxygenacetyle,OXYGEN-ACETYLENE
mtv,MTV
seimconductor,SEMICONDUCTOR
weasler,WEASLER
barcodes,BARCODE
smartrelay,SMART-RELAY
liebher,LIEBHERR
staticdissipat,STATIC-DISSIPATIVE
sleector,SELECTOR
interlocl,INTERLOCK
terminatng,TERMINATING
calibrtion,CALIBRATION
no736,NUMBER
needlefree,NEEDLE-FREE
brazetec,BRAZETEC
crecent,CRESCENT
extingui,EXTINGUISHER
pigments,PIGMENTS
craftman,CRAFTSMAN
watersaver,WATER-SAVER
comperator,COMPARATOR
compensati,COMPENSATION
quantam,QUANTUM
predetermined,PREDETERMINED
kaivac,KAIVAC
duran,DURAN
preferd,PREFERRED
syrig,SYRINGE
truncatio,TRUNCATION
midsection,MIDSECTION
refreshed,REFRESHED
recylable,RECYCLABLE
pvcinsulated,PVC-INSULATED
bernzomati,BERNZOMATIC
allterrain,ALL-TERRAIN
iso3,ISO-STANDARD
cylindircal,CYLINDRICAL
syrige,SYRINGE
etherip,ETHERNET/IP
operatoer,OPERATOR
aggitator,AGITATOR
sikkens,SIKKENS
unastrut,UNISTRUT
solenolid,SOLENOID
saffety,SAFETY
bandsa,BAND-SAW
temorary,TEMPORARY
colourng,COLORING
lindburg,LINDBERG
temken,TIMKEN
multitech,MULTITECH
proxiimity,PROXIMITY
thetford,THETFORD
thickened,THICKENED
duluxe,DELUXE
converall,COVERALL
splitphase,SPLIT-PHASE
elevati,ELEVATION
neutralisation,NEUTRALIZATION
timesheet,TIMESHEET
heatshields,HEAT-SHIELD
nunciator,ANNUNCIATOR
otchbrite,SCOTCH-BRITE
iso4028,ISO-STANDARD
astma2,ASTM-SPECIFICATION
panvise,PANAVISE
tubg,TUBING
sydney,SYDNEY
serpintine,SERPENTINE
contactorr,CONTACTOR
chamferred,CHAMFERED
subrack,SUBRACK
auminum,ALUMINUM
weldguns,WELD-GUN
crosslinker,CROSS-LINKER
hypervisor,HYPERVISOR
samplers,SAMPLER
convereter,CONVERTER
pares,PARES
excessiv,EXCESSIVE
helimill,HELIMILL
valenit,VALENITE
ithium,LITHIUM
manitowac,MANITOWOC
creams,CREAMS
validated,VALIDATED
profiln,PROFILING
absorbants,ABSORBENT
loti,LOTI
okeefes,O'KEEFFE'S
fabory,FABORY
bitzer,BITZER
breacker,BREAKER
absobring,ABSORBING
nosecone,NOSECONE
xchanger,EXCHANGER
nitroglycerine,NITROGLYCERIN
flatt,FLATT
vycor,VYCOR
milprf6081grade,MIL-PRF-SPECIFICATION
ovrloads,OVERLOAD
eccnt,ECCENTRIC
metring,METERING
rectifr,RECTIFIER
tugnsten,TUNGSTEN
microfiche,MICROFICHE
explsnproof,EXPLOSION-PROOF
repeate,REPEATER
keysea,KEYSEAT
din41571,DIN-STANDARD
jtekt,JTEKT
polypropeline,POLYPROPYLENE
pyronics,PYRONICS
nonlatching,NON-LATCHING
pallt,PALLET
mxylene,M-XYLENE
unprogrammed,UNPROGRAMMED
sprklr,SPRINKLER
compresser,COMPRESSOR
hitac,HITACHI
anolog,ANALOG
camcar,CAMCAR
absorbance,ABSORBANCE
presures,PRESSURE
antirattle,ANTI-RATTLE
evaportor,EVAPORATOR
feedtrhu,FEEDTHROUGH
nisshimbo,NISSHINBO
whiterodgers,WHITE-RODGERS
countbore,COUNTERBORE
flexibal,FLEXIBLE
frnitur,FURNITURE
workstati,WORKSTATION
indrmat,INDRAMAT
drvrbit,DRIVER-BIT
kleenguar,KLEENGUARD
mcelroy,MCELROY
temeprature,TEMPERATURE
dillard,DILLARD
franks,FRANKS
schoulder,SHOULDER
palin,PALIN
rotronic,ROTRONIC
ledvance,LEDVANCE
volumn,VOLUME
snaphoo,SNAP-HOOK
severeweather,SEVERE-WEATHER
rehydrat,REHYDRATE
raditon,RADIATION
firmwa,FIRMWARE
selfadjust,SELF-ADJUST
schroud,SHROUD
filterregl,FILTER-REGULATOR
letting,LETTING
rotaty,ROTARY
phnolc,PHENOLIC
pyromet,PYROMETER
dissicant,DESICCANT
barbercolman,BARBER-COLMAN
rollformed,ROLL-FORMED
phnes,PHONE
hrdned,HARDENED
folwr,FOLLOWER
knurler,KNURLER
corbett,CORBETT
joins,JOINS
ferulle,FERRULE
jolene,JOLENE
operaed,OPERATED
rackmountable,RACKMOUNTABLE
conforman,CONFORMANCE
pipettors,PIPETTOR
named,NAMED
bouyancy,BUOYANCY
diconnect,DISCONNECT
nontarns,NON-TARNISH
fittinh,FITTING
spiner,SPINNER
ziegler,ZIEGLER
thrustbrgs,THRUST-BEARING
poolfilter,POOL-FILTER
adapterextension,ADAPTER-EXTENSION
respirtaor,RESPIRATOR
tabbing,TABBING
polycottn,POLY-COTTON
dehumidifr,DEHUMIDIFIER
accessr,ACCESSORY
compostite,COMPOSITE
lithuimion,LITHIUM-ION
carey,CAREY
oolbox,TOOLBOX
vertial,VERTICAL
greasefitting,GREASE-FITTING
butanediol,BUTANEDIOL
grated,GRATED
uniterrptible,UNINTERRUPTIBLE
ventiliation,VENTILATION
torchneck,TORCH-NECK
flameretardant,FLAME-RETARDANT
strippercrimper,STRIPPER-CRIMPER
pathoge,PATHOGEN
bellevil,BELLEVILLE
countrbore,COUNTERBORE
roughenin,ROUGHENING
torchweld,TORCH-WELD
weedeater,WEED-EATER
onnectors,CONNECTOR
slelector,SELECTOR
stryrene,STYRENE
acmegridley,ACME-GRIDLEY
presur,PRESSURE
ratchetextention,RATCHET-EXTENSION
govt,GOVT
hackasw,HACKSAW
reducig,REDUCING
stelite,STELLITE
timecards,TIME-CARDS
aluminumoxide,ALUMINUM-OXIDE
wirebonders,WIRE-BONDER
epocast,EPOCAST
transsitor,TRANSISTOR
commutato,COMMUTATOR
thermoometer,THERMOMETER
remach,REMACHINE
adjustalbe,ADJUSTABLE
plyuth,POLYURETHANE
camfilfarr,CAMFIL-FARR
nonferrou,NONFERROUS
additel,ADDITEL
upfront,UPFRONT
doghous,DOGHOUSE
atago,ATAGO
motiom,MOTION
displacemant,DISPLACEMENT
twostep,TWO-STEP
zoller,ZOLLER
magtrol,MAGTROL
contorls,CONTROL
friedrich,FRIEDRICH
heatng,HEATING
hytorq,HYTORC
chamferin,CHAMFERING
bavaria,BAVARIA
bbc,BBC
photoelic,PHOTOELECTRIC
algicide,ALGICIDE
micropresure,MICRO-PRESSURE
trnsformer,TRANSFORMER
unauthori,UNAUTHORIZED
speedreducer,SPEED-REDUCER
groundclamp,GROUND-CLAMP
hines,HINES
contrasting,CONTRASTING
ecofriend,ECO-FRIENDLY
agitr,AGITATOR
sution,SUCTION
schroff,SCHROFF
sendix,SENDIX
elora,ELORA
approva,APPROVAL
ironton,IRONTON
luau,LUAU
rectfier,RECTIFIER
splittr,SPLITTER
stackpole,STACKPOLE
furrel,FERRULE
photoluminsc,PHOTOLUMINESCENT
crossba,CROSSBAR
linining,LINING
overtemperature,OVER-TEMPERATURE
hitorquer,HIGH-TORQUE
wshrhd,WASHER-HEAD
gutterguard,GUTTER-GUARD
onitoring,MONITORING
nbs,NBS
sltte,SLOTTED
torquelimiting,TORQUE-LIMITING
disconects,DISCONNECT
holloway,HOLLOWAY
heavyweig,HEAVYWEIGHT
asstment,ASSORTMENT
honeyc,HONEYCOMB
skates,SKATES
rcyclng,RECYCLING
screenfilter,SCREEN-FILTER
jamesbur,JAMESBURY
polytetrafluor,POLYTETRAFLUOROETHYLENE
isoprpnl,ISOPROPANOL
anitspatter,ANTI-SPATTER
biodispersant,BIODISPERSANT
frmale,FEMALE
keywa,KEYWAY
multiplexor,MULTIPLEXER
ballcheck,BALL-CHECK
disposl,DISPOSAL
partitions,PARTITION
custmade,CUSTOM-MADE
testpoint,TEST-POINT
masry,MASONRY
predesigned,PREDESIGNED
flowmtr,FLOWMETER
no267,NUMBER
cleansers,CLEANSER
nedox,NEDOX
diffusers,DIFFUSER
sludg,SLUDGE
seweuro,SEW-EURODRIVE
westinghous,WESTINGHOUSE
eec,EEC
theftresistant,THEFT-RESISTANT
pushtyp,PUSH-TYPE
nonflmbl,NONFLAMMABLE
bennie,BENNIE
nosetip,NOSE-TIP
nooxid,NO-OX-ID
verturi,VENTURI
worthignton,WORTHINGTON
posidri,POZIDRIV
sulfamicacid,SULFAMIC-ACID
usgpm,US-GALLONS-PER-MINUTE
touchscren,TOUCHSCREEN
keyborad,KEYBOARD
secured,SECURED
photoresistor,PHOTORESISTOR
theaded,THREADED
contorller,CONTROLLER
replce,REPLACE
carbe,CARBIDE
toorque,TORQUE
keypa,KEYPAD
vacuuum,VACUUM
amplifler,AMPLIFIER
precommission,PRE-COMMISSION
pushbuttom,PUSHBUTTON
overwrapper,OVERWRAPPER
walden,WALDEN
heise,HEISE
coase,COARSE
injecting,INJECTING
sysytems,SYSTEM
kenamet,KENNAMETAL
smashed,SMASHED
filterele,FILTER-ELEMENT
jena,JENA
heinenhain,HEIDENHAIN
laminatng,LAMINATING
diaphrams,DIAPHRAGM
bathtwl,BATH-TOWEL
centrifucal,CENTRIFUGAL
rodguide,ROD-GUIDE
indictaor,INDICATOR
aluminimum,ALUMINUM
accelerome,ACCELEROMETER
mgnetc,MAGNETIC
biddle,BIDDLE
armatuer,ARMATURE
auxilla,AUXILIARY
dispenci,DISPENSING
polyurethine,POLYURETHANE
airspace,AIRSPACE
exht,EXHAUST
dichlorobenzene,DICHLOROBENZENE
longreach,LONG-REACH
rfrigrnt,REFRIGERANT
trnsformn,TRANSFORMER
speedomet,SPEEDOMETER
windsheld,WINDSHIELD
particale,PARTICLE
resprtr,RESPIRATOR
preventataive,PREVENTATIVE
microclamp,MICRO-CLAMP
gussett,GUSSET
nonferro,NONFERROUS
lubricatior,LUBRICATOR
lacquor,LACQUER
cnct,CONNECT
timingbe,TIMING-BELT
gasketmak,GASKET-MAKER
themocouple,THERMOCOUPLE
kaye,KAYE
thermostatc,THERMOSTATIC
milprf22191,MIL-PRF-SPECIFICATION
wolverin,WOLVERINE
enameled,ENAMELED
resetable,RESETTABLE
electronica,ELECTRONICA
kickdwn,KICKDOWN
widened,WIDENED
strongman,STRONGMAN
hvywall,HEAVY-WALL
throgood,THOROGOOD
asswembly,ASSEMBLY
thruhol,THRU-HOLE
cylindeer,CYLINDER
sherwinswilliams,SHERWIN-WILLIAMS
midtone,MIDTONE
spintite,SPINTITE
lubration,LUBRICATION
alton,ALTON
nonpigment,NON-PIGMENT
electrolyti,ELECTROLYTIC
insulaed,INSULATED
reamed,REAMED
marcal,MARCAL
cnstrction,CONSTRUCTION
unauthrz,UNAUTHORIZED
no648,NUMBER
maag,MAAG
encapsulat,ENCAPSULATED
eurodive,EURODRIVE
bendabl,BENDABLE
conditoner,CONDITIONER
heatlamp,HEAT-LAMP
pickof,PICKOFF
hrspwr,HORSEPOWER
pressureregulating,PRESSURE-REGULATING
holdings,HOLDING
vehical,VEHICLE
conatct,CONTACT
safetyclip,SAFETY-CLIP
instrom,INSTRON
immrsn,IMMERSION
cleanerdisinfect,CLEANER-DISINFECTANT
sitran,SITRANS
forex,FOREX
eliminaor,ELIMINATOR
chetah,CHETAH
slitterblad,SLITTER-BLADE
recommended,RECOMMENDED
openreel,OPEN-REEL
gladhnd,GLAD-HAND
freightlnr,FREIGHTLINER
soils,SOILS
rescreen,RESCREEN
needleknife,NEEDLE-KNIFE
soduim,SODIUM
bushn,BUSHING
silocon,SILICON
integrators,INTEGRATORS
worstation,WORKSTATION
hazardour,HAZARDOUS
absobent,ABSORBENT
waywiper,WAY-WIPER
iso7045,ISO-STANDARD
acutal,ACTUAL
nonchlorinate,NON-CHLORINATED
robertso,ROBERTSON
westclox,WESTCLOX
desicca,DESICCANT
vibrolator,VIBROLATOR
fibermetal,FIBRE-METAL
nonfusibl,NON-FUSIBLE
conformit,CONFORMITY
polyprophylen,POLYPROPYLENE
geroter,GEROTOR
chlorox,CLOROX
oregon,OREGON
neophrene,NEOPRENE
butllet,BULLET
waterres,WATER-RESISTANT
crystalbond,CRYSTALBOND
intermidate,INTERMEDIATE
homogenizr,HOMOGENIZER
noes,NOES
deleted,DELETED
breakag,BREAKAGE
polyalphaoletin,POLYALPHAOLEFIN
presurized,PRESSURIZED
foklift,FORKLIFT
din25,DIN-STANDARD
arboloy,ARBOLOY
tflon,TEFLON
showercurtain,SHOWER-CURTAIN
brazin,BRAZING
adjustavle,ADJUSTABLE
yokogaw,YOKOGAWA
winsheild,WINDSHIELD
amano,AMANO
interlcok,INTERLOCK
scisssors,SCISSORS
preapproved,PRE-APPROVED
no206,NUMBER
prwrd,PREWIRED
heatsinks,HEAT-SINK
cardbide,CARBIDE
microbiocid,MICROBIOCIDE
carries,CARRIES
developers,DEVELOPERS
governed,GOVERNED
playdoh,PLAY-DOH
rodrick,RODRICK
cyrstal,CRYSTAL
screencloth,SCREEN-CLOTH
accents,ACCENTS
preblended,PRE-BLENDED
boveri,BROWN-BOVERI
apertures,APERTURE
moonbuggies,MOON-BUGGY
fenced,FENCED
needletype,NEEDLE-TYPE
reenforced,REINFORCED
hangin,HANGING
lockig,LOCKING
megabyte,MEGABYTE
recoater,RECOATER
nonlckng,NON-LOCKING
convetor,CONVERTER
titnium,TITANIUM
armatu,ARMATURE
arres,ARRESTER
mobilserv,MOBILSERV
roughin,ROUGHING
daimond,DIAMOND
overunder,OVER-UNDER
polyetholene,POLYETHYLENE
watsonmarlow,WATSON-MARLOW
encoer,ENCODER
endocer,ENCODER
keystk,KEY-STOCK
phtoelec,PHOTOELECTRIC
plting,PLATING
tootl,TOOL
microperforated,MICROPERFORATED
hrdshll,HARD-SHELL
chrcoal,CHARCOAL
extrction,EXTRACTION
carababiners,CARABINER
economiser,ECONOMIZER
softened,SOFTENED
vetical,VERTICAL
burnishr,BURNISHER
dehumidificatn,DEHUMIDIFICATION
smiley,SMILEY
polyeurathane,POLYURETHANE
vibratrion,VIBRATION
partscleaner,PARTS-CLEANER
sterilant,STERILANT
plmbr,PLUMBER
oderless,ODORLESS
dmso,DMSO
unilever,UNILEVER
petroleu,PETROLEUM
electrostaic,ELECTROSTATIC
fluoroware,FLUOROWARE
retractalbe,RETRACTABLE
woodruffkey,WOODRUFF-KEY
microwitch,MICROSWITCH
seperators,SEPARATOR
pneumamtic,PNEUMATIC
minitool,MINI-TOOL
orrugated,CORRUGATED
controlers,CONTROLLER
vena,VENA
splind,SPLINE
solenard,SOLENOID
contollogix,CONTROLLOGIX
dante,DANTE
comperssor,COMPRESSOR
planteary,PLANETARY
utilitie,UTILITIES
victaul,VICTAULIC
mouthpiec,MOUTHPIECE
lgray,LIGHT-GRAY
orvr,ONBOARD-REFUELING-VAPOR-RECOVERY
machanics,MECHANICS
microsdxc,MICROSDXC
ystrainers,Y-STRAINERS
trnsmit,TRANSMITTER
mindman,MINDMAN
noburr,NO-BURR
strpper,STRIPPER
acustical,ACOUSTIC
thckness,THICKNESS
polythyene,POLYETHYLENE
wirewnd,WIREWOUND
weathercap,WEATHER-CAP
preporsional,PROPORTIONAL
tremco,TREMCO
spectromet,SPECTROMETER
salvganini,SALVAGNINI
proxity,PROXIMITY
ethlene,ETHYLENE
astme57,ASTM-SPECIFICATION
stabilizr,STABILIZER
ajdustable,ADJUSTABLE
holdin,HOLDING
portible,PORTABLE
nonhzrd,NON-HAZARDOUS
multiprobe,MULTI-PROBE
steelcase,STEELCASE
coreles,CORELESS
brideport,BRIDGEPORT
multipupose,MULTIPURPOSE
traceabl,TRACEABLE
adhhesive,ADHESIVE
no105,NUMBER
reducbush,REDUCING-BUSHING
studwelde,STUD-WELDER
polyphenyl,POLYPHENYL
platf,PLATFORM
flappe,FLAPPER
outputmodule,OUTPUT-MODULE
foxbor,FOXBORO
greasabl,GREASABLE
dubai,DUBAI
swivelcaster,SWIVEL-CASTER
idemitsu,IDEMITSU
screan,SCREEN
torxscrewdriver,TORX-SCREWDRIVER
elminating,ELIMINATING
bitumastic,BITUMASTIC
no435,NUMBER
upcharge,UPCHARGE
chuk,CHUCK
hohner,HOHNER
enclosre,ENCLOSURE
jogging,JOGGING
swithch,SWITCH
adjabl,ADJUSTABLE
wrwench,WRENCH
fragl,FRAGILE
supperssion,SUPPRESSION
outputcard,OUTPUT-CARD
shows,SHOWS
sprngplunger,SPRING-PLUNGER
siliko,SILICONE
glycering,GLYCERIN
varibale,VARIABLE
regrinded,REGROUND
geese,GEESE
nonchlortd,NON-CHLORINATED
oscilator,OSCILLATOR
diagraphm,DIAPHRAGM
coolong,COOLING
funel,FUNNEL
spiroflow,SPIROFLOW
nonbelted,NON-BELTED
furnce,FURNACE
huntron,HUNTRON
microprobe,MICROPROBE
no166,NUMBER
bisulfate,BISULFATE
graingr,GRAINGER
fluorsilicone,FLUOROSILICONE
wroughtcopp,WROUGHT-COPPER
polypenco,POLYPENCO
nylaflow,NYLAFLOW
forgedflang,FORGED-FLANGE
nonindictg,NON-INDICATING
mossfet,MOSFET
threeposition,THREE-POSITION
wheeel,WHEEL
actovator,ACTUATOR
nonsandable,NON-SANDABLE
terminalblock,TERMINAL-BLOCK
chipbreaking,CHIP-BREAKING
themocpl,THERMOCOUPLE
chipbraeker,CHIPBREAKER
acquisi,ACQUISITION
excitr,EXCITER
tiffen,TIFFEN
jarred,JARRED
slipsocket,SLIP-SOCKET
hydrocar,HYDROCARBON
nonillumating,NON-ILLUMINATED
microsec,MICROSECOND
waterjets,WATER-JET
resitant,RESISTANT
operte,OPERATE
funcional,FUNCTIONAL
superthin,SUPERTHIN
kaopectate,KAOPECTATE
clner,CLEANER
uniontee,UNION-TEE
replcbl,REPLACEABLE
alighnment,ALIGNMENT
preconfigured,PRECONFIGURED
adhseiv,ADHESIVE
primersealer,PRIMER-SEALER
hydraulid,HYDRAULIC
toolsette,TOOL-SETTER
extnsi,EXTENSION
plugweld,PLUG-WELD
radcliff,RADCLIFF
rsponse,RESPONSE
tansformer,TRANSFORMER
setups,SETUPS
cartooner,CARTONER
feedi,FEEDING
crashing,CRASHING
piolted,PILOTED
steplad,STEPLADDER
seamwelde,SEAM-WELDER
compressionspri,COMPRESSION-SPRING
extander,EXTENDER
blemished,BLEMISHED
comptression,COMPRESSION
microblading,MICROBLADING
outsideair,OUTSIDE-AIR
cementing,CEMENTING
cylndrcal,CYLINDRICAL
nucler,NUCLEAR
ferrulle,FERRULE
hardnened,HARDENED
handing,HANDING
prussion,PRUSSIAN
mngmnt,MANAGEMENT
specifie,SPECIFIED
resharped,RESHARPENED
optio,OPTION
paintline,PAINT-LINE
heidenhan,HEIDENHAIN
obsorbant,ABSORBENT
poentiometer,POTENTIOMETER
pushconnect,PUSH-CONNECT
ventura,VENTURA
perfluorocaron,PERFLUOROCARBON
walnt,WALNUT
adalet,ADALET
mechncl,MECHANICAL
uvresistant,UV-RESISTANT
discontued,DISCONTINUED
mixng,MIXING
safes,SAFES
bainite,BAINITE
thermocopple,THERMOCOUPLE
skeleto,SKELETON
oileite,OILITE
scalpels,SCALPELS
dowanol,DOWANOL
eide,EIDE
directinal,DIRECTIONAL
mcgee,MCGEE
allischalmer,ALLIS-CHALMERS
funtion,FUNCTION
posital,POSITAL
sterializatio,STERILIZATION
antisiez,ANTI-SEIZE
severanc,SEVERANCE
subfloors,SUBFLOORS
atotech,ATOTECH
conductix,CONDUCTIX
optimass,OPTIMASS
bendryl,BENADRYL
betzdearborn,BETZ-DEARBORN
woolite,WOOLITE
trilobal,TRILOBAL
grphte,GRAPHITE
facemills,FACE-MILLS
duckbil,DUCKBILL
swiveltype,SWIVEL-TYPE
outputmod,OUTPUT-MODULE
microposition,MICROPOSITION
schuko,SCHUKO
pencilstyle,PENCIL-STYLE
proximoty,PROXIMITY
seatbelts,SEAT-BELTS
nonionic,NONIONIC
robertsn,ROBERTSON
thermostate,THERMOSTAT
solidwire,SOLID-WIRE
prcssr,PROCESSOR
cmnctn,COMMUNICATION
thoronton,THORNTON
steriliza,STERILIZATION
manipulaor,MANIPULATOR
turnon,TURNON
refrigerat,REFRIGERANT
vavve,VALVE
hensley,HENSLEY
orvus,ORVUS
backfacer,BACK-FACER
xmittr,TRANSMITTER
singlerow,SINGLE-ROW
irradated,IRRADIATED
paralled,PARALLEL
mechancl,MECHANICAL
remanufact,REMANUFACTURED
slotsaw,SLOT-SAW
nishing,FINISHING
conmpression,COMPRESSION
coalescers,COALESCER
isomers,ISOMERS
ploypro,POLYPROPYLENE
adhesinve,ADHESIVE
viscoelastic,VISCOELASTIC
eciprocating,RECIPROCATING
omnidirec,OMNIDIRECTIONAL
mgml,MILLIGRAMS-PER-MILLILITER
derailleur,DERAILLEUR
cylindrcal,CYLINDRICAL
cardbaord,CARDBOARD
furnitur,FURNITURE
mneral,MINERAL
feedthro,FEEDTHROUGH
counertsink,COUNTERSINK
ethafoam,ETHAFOAM
whetstne,WHETSTONE
mediium,MEDIUM
peizo,PIEZO
kicked,KICKED
oilrubbed,OIL-RUBBED
scribed,SCRIBED
gruvlock,GRUVLOK
colector,COLLECTOR
removes,REMOVE
blackshirt,BLACKSHIRT
outfed,OUTFEED
bulltn,BULLETIN
differnetial,DIFFERENTIAL
overstroke,OVERSTROKE
rrosive,CORROSIVE
snubnose,SNUB-NOSE
linux,LINUX
deoinized,DEIONIZED
pivit,PIVOT
serrrated,SERRATED
macias,MACIAS
hydrocortizone,HYDROCORTISONE
equations,EQUATIONS
anviloy,ANVILOY
adjment,ADJUSTMENT
iso50,ISO-STANDARD
phnolic,PHENOLIC
plycttn,POLY-COTTON
mountingbracket,MOUNTING-BRACKET
lumps,LUMPS
spatual,SPATULA
avigilon,AVIGILON
contrroled,CONTROLLED
weldmount,WELD-MOUNT
spotllight,SPOTLIGHT
greenville,GREENVILLE
elastome,ELASTOMER
metglas,METGLAS
fibgerglass,FIBERGLASS
nantucket,NANTUCKET
sloshing,SLOSHING
rnded,ROUNDED
squibb,SQUIBB
etchd,ETCHED
photobeam,PHOTO-BEAM
osclltr,OSCILLATOR
din91212,DIN-STANDARD
mercuery,MERCURY
powercontrol,POWER-CONTROL
rivter,RIVETER
kuebler,KÜBLER
sava,SAVA
rectanglr,RECTANGULAR
mutlistep,MULTISTEP
tailpeice,TAILPIECE
hosuing,HOUSING
esselte,ESSELTE
elmnts,ELEMENT
stanleyfatmax,STANLEY-FATMAX
magnent,MAGNET
polyethene,POLYETHYLENE
funnl,FUNNEL
transducder,TRANSDUCER
presision,PRECISION
burshing,BRUSHING
methonal,METHANOL
conterweight,COUNTERWEIGHT
anytime,ANYTIME
genteq,GENTEQ
thrttle,THROTTLE
nduction,INDUCTION
monitorrelay,MONITOR-RELAY
galvanise,GALVANIZE
thinclient,THIN-CLIENT
vinylcoat,VINYL-COATED
kutol,KUTOL
screeners,SCREENERS
din94,DIN-STANDARD
sieme,SIEMENS
slvrplt,SILVER-PLATED
pinwheel,PINWHEEL
propr,PROPR
golve,GLOVE
reduces,REDUCE
mildewrst,MILDEW-RESISTANT
tutco,TUTCO
dubuque,DUBUQUE
kanaflex,KANAFLEX
preforated,PERFORATED
rejects,REJECTS
alkalne,ALKALINE
chafing,CHAFING
burgand,BURGUNDY
zilog,ZILOG
rctifier,RECTIFIER
satoprene,SANTOPRENE
fireresis,FIRE-RESISTANT
resharping,RESHARPENING
diversitech,DIVERSITECH
sgd,SGD
renewabel,RENEWABLE
circuitbreake,CIRCUIT-BREAKER
lubricati,LUBRICATION
garmin,GARMIN
mcdonnel,MCDONNELL
exchg,EXCHANGER
butoon,BUTTON
iso165,ISO-STANDARD
recondit,RECONDITIONED
ovrsize,OVERSIZE
sealtit,SEALTITE
faustino,FAUSTINO
transaxl,TRANSAXLE
currenttransformer,CURRENT-TRANSFORMER
mastered,MASTERED
configu,CONFIGURE
wheellift,WHEEL-LIFT
condiut,CONDUIT
milprf9954d,MIL-PRF-SPECIFICATION
pachage,PACKAGE
eutalloy,EUTALLOY
chargng,CHARGING
buttrerfly,BUTTERFLY
staedtl,STAEDTLER
absob,ABSORB
intelock,INTERLOCK
peelseal,PEEL-SEAL
doubble,DOUBLE
sprket,SPROCKET
dblcoatd,DOUBLE-COATED
binderhead,BINDER-HEAD
ouside,OUTSIDE
homax,HOMAX
elbos,ELBOW
thermox,THERMOX
etchn,ETCHING
optimizatio,OPTIMIZATION
ahndle,HANDLE
passernger,PASSENGER
butteerfly,BUTTERFLY
terostat,TEROSTAT
thruhardend,THROUGH-HARDENED
nerd,NERD
no597,NUMBER
potentiomer,POTENTIOMETER
mettering,METERING
aosafety,AOSAFETY
orkot,ORKOT
fireretrd,FIRE-RETARDANT
basterd,BASTARD
halides,HALIDES
rtdthermowell,RTD-THERMOWELL
nonbleach,NON-BLEACH
biodegradab,BIODEGRADABLE
muffer,MUFFLER
nonapprvd,NON-APPROVED
draincock,DRAIN-COCK
picaridin,PICARIDIN
anitmicrobial,ANTIMICROBIAL
norelco,NORELCO
repeaters,REPEATER
springdale,SPRINGDALE
mdpe,MEDIUM-DENSITY-POLYETHYLENE
microsiemens,MICROSIEMENS
valvw,VALVE
circtbreake,CIRCUIT-BREAKER
touchbar,TOUCH-BAR
guevara,GUEVARA
italia,ITALIA
grapghite,GRAPHITE
continious,CONTINUOUS
miscellanous,MISCELLANEOUS
synchronou,SYNCHRONOUS
cemented,CEMENTED
wingspan,WINGSPAN
radialseal,RADIAL-SEAL
serialno,SERIAL-NUMBER
viega,VIEGA
aradlite,ARALDITE
mibile,MOBILE
dissepative,DISSIPATIVE
replicating,REPLICATING
datamyte,DATAMYTE
rotati,ROTATION
nonreleasable,NON-RELEASABLE
encolder,ENCODER
ceilng,CEILING
absrober,ABSORBER
attenuators,ATTENUATOR
nodes,NODES
rofibus,PROFIBUS
mobale,MOBILE
mnilla,MANILA
rheosta,RHEOSTAT
preowned,PREOWNED
ionizr,IONIZER
thermstati,THERMOSTATIC
strikes,STRIKE
actualtor,ACTUATOR
viscomtr,VISCOMETER
cleaneer,CLEANER
mpressor,COMPRESSOR
quickdisconnec,QUICK-DISCONNECT
extendor,EXTENDER
circuitboard,CIRCUIT-BOARD
timberlnd,TIMBERLAND
heavywal,HEAVY-WALL
accumilator,ACCUMULATOR
sleef,SLEEVE
ploybag,POLY-BAG
indexor,INDEXER
metronics,METRONICS
piezoresistive,PIEZORESISTIVE
pistacio,PISTACHIO
ositioning,POSITIONING
complaince,COMPLIANCE
stragiht,STRAIGHT
trnsstr,TRANSISTOR
thermacouple,THERMOCOUPLE
assotment,ASSORTMENT
mandrl,MANDREL
singleturn,SINGLE-TURN
garloc,GARLOCK
immodium,IMODIUM
alkuminum,ALUMINUM
magneic,MAGNETIC
mufflerexhaust,MUFFLER-EXHAUST
cermanic,CERAMIC
endoder,ENCODER
ultravoilet,ULTRAVIOLET
salinas,SALINAS
no241,NUMBER
plywoo,PLYWOOD
msrmnt,MEASUREMENT
wirewoun,WIREWOUND
polit,POLIT
diagional,DIAGONAL
zerostart,ZEROSTART
micorban,MICROBAN
cleviis,CLEVIS
lether,LEATHER
ostomy,OSTOMY
porentiometer,POTENTIOMETER
nonsplined,NON-SPLINED
blackdecker,BLACK-&-DECKER
conrail,CONRAIL
oscillatin,OSCILLATING
unlubed,UNLUBED
longnos,LONG-NOSE
riviting,RIVETING
preconfig,PRECONFIGURED
mineralabrasives,MINERAL-ABRASIVES
penetone,PENETONE
sychronized,SYNCHRONIZED
ishida,ISHIDA
essen,ESSEN
vaporizing,VAPORIZING
gangs,GANGS
sytnthetic,SYNTHETIC
toolhld,TOOLHOLDER
secocarboloy,SECO-CARBOLOY
trumeter,TRUMETER
cubicl,CUBICLE
tiedownstrap,TIE-DOWN-STRAP
alternatr,ALTERNATOR
relse,RELEASE
mettoledo,METTLER-TOLEDO
sockethd,SOCKET-HEAD
plungin,PLUNGING
walkietalkie,WALKIE-TALKIE
antisli,ANTI-SLIP
rotatry,ROTARY
flowsrv,FLOWSERVE
pcmia,PCMCIA
dvm,DIGITAL-VOLT-METER
sawguide,SAW-GUIDE
transceive,TRANSCEIVER
reilly,REILLY
soldere,SOLDERED
burger,BURGER
airtigh,AIRTIGHT
footcandle,FOOT-CANDLE
sandblasted,SANDBLASTED
diamind,DIAMOND
suppresso,SUPPRESSOR
conuctor,CONDUCTOR
cartdrge,CARTRIDGE
oilembed,OIL-EMBEDDED
pyramids,PYRAMIDS
juctio,JUNCTION
oolholder,TOOLHOLDER
harware,HARDWARE
mgntic,MAGNETIC
mufflerexhaus,MUFFLER-EXHAUST
unitronics,UNITRONICS
beltdrive,BELT-DRIVE
cylindrial,CYLINDRICAL
tramsmtter,TRANSMITTER
rotork,ROTORK
fayetteville,FAYETTEVILLE
decel,DECELERATION
endotherm,ENDOTHERM
expansino,EXPANSION
trnsmiter,TRANSMITTER
sourcin,SOURCING
tamperresist,TAMPER-RESISTANT
curten,CURTAIN
ndicating,INDICATING
ploycarb,POLYCARBONATE
hardscrabble,HARDSCRABBLE
ballnos,BALL-NOSE
shrinktube,SHRINK-TUBE
attched,ATTACHED
deflashing,DE-FLASHING
cfo,CFO
nyliner,NYLINER
hitches,HITCHES
zyrtec,ZYRTEC
finsihed,FINISHED
baterry,BATTERY
sae6,SAE-SPECIFICATION
nitrit,NITRITE
strainrefief,STRAIN-RELIEF
flangemtd,FLANGE-MOUNTED
pfaudlr,PFAUDLER
onepie,ONE-PIECE
sidewinde,SIDEWINDER
emmerson,EMERSON
lamnating,LAMINATING
greenheck,GREENHECK
positionsensor,POSITION-SENSOR
adler,ADLER
dispenses,DISPENSE
paterned,PATTERNED
assortmemt,ASSORTMENT
reloading,RELOADING
interchanable,INTERCHANGEABLE
conneter,CONNECTOR
sytm,SYSTEM
wormscrew,WORM-SCREW
reduding,REDUCING
versilon,VERSILON
cmrcl,COMMERCIAL
sandppr,SANDPAPER
ntersink,COUNTERSINK
micaglass,MICA-GLASS
spotweldgun,SPOT-WELD-GUN
chlorrid,CHLORIDE
twopole,TWO-POLE
tdk,TDK
msata,MSATA
gallagher,GALLAGHER
jandorf,JANDORF
dtect,DETECT
varies,VARIES
shuts,SHUTS
ringterm,RING-TERMINAL
testlead,TEST-LEAD
iso4032,ISO-STANDARD
pisa,PISA
greif,GREIF
nvil,ANVIL
sonnenschein,SONNENSCHEIN
ndexing,INDEXING
gradu,GRADUATED
diffrentl,DIFFERENTIAL
condeser,CONDENSER
rplac,REPLACE
manipul,MANIPULATOR
gundril,GUN-DRILL
jumpe,JUMPER
autoclaved,AUTOCLAVED
pipelin,PIPELINE
pecify,SPECIFY
zipwall,ZIPWALL
rectacngle,RECTANGLE
auxilirary,AUXILIARY
miniconnector,MINI-CONNECTOR
screm,SCREW
pozid,POZIDRIV
berrilium,BERYLLIUM
rinsed,RINSED
lookup,LOOKUP
routter,ROUTER
porportional,PROPORTIONAL
semiconduc,SEMICONDUCTOR
passbox,PASS-BOX
rivas,RIVAS
flatface,FLAT-FACE
ctuator,ACTUATOR
vellcro,VELCRO
temerture,TEMPERATURE
specimine,SPECIMEN
sensior,SENSOR
retrfit,RETROFIT
plumger,PLUNGER
sequels,SEQUELS
offsetchiesel,OFFSET-CHISEL
halex,HALEX
plainend,PLAIN-END
incandesant,INCANDESCENT
rockler,ROCKLER
boschrexro,BOSCH-REXROTH
macdermid,MACDERMID
aluminimun,ALUMINUM
omegabond,OMEGABOND
connectng,CONNECTING
no838,NUMBER
adjusable,ADJUSTABLE
wilkersohn,WILKERSON
flowgage,FLOW-GAUGE
invrter,INVERTER
iwo,IWO
prototyping,PROTOTYPING
rnng,RUNNING
ionizati,IONIZATION
acnhor,ANCHOR
nonvol,NON-VOLATILE
adjustmen,ADJUSTMENT
cyramic,CERAMIC
terminak,TERMINAL
a354,ASTM-SPECIFICATION
triacs,TRIACS
seeding,SEEDING
milwaukie,MILWAUKEE
eliminato,ELIMINATOR
wittmann,WITTMANN
cuttlery,CUTLERY
ibuprofin,IBUPROFEN
bottel,BOTTLE
plasticweld,PLASTIC-WELD
neugart,NEUGART
straightnener,STRAIGHTENER
echlin,ECHLIN
rgid,RIGID
scalant,SEALANT
planger,PLUNGER
din7603,DIN-STANDARD
paryln,PARYLENE
wedgeshaped,WEDGE-SHAPED
glycerinefilled,GLYCERINE-FILLED
aproximate,APPROXIMATE
breathab,BREATHABLE
injections,INJECTION
thompsons,THOMPSON'S
a216,ASTM-SPECIFICATION
contlr,CONTROLLER
brakeshoe,BRAKE-SHOE
porptional,PROPORTIONAL
dustbuster,DUSTBUSTER
uretahne,URETHANE
ultraflat,ULTRA-FLAT
undfnd,UNDEFINED
no248,NUMBER
tupperware,TUPPERWARE
certifi,CERTIFIED
genratr,GENERATOR
straihtener,STRAIGHTENER
slfrtrctg,SELF-RETRACTING
carbire,CARBIDE
pluginrelay,PLUG-IN-RELAY
sprngload,SPRING-LOADED
shotcrete,SHOTCRETE
immersio,IMMERSION
swiviel,SWIVEL
cnnctor,CONNECTOR
din6535,DIN-STANDARD
purchasing,PURCHASING
adaptot,ADAPTER
nonlinting,NON-LINTING
irrigating,IRRIGATING
modefied,MODIFIED
hornets,HORNETS
camfoll,CAM-FOLLOWER
uphlstd,UPHOLSTERED
debrr,DEBURR
leakprf,LEAKPROOF
roundbelt,ROUND-BELT
sodiumhydroxide,SODIUM-HYDROXIDE
profilbus,PROFIBUS
actuactor,ACTUATOR
profilemtr,PROFILOMETER
machscr,MACHINE-SCREW
coupound,COMPOUND
downloading,DOWNLOADING
isoltn,ISOLATION
mccanna,MCCANNA
hermle,HERMLE
marathn,MARATHON
recyclin,RECYCLING
isopropynol,ISOPROPANOL
compactlogic,COMPACTLOGIX
miobile,MOBILE
wreanch,WRENCH
infiltrated,INFILTRATED
workload,WORKLOAD
mufler,MUFFLER
nameplates,NAMEPLATE
hotrunner,HOT-RUNNER
plastigauge,PLASTIGAUGE
pushbuttons,PUSHBUTTON
adapterfitting,ADAPTER-FITTING
starburst,STARBURST
templates,TEMPLATE
positiong,POSITIONING
hauling,HAULING
antisttc,ANTISTATIC
navistart,NAVISTAR
maxxforce,MAXXFORCE
magnesiun,MAGNESIUM
fullbore,FULL-BORE
sucti,SUCTION
caliberate,CALIBRATE
selfadj,SELF-ADJUSTING
memories,MEMORIES
prgrmbl,PROGRAMMABLE
distribtr,DISTRIBUTOR
vaccutainer,VACUTAINER
wayoil,WAY-OIL
orrng,O-RING
peptobismol,PEPTO-BISMOL
nonheated,NON-HEATED
moutn,MOUNT
nickelcopper,NICKEL-COPPER
antifr,ANTIFREEZE
started,STARTED
sae90,SAE-SPECIFICATION
calgonite,CALGONITE
hdwd,HARDWOOD
supplt,SUPPLY
multistation,MULTISTATION
mndl,MANDREL
junctiuon,JUNCTION
reclassified,RECLASSIFIED
commercl,COMMERCIAL
pressureregulator,PRESSURE-REGULATOR
gormanru,GORMAN-RUPP
crapper,CRAPPER
oilgear,OILGEAR
wristban,WRISTBAND
ultamate,ULTIMATE
woodscrews,WOOD-SCREW
thermomreter,THERMOMETER
trelleborg,TRELLEBORG
locksets,LOCK-SET
crtridge,CARTRIDGE
fluorsc,FLUORESCENT
tacks,TACKS
machanically,MECHANICALLY
outgassed,OUTGASSED
bulldoz,BULLDOZER
sintere,SINTERED
presenceplus,PRESENCE-PLUS
waxstripper,WAX-STRIPPER
reciprocaor,RECIPROCATOR
microfini,MICROFINISH
highprec,HIGH-PRECISION
parrell,PARALLEL
nazdar,NAZDAR
nonhighway,NON-HIGHWAY
threadcutting,THREAD-CUTTING
shelters,SHELTERS
reatainer,RETAINER
dsconne,DISCONNECT
woddruff,WOODRUFF
motrin,MOTRIN
termiinal,TERMINAL
sealers,SEALER
betaseal,BETASEAL
nolube,NO-LUBE
polyvnyl,POLYVINYL
pltg,PLATING
ctbore,COUNTERBORE
basler,BASLER
matsui,MATSUI
microtorch,MICROTORCH
cbored,COUNTERBORED
inconnel,INCONEL
pressostate,PRESSOSTAT
decompres,DECOMPRESSION
mirrot,MIRROR
desiccan,DESICCANT
fluroelast,FLUOROELASTOMER
frecuency,FREQUENCY
miniitx,MINI-ITX
cushionin,CUSHIONING
jetway,JETWAY
baseplat,BASEPLATE
celulose,CELLULOSE
no249,NUMBER
cuftmin,CUBIC-FEET-PER-MINUTE
settng,SETTING
maddox,MADDOX
retreflective,RETROREFLECTIVE
annuciator,ANNUNCIATOR
flywheels,FLYWHEEL
fireresistant,FIRE-RESISTANT
opteon,OPTEON
interleaved,INTERLEAVED
hrztl,HORIZONTAL
oupled,COUPLED
pantographs,PANTOGRAPHS
sharping,SHARPENING
opertngtemp,OPERATING-TEMPERATURE
pneumatci,PNEUMATIC
directonal,DIRECTIONAL
porex,POREX
intrfac,INTERFACE
subassm,SUBASSEMBLY
pirelli,PIRELLI
visegrp,VISE-GRIP
platrorm,PLATFORM
soapdegreaser,SOAP-DEGREASER
slottted,SLOTTED
smokey,SMOKEY
zipperr,ZIPPER
solenoil,SOLENOID
reguliator,REGULATOR
positione,POSITIONER
dunned,DUNNED
coaxail,COAXIAL
bifur,BIFURCATED
materl,MATERIAL
positiner,POSITIONER
pennington,PENNINGTON
richco,RICHCO
tergazyme,TERGAZYME
platfor,PLATFORM
ductwork,DUCT-WORK
thknss,THICKNESS
eylet,EYELET
hexwash,HEX-WASHER
sharpn,SHARPEN
shrinksleeve,SHRINK-SLEEVE
thermador,THERMADOR
splintering,SPLINTERING
starret,STARRETT
pallit,PALLET
graffoil,GRAFOIL
cowhiide,COWHIDE
measureing,MEASURING
anhydrrous,ANHYDROUS
antistaic,ANTISTATIC
liquline,LIQUILINE
desplay,DISPLAY
univresal,UNIVERSAL
opened,OPENED
terminatn,TERMINATION
deflectin,DEFLECTING
sustitute,SUBSTITUTE
gildemeister,GILDEMEISTER
isolatd,ISOLATED
dsposal,DISPOSAL
zytel,ZYTEL
surviair,SURVIVAIR
inhltn,INHALATION
lamborghini,LAMBORGHINI
grainge,GRAINGER
retentio,RETENTION
electirc,ELECTRIC
antifungal,ANTIFUNGAL
fanmtr,FAN-MOTOR
preflter,PREFILTER
ollated,COLLATED
polishr,POLISHER
pnuemat,PNEUMATIC
sodik,SODICK
polepiece,POLE-PIECE
helicl,HELICAL
osopropyl,ISOPROPYL
softfaced,SOFT-FACED
transfromer,TRANSFORMER
hagglunds,HÄGGLUNDS
no203,NUMBER
oates,OATES
photoelectronic,PHOTOELECTRIC
reactivati,REACTIVATION
apoll,APOLLO
panal,PANEL
germicidial,GERMICIDAL
trminal,TERMINAL
backplan,BACKPLANE
accummulator,ACCUMULATOR
offsert,OFFSET
marpo,MARPOSS
sanitaire,SANITAIRE
crmpr,CRIMPER
eriks,ERIKS
windsld,WINDSHIELD
secti,SECTION
classica,CLASSICAL
shrinktubing,SHRINK-TUBING
miura,MIURA
firelite,FIRELITE
veloci,VELOCITY
visuall,VISUAL
bactine,BACTINE
chamfter,CHAMFER
vegtable,VEGETABLE
oilemb,OIL-EMBEDDED
dinrai,DIN-RAIL
peletizer,PELLETIZER
padmount,PAD-MOUNT
turbidimete,TURBIDIMETER
rotatng,ROTATING
svagnini,SALVAGNINI
mushrrom,MUSHROOM
interchangeabe,INTERCHANGEABLE
spining,SPINNING
acetamino,ACETAMINOPHEN
regulaort,REGULATOR
rappelling,RAPPELLING
multipurposes,MULTIPURPOSE
transmt,TRANSMITTER
greease,GREASE
solderbars,SOLDER-BARS
trunn,TRUNNION
harringt,HARRINGTON
acrylite,ACRYLITE
tiltswivel,TILT-SWIVEL
retracatable,RETRACTABLE
degresser,DEGREASER
mltple,MULTIPLE
neospo,NEOSPORIN
addacircuit,ADD-A-CIRCUIT
ortega,ORTEGA
nonsilicon,NON-SILICONE
chromelalumel,CHROMEL-ALUMEL
conductity,CONDUCTIVITY
powdder,POWDER
iogear,IOGEAR
postfilter,POST-FILTER
magnesiu,MAGNESIUM
ocusoft,OCUSOFT
themocou,THERMOCOUPLE
sae40,SAE-SPECIFICATION
deeper,DEEPER
secondy,SECONDARY
molon,MOLON
sesor,SENSOR
brshles,BRUSHLESS
guidwy,GUIDEWAY
no921,NUMBER
acyrlic,ACRYLIC
santopren,SANTOPRENE
fellas,FELLAS
acromag,ACROMAG
breasker,BREAKER
sievert,SIEVERT
univerasal,UNIVERSAL
cnductive,CONDUCTIVE
relaysockets,RELAY-SOCKETS
shraeder,SCHRADER
neongreen,NEON-GREEN
tries,TRIES
occupanc,OCCUPANCY
thougher,TOUGHER
homoginizer,HOMOGENIZER
sterlizer,STERILIZER
watlaw,WATLOW
peristallic,PERISTALTIC
rheolub,RHEOLUBE
rfrgrtn,REFRIGERATION
mrker,MARKER
prdction,PRODUCTION
pneumatech,PNEUMATECH
twoport,TWO-PORT
rollerbear,ROLLER-BEARING
trnsducer,TRANSDUCER
drowning,DROWNING
rotaryunion,ROTARY-UNION
hydrides,HYDRIDES
prefocused,PREFOCUSED
agitor,AGITATOR
acceleromet,ACCELEROMETER
scrubbibng,SCRUBBING
wirerope,WIRE-ROPE
nsulation,INSULATION
antitamper,ANTI-TAMPER
grundos,GRUNDFOS
bladk,BLACK
adapeter,ADAPTER
poleyster,POLYESTER
gravityfeed,GRAVITY-FEED
feedin,FEEDING
pomegran,POMEGRANATE
metrologic,METROLOGIC
vacuumpacked,VACUUM-PACKED
miltipurpose,MULTIPURPOSE
no116,NUMBER
comtroller,CONTROLLER
uninterrup,UNINTERRUPTIBLE
capaciator,CAPACITOR
pstol,PISTOL
sightsavers,SIGHT-SAVERS
envirotemp,ENVIROTEMP
conncable,CONNECTOR-CABLE
no015,NUMBER
deionazation,DEIONIZATION
replaceble,REPLACEABLE
pegboar,PEGBOARD
charcaol,CHARCOAL
couplrplug,COUPLER-PLUG
ontrollogix,CONTROLLOGIX
perforatio,PERFORATION
silicion,SILICON
sliting,SLITTING
matierial,MATERIAL
rnner,RUNNER
prchs,PURCHASE
bulliten,BULLETIN
utrasonic,ULTRASONIC
recepacle,RECEPTACLE
ottle,BOTTLE
silkaflex,SIKAFLEX
diagphram,DIAPHRAGM
ronan,RONAN
eatonvickers,EATON-VICKERS
resonating,RESONATING
ampifiers,AMPLIFIER
sampson,SAMPSON
hallamrk,HALLMARK
shadowboards,SHADOW-BOARDS
orring,O-RING
flushmounted,FLUSH-MOUNTED
snellen,SNELLEN
nettin,NETTING
xtender,EXTENDER
quasar,QUASAR
semisynthe,SEMI-SYNTHETIC
adjstng,ADJUSTING
astm311,ASTM-SPECIFICATION
sucttion,SUCTION
jabra,JABRA
intersil,INTERSIL
weiss,WEISS
no320,NUMBER
horns,HORNS
impelr,IMPELLER
nippple,NIPPLE
chamfers,CHAMFER
performaance,PERFORMANCE
conversi,CONVERSION
fulton,FULTON
bff,BFF
reclosableba,RECLOSABLE-BAG
magnifications,MAGNIFICATION
numeri,NUMERIC
cnsk,COUNTERSINK
antireflec,ANTI-REFLECTIVE
polyami,POLYAMIDE
alkalai,ALKALI
balinit,BALINIT
thermomtr,THERMOMETER
placem,PLACEMENT
sphirical,SPHERICAL
wrappers,WRAPPERS
diverters,DIVERTERS
mvqsilicone,MVQ-SILICONE
antimocrobial,ANTIMICROBIAL
passed,PASSED
postoin,POSITION
tesion,TENSION
acetyelene,ACETYLENE
carbloy,CARBOLOY
reowrked,REWORKED
microfit,MINI-FIT-MICRO-FIT
suntec,SUNTEC
insulsted,INSULATED
buyers,BUYERS
safery,SAFETY
duraline,DURALINE
sndblst,SANDBLAST
chlorobutyl,CHLOROBUTYL
manomt,MANOMETER
replcmnts,REPLACEMENT
chisled,CHISELED
shelfing,SHELVING
screncloth,SCREEN-CLOTH
limitd,LIMITED
fullsized,FULL-SIZED
selfcontaind,SELF-CONTAINED
trutool,TRUTOOL
taegutec,TAEGUTEC
repalacement,REPLACEMENT
utethane,URETHANE
coolig,COOLING
neprene,NEOPRENE
plmbrs,PLUMBER
carraiges,CARRIAGE
conterbore,COUNTERBORE
stubshaft,STUB-SHAFT
scents,SCENTS
fluoroelestomer,FLUOROELASTOMER
nutandwshr,NUT-AND-WASHER
rivete,RIVET
berries,BERRIES
compactlog,COMPACTLOGIX
interupte,INTERRUPTER
displaceme,DISPLACEMENT
nostick,NO-STICK
kisscut,KISS-CUT
robofil,ROBOFIL
aircylinde,AIR-CYLINDER
multifeeder,MULTI-FEEDER
doulbe,DOUBLE
guerra,GUERRA
commuciation,COMMUNICATION
pckd,PACKED
recylcing,RECYCLING
mulitidirectional,MULTIDIRECTIONAL
profibius,PROFIBUS
hottest,HOTTEST
trunniion,TRUNNION
hybrids,HYBRID
nonaudible,NON-AUDIBLE
frelon,FRELON
parrelle,PARALLEL
hyrolic,HYDRAULIC
adheasive,ADHESIVE
no704,NUMBER
perfromance,PERFORMANCE
prcess,PROCESS
piercedie,PIERCE-DIE
multivac,MULTIVAC
handlr,HANDLER
condnste,CONDENSATE
nrc,NRC
buildings,BUILDINGS
rstrictn,RESTRICTION
distributin,DISTRIBUTION
vba,VBA
direciton,DIRECTION
ul3231,UL-STANDARD
knotch,NOTCH
compartme,COMPARTMENT
mlding,MOLDING
ovrsiz,OVERSIZE
opticfiber,OPTIC-FIBER
distribtor,DISTRIBUTOR
ystyle,Y-STYLE
interthane,INTERTHANE
actutd,ACTUATED
lanes,LANES
timesavers,TIMESAVERS
coulis,COULIS
polypropyln,POLYPROPYLENE
no332,NUMBER
dermabond,DERMABOND
pliogrip,PLIOGRIP
coxaial,COAXIAL
vacuumcup,VACUUM-CUP
coolling,COOLING
bullett,BULLET
fillament,FILAMENT
mobie,MOBILE
shelvng,SHELVING
assymbley,ASSEMBLY
mulitpin,MULTIPIN
visegr,VISE-GRIP
westingho,WESTINGHOUSE
anaylzer,ANALYZER
minirobot,MINI-ROBOT
acetamin,ACETAMINOPHEN
bostit,BOSTITCH
srews,SCREW
seive,SIEVE
triggher,TRIGGER
hysteres,HYSTERESIS
mildtl5015,MIL-DTL-SPECIFICATION
horizl,HORIZONTAL
longford,LONGFORD
accumilato,ACCUMULATOR
reinfoc,REINFORCED
duplomatic,DUPLOMATIC
crucib,CRUCIBLE
no808,NUMBER
quicktronc,QUICKTRONIC
verticial,VERTICAL
counterweig,COUNTERWEIGHT
sanatary,SANITARY
elctrcian,ELECTRICIAN
wabtec,WABTEC
velasquez,VELASQUEZ
filtreg,FILTER-REGULATOR
absorbnt,ABSORBENT
tapemeasr,TAPE-MEASURE
tinplate,TINPLATE
termtion,TERMINATION
aignment,ALIGNMENT
salammoniac,SAL-AMMONIAC
voltaren,VOLTAREN
sterlinh,STERLING
nonrust,NON-RUST
mshrm,MUSHROOM
photoelectirc,PHOTOELECTRIC
minuteepoxy,MINUTE-EPOXY
speicial,SPECIAL
flathe,FLATHEAD
frying,FRYING
montior,MONITOR
kearney,KEARNEY
specime,SPECIMEN
dieelectri,DIELECTRIC
plnger,PLUNGER
tackrag,TACK-RAG
conveyorbelt,CONVEYOR-BELT
butterfyl,BUTTERFLY
liquimoly,LIQUI-MOLY
servogearbox,SERVO-GEARBOX
rectifying,RECTIFYING
handhe,HANDHELD
subsstitut,SUBSTITUTE
butn,BUTTON
rapids,RAPIDS
antibioctic,ANTIBIOTIC
hemosta,HEMOSTAT
certifie,CERTIFIED
rececptacle,RECEPTACLE
stools,STOOLS
preselected,PRESELECTED
anyhydrous,ANHYDROUS
overhauling,OVERHAULING
epichorohydrin,EPICHLOROHYDRIN
processes,PROCESS
norwood,NORWOOD
motions,MOTION
rebulit,REBUILT
indxabl,INDEXABLE
nickleplated,NICKEL-PLATED
germici,GERMICIDAL
eyeware,EYEWEAR
portercable,PORTER-CABLE
refridgerent,REFRIGERANT
pruners,PRUNERS
hammermil,HAMMER-MILL
mufflerfilter,MUFFLER-FILTER
hairne,HAIRNET
forney,FORNEY
shoreline,SHORELINE
eyehook,EYE-HOOK
thermocoouple,THERMOCOUPLE
ovalpoint,OVAL-POINT
connor,CONNOR
armorbloc,ARMORBLOCK
millivolts,MILLIVOLTS
choloride,CHLORIDE
fibrgl,FIBERGLASS
ferral,FERRULE
synchroniz,SYNCHRONIZE
nuetral,NEUTRAL
chiba,CHIBA
elastom,ELASTOMER
rollershaft,ROLLER-SHAFT
extrudable,EXTRUDABLE
odorreduction,ODOR-REDUCTION
ericksion,ERICKSON
varivent,VARIVENT
hotshot,HOTSHOT
selfalignng,SELF-ALIGNING
thermoucouple,THERMOCOUPLE
mountingbrac,MOUNTING-BRACKET
tooldolder,TOOLHOLDER
catalys,CATALYST
comprssed,COMPRESSED
guidewire,GUIDE-WIRE
stoelting,STOELTING
goatsking,GOATSKIN
retracrable,RETRACTABLE
barstyl,BAR-STYLE
poistion,POSITION
contactorl,CONTACTOR
sainless,STAINLESS
canniste,CANISTER
assorte,ASSORTED
clynde,CYLINDER
cntrbr,COUNTERBORE
loperamide,LOPERAMIDE
rhynogrip,RHYNOGRIP
whitman,WHITMAN
platinel,PLATINEL
cheddar,CHEDDAR
a453,ASTM-SPECIFICATION
calciumchlori,CALCIUM-CHLORIDE
molbdenum,MOLYBDENUM
trimmmer,TRIMMER
mcdowell,MCDOWELL
rutledge,RUTLEDGE
maintence,MAINTENANCE
encaspsulated,ENCAPSULATED
repar,REPAIR
restrctr,RESTRICTOR
no306,NUMBER
offsetwrench,OFFSET-WRENCH
assortement,ASSORTMENT
taperedhead,TAPERED-HEAD
twogang,TWO-GANG
ignito,IGNITOR
outletbox,OUTLET-BOX
multiling,MULTILINGUAL
theermocouple,THERMOCOUPLE
pressuresensing,PRESSURE-SENSING
aircond,AIR-CONDITIONER
facepla,FACEPLATE
combustio,COMBUSTION
rolltowel,ROLL-TOWEL
hebron,HEBRON
telemecanque,TELEMECANIQUE
glazd,GLAZED
eutec,EUTECTIC
partitio,PARTITION
sherardized,SHERARDIZED
hndwheel,HANDWHEEL
pilotopera,PILOT-OPERATED
oats,OATS
threepin,THREE-PIN
allergies,ALLERGIES
adjstb,ADJUSTABLE
cleaverbrook,CLEAVER-BROOKS
boehmite,BOEHMITE
receivin,RECEIVING
ethylacetate,ETHYL-ACETATE
bushhing,BUSHING
enhnced,ENHANCED
solednoid,SOLENOID
quicker,QUICKER
cleranc,CLEARANCE
attaboy,ATTABOY
rewor,REWORK
scanners,SCANNER
snaitary,SANITARY
eproms,EPROM
telemechan,TELEMECANIQUE
no124,NUMBER
barrica,BARRICADE
servuce,SERVICE
explsn,EXPLOSION
lunkenhei,LUNKENHEIMER
sprecherschuh,SPRECHER+SCHUH
dieelectric,DIELECTRIC
conetcor,CONNECTOR
polethene,POLYETHYLENE
ul1077,UL-STANDARD
din610,DIN-STANDARD
polytetrafluoroethyl,POLYTETRAFLUOROETHYLENE
synthtic,SYNTHETIC
knuckles,KNUCKLE
rollholder,ROLL-HOLDER
planers,PLANERS
elctrde,ELECTRODE
citgard,CITGARD
worklift,WORK-LIFT
positionswitch,POSITION-SWITCH
payrll,PAYROLL
evaporato,EVAPORATOR
limitorque,LIMITORQUE
needlebearing,NEEDLE-BEARING
instafoam,INSTA-FOAM
chamferining,CHAMFERING
mecanics,MECHANICS
sprayabl,SPRAYABLE
opperating,OPERATING
mahoney,MAHONEY
seamwelder,SEAM-WELDER
softer,SOFTER
scribr,SCRIBER
cabnet,CABINET
sounds,SOUNDS
seagate,SEAGATE
revolvng,REVOLVING
eriez,ERIEZ
straighening,STRAIGHTENING
straighen,STRAIGHTEN
pozidrive,POZIDRIV
drucible,CRUCIBLE
glucometer,GLUCOMETER
ceremic,CERAMIC
crystolan,CRYSTOLON
chemicall,CHEMICAL
jcs,JCS
timpken,TIMKEN
selftighten,SELF-TIGHTEN
mircarta,MICARTA
oveable,MOVABLE
tosoh,TOSOH
separatpor,SEPARATOR
educ,EDUC
dssolver,DISSOLVER
prnted,PRINTED
reverible,REVERSIBLE
bevels,BEVEL
danflos,DANFOSS
milprf121,MIL-PRF-SPECIFICATION
incanescent,INCANDESCENT
touchsreen,TOUCHSCREEN
waterglycol,WATER-GLYCOL
threadnill,THREAD-MILL
interi,INTERIOR
no183,NUMBER
automatio,AUTOMATION
huerta,HUERTA
redction,REDUCTION
multifuction,MULTIFUNCTION
brembo,BREMBO
colorimtr,COLORIMETER
sliencer,SILENCER
ambidestrous,AMBIDEXTROUS
tensioned,TENSIONED
thermoforming,THERMOFORMING
adsorbers,ADSORBER
miscelaneous,MISCELLANEOUS
siemmens,SIEMENS
midnite,MIDNIGHT
rivetr,RIVETER
locators,LOCATOR
supplementay,SUPPLEMENTARY
bathtissue,BATH-TISSUE
spandau,SPANDAU
rheostate,RHEOSTAT
sinewave,SINE-WAVE
dynabrtie,DYNABRITE
mexsana,MEXSANA
receptic,RECEPTACLE
frequenzy,FREQUENCY
plypropele,POLYPROPYLENE
olypro,POLYPRO
overloadrelay,OVERLOAD-RELAY
dwnlight,DOWNLIGHT
indexin,INDEXING
schrew,SCREW
merlot,MERLOT
adaptiv,ADAPTIVE
rectacle,RECEPTACLE
ringshank,RING-SHANK
tiltng,TILTING
tuntable,TURNTABLE
porcelion,PORCELAIN
thermomcouple,THERMOCOUPLE
blacksmit,BLACKSMITH
multisync,MULTISYNC
ureath,URETHANE
din7349,DIN-STANDARD
sanitizers,SANITIZER
upgrad,UPGRADE
microswtch,MICROSWITCH
bidirectinal,BIDIRECTIONAL
feedth,FEEDTHROUGH
bridgestone,BRIDGESTONE
intrnsic,INTRINSIC
levitt,LEVITT
din609,DIN-STANDARD
desoutte,DESOUTTER
glassreinfo,GLASS-REINFORCED
titantum,TITANIUM
servise,SERVICE
tungstenalloy,TUNGSTEN-ALLOY
alumniumoxide,ALUMINUM-OXIDE
anticlog,ANTI-CLOG
no605,NUMBER
quickexhaust,QUICK-EXHAUST
crowf,CROWFOOT
selfacting,SELF-ACTING
morter,MORTAR
rainshields,RAIN-SHIELD
bleeed,BLEED
honin,HONING
tailstoc,TAILSTOCK
iso772,ISO-STANDARD
prescision,PRECISION
assembling,ASSEMBLING
routed,ROUTED
ingesoll,INGERSOLL
silhouettes,SILHOUETTES
zamora,ZAMORA
stargon,STARGON
unfille,UNFILLED
pullstation,PULL-STATION
advnt,ADVANTAGE
dahs,DAHS
magnifica,MAGNIFICATION
wallmountable,WALL-MOUNTABLE
arrgmnt,ARRANGEMENT
elbnow,ELBOW
drlng,DRILLING
acryic,ACRYLIC
dore,DORE
couplig,COUPLING
nstall,INSTALL
reclassifer,RECLASSIFIER
cyrogenic,CRYOGENIC
sensitv,SENSITIVE
hotmel,HOT-MELT
formul,FORMULA
miniled,MINI-LED
mineralac,MINERALLAC
bezl,BEZEL
alaclava,BALACLAVA
dblwall,DOUBLE-WALL
nonstreak,NON-STREAK
refactory,REFRACTORY
naturalfiber,NATURAL-FIBER
vehice,VEHICLE
hexwasher,HEX-WASHER
thicknesses,THICKNESS
wickman,WICKMAN
couplt,COUPLING
pasteflux,PASTE-FLUX
neutralizatn,NEUTRALIZATION
wheelbearing,WHEEL-BEARING
laptops,LAPTOP
accessorises,ACCESSORY
syncronous,SYNCHRONOUS
dettronics,DET-TRONICS
antiseeze,ANTI-SEIZE
slotcutter,SLOT-CUTTER
pegboa,PEGBOARD
tighterner,TIGHTENER
trims,TRIMS
alternat,ALTERNATOR
no277,NUMBER
weatherprf,WEATHERPROOF
potention,POTENTIOMETER
breaket,BRACKET
unix,UNIX
dipl,DIPL
tungsram,TUNGSRAM
millex,MILLEX
drainline,DRAIN-LINE
interconne,INTERCONNECT
din2817,DIN-STANDARD
telestrut,TELESTRUT
ovrmld,OVERMOLD
coalescg,COALESCING
nonrevers,NON-REVERSING
blowgu,BLOW-GUN
capctr,CAPACITOR
waterpump,WATER-PUMP
bottoms,BOTTOM
checkbox,CHECKBOX
tusgsten,TUNGSTEN
inertga,INERT-GAS
minatur,MINIATURE
facesh,FACE-SHIELD
resoultion,RESOLUTION
butterfield,BUTTERFIELD
diamerer,DIAMETER
hydranautics,HYDRANAUTICS
slidi,SLIDING
borosili,BOROSILICATE
pintel,PINTLE
alkakine,ALKALINE
mercry,MERCURY
contrler,CONTROLLER
potentiomter,POTENTIOMETER
conveyoer,CONVEYOR
pinretainer,PIN-RETAINER
diaphragh,DIAPHRAGM
roundedge,ROUND-EDGE
tufts,TUFTS
fiberboad,FIBERBOARD
delmar,DELMAR
regultor,REGULATOR
aluminuim,ALUMINUM
starkey,STARKEY
tailshaft,TAIL-SHAFT
hazzardous,HAZARDOUS
din76,DIN-STANDARD
millhog,MILLHOG
physio,PHYSIO
sudafed,SUDAFED
purificati,PURIFICATION
receotacle,RECEPTACLE
scaqmd,SOUTH-COAST-AIR-QUALITY-MANAGEMENT-DISTRICT
gsaket,GASKET
din67,DIN-STANDARD
neumatics,PNEUMATICS
coatedcarbid,COATED-CARBIDE
soldapull,SOLDAPULLT
fluoroc,FLUOROCARBON
shinguard,SHINGUARD
bushine,BUSHING
tungten,TUNGSTEN
refractome,REFRACTOMETER
ormally,NORMALLY
airoperat,AIR-OPERATED
reostat,RHEOSTAT
stabs,STABS
selectorswit,SELECTOR-SWITCH
victraulic,VICTAULIC
nonpreloaded,NON-PRELOADED
clvi,CLVI
hitters,HITTERS
conrtact,CONTACT
unversl,UNIVERSAL
hellerman,HELLERMANN
pesticid,PESTICIDE
cantelever,CANTILEVER
wirin,WIRING
rplaces,REPLACE
visability,VISIBILITY
knike,KNIFE
leupold,LEUPOLD
antireflect,ANTI-REFLECTIVE
fraser,FRASER
castiro,CAST-IRON
pipesureface,PIPE-SURFACE
aimed,AIMED
wheeldolly,WHEEL-DOLLY
breakrooms,BREAK-ROOM
acetat,ACETATE
conveeyor,CONVEYOR
carbibe,CARBIDE
no603,NUMBER
othbrush,TOOTHBRUSH
thermomether,THERMOMETER
halogeb,HALOGEN
disinfecant,DISINFECTANT
paintthinne,PAINT-THINNER
chemetrics,CHEMETRICS
fiberglasss,FIBERGLASS
shamfer,CHAMFER
distibutor,DISTRIBUTOR
warfarin,WARFARIN
nzle,NOZZLE
multijaw,MULTI-JAW
retreiver,RETRIEVER
unviversal,UNIVERSAL
polyproplynee,POLYPROPYLENE
tollok,TOLLOK
reloadable,RELOADABLE
sheetfeeder,SHEET-FEEDER
awg30,AMERICAN-WIRE-GAUGE
heights,HEIGHT
checknut,CHECK-NUT
gnp,GNP
personnal,PERSONNEL
ethylbenzene,ETHYLBENZENE
insultin,INSULATING
hydraylic,HYDRAULIC
locknt,LOCKNUT
underpads,UNDER-PADS
no670,NUMBER
coorstek,COORSTEK
tourqe,TORQUE
reprocessed,REPROCESSED
termpatrure,TEMPERATURE
enerpa,ENERPAC
din5480,DIN-STANDARD
amercian,AMERICAN
surfce,SURFACE
reducingbushing,REDUCING-BUSHING
revoluction,REVOLUTION
pueumatic,PNEUMATIC
lengh,LENGTH
maintnc,MAINTENANCE
ligting,LIGHTING
shippping,SHIPPING
unpolishd,UNPOLISHED
reglator,REGULATOR
vide,VIDE
foundy,FOUNDRY
retainind,RETAINING
ballcock,BALLCOCK
nonmetere,NON-METERED
containter,CONTAINER
thmbl,THIMBLE
jigsa,JIGSAW
parl,PARL
repairapble,REPAIRABLE
recyclbl,RECYCLABLE
clients,CLIENTS
xtngushr,EXTINGUISHER
eyecups,EYE-CUPS
cepheus,CEPHEUS
arasive,ABRASIVE
demagnetizing,DEMAGNETIZING
seitch,SWITCH
creepfeed,CREEP-FEED
eyeglas,EYEGLASS
no155,NUMBER
midde,MIDDLE
actator,ACTUATOR
sanyodenki,SANYO-DENKI
driples,DRIPLESS
timining,TIMING
transparencies,TRANSPARENCIES
wrldwide,WORLDWIDE
toolmex,TOOLMEX
overhau,OVERHAUL
ratceting,RATCHETING
ndoor,INDOOR
pinnacl,PINNACLE
discontined,DISCONTINUED
plumbin,PLUMBING
insides,INSIDES
mikropul,MIKROPUL
subj,SUBJ
owder,POWDER
pearce,PEARCE
contsct,CONTACT
tresspassing,TRESPASSING
pilers,PLIERS
electromagn,ELECTROMAGNETIC
anitfatigue,ANTI-FATIGUE
velocit,VELOCITY
sqshank,SQUARE-SHANK
stretchwraper,STRETCH-WRAPPER
mlcc,MULTILAYER-CERAMIC-CAPACITOR
lamphlder,LAMP-HOLDER
threded,THREADED
raython,RAYTHEON
palram,PALRAM
carbondioxide,CARBON-DIOXIDE
drawbush,DRAW-BUSHING
ciprocating,RECIPROCATING
hardnr,HARDENER
ironconstantan,IRON-CONSTANTAN
bona,BONA
intergrate,INTEGRATE
laddr,LADDER
counductor,CONDUCTOR
mcmas,MCMASTER-CARR
backpak,BACKPACK
skimme,SKIMMER
heavywtg,HEAVYWEIGHT
nonaspirn,NON-ASPIRIN
taoered,TAPERED
dona,DONA
ammona,AMMONIA
prgram,PROGRAM
inductve,INDUCTIVE
alunina,ALUMINA
nailpuller,NAIL-PULLER
mormally,NORMALLY
nicole,NICOLE
separaton,SEPARATOR
performce,PERFORMANCE
holdi,HOLDING
tbutyl,T-BUTYL
earclamp,EAR-CLAMP
stulz,STULZ
initialization,INITIALIZATION
acumalator,ACCUMULATOR
fluorexcent,FLUORESCENT
cemets,CEMENT
spotlamp,SPOT-LAMP
los,LOS
strobelit,STROBE-LIGHT
termainal,TERMINAL
adhensive,ADHESIVE
minerallac,MINERALLAC
motorstarte,MOTOR-STARTER
alumnized,ALUMINIZED
bypas,BYPASS
pasbook,PASSBOOK
vijeo,VIJEO
oslo,OSLO
honning,HONING
fairchaild,FAIRCHILD
purolatr,PUROLATOR
atomizin,ATOMIZING
amercan,AMERICAN
copiers,COPIERS
acknowledgement,ACKNOWLEDGEMENT
providers,PROVIDERS
advnce,ADVANCE
purpoe,PURPOSE
singlecut,SINGLE-CUT
elma,ELMA
ovrly,OVERLAY
reamaer,REAMER
slitte,SLITTER
dicks,DICKS
thumbsc,THUMB-SCREW
burnett,BURNETT
delacruz,DELACRUZ
remanufacturd,REMANUFACTURED
textolite,TEXTOLITE
pheostat,RHEOSTAT
transformaer,TRANSFORMER
thrmstc,THERMOSTATIC
requiring,REQUIRING
nalgens,NALGENE
softkeys,SOFTKEY
jrnym,JOURNEYMAN
assemply,ASSEMBLY
onasbestos,NON-ASBESTOS
dovetrail,DOVETAIL
dustbag,DUST-BAG
polycrystaline,POLYCRYSTALLINE
rivolta,RIVOLTA
sepeator,SEPARATOR
ethlyene,ETHYLENE
armco,ARMCO
moriseki,MORI-SEIKI
multifreq,MULTIFREQUENCY
osphoric,PHOSPHORIC
magnegelic,MAGNEHELIC
no533,NUMBER
no302,NUMBER
shaftsleeve,SHAFT-SLEEVE
galvnzd,GALVANIZED
bleder,BLEEDER
supressr,SUPPRESSOR
termincal,TERMINAL
zeno,ZENO
sunvis,SUNVIS
fluorsil,FLUOROSILICONE
photolectric,PHOTOELECTRIC
shots,SHOTS
hammertone,HAMMERTONE
turnng,TURNING
honewell,HONEYWELL
barcket,BRACKET
drwbar,DRAWBAR
tranfrm,TRANSFORMER
no003,NUMBER
rebuilding,REBUILDING
discret,DISCRETE
wippers,WIPER
backgroud,BACKGROUND
lobes,LOBES
telemetering,TELEMETERING
thermicouple,THERMOCOUPLE
heinemann,HEINEMANN
hoizontal,HORIZONTAL
nonasbest,NON-ASBESTOS
aircylinder,AIR-CYLINDER
nitromethane,NITROMETHANE
hcksaw,HACKSAW
microbes,MICROBES
polyetylene,POLYETHYLENE
deioniz,DEIONIZED
printhea,PRINTHEAD
fnctn,FUNCTION
gromt,GROMMET
fireretardant,FIRE-RETARDANT
circulr,CIRCULAR
polyethelyene,POLYETHYLENE
endefector,END-EFFECTOR
stethescope,STETHOSCOPE
allicechalmers,ALLIS-CHALMERS
wesley,WESLEY
instrumentatio,INSTRUMENTATION
nitratesolution,NITRATE-SOLUTION
piercebushi,PIERCE-BUSHING
circlips,CIRCLIP
compatabl,COMPATIBLE
resperator,RESPIRATOR
tailcap,TAIL-CAP
widget,WIDGET
trminl,TERMINAL
uthtane,URETHANE
triplelock,TRIPLE-LOCK
thermaflex,THERMAFLEX
polarguard,POLARGUARD
crafstman,CRAFTSMAN
pixma,PIXMA
asbests,ASBESTOS
longitudal,LONGITUDINAL
mopar,MOPAR
baumuller,BAUMÜLLER
bushinng,BUSHING
manfld,MANIFOLD
ockout,LOCKOUT
noncholrinated,NON-CHLORINATED
tapwrench,TAP-WRENCH
moduel,MODULE
nonscratch,NON-SCRATCH
kellums,KELLEMS
tungensten,TUNGSTEN
nonspil,NON-SPILL
perfluoroelastomer,PERFLUOROELASTOMER
plyprpln,POLYPROPYLENE
actuatro,ACTUATOR
megohn,MEGOHM
potentometer,POTENTIOMETER
nlinefuse,INLINE-FUSE
colouring,COLORING
anvill,ANVIL
coalsecing,COALESCING
mechanisms,MECHANISM
discontnued,DISCONTINUED
buglehead,BUGLE-HEAD
lowtemperature,LOW-TEMPERATURE
collison,COLLISION
screew,SCREW
alumminum,ALUMINUM
decorating,DECORATING
causticsoda,CAUSTIC-SODA
convertib,CONVERTIBLE
merrimack,MERRIMACK
interleaves,INTERLEAVES
bouff,BOUFFANT
neva,NEVA
no151,NUMBER
thermocpoupl,THERMOCOUPLE
sieman,SIEMENS
phne,PHONE
multmtr,MULTIMETER
equipmetnt,EQUIPMENT
tachogenerato,TACHOGENERATOR
specical,SPECIAL
ambiant,AMBIENT
slipnut,SLIP-NUT
no575,NUMBER
nmethyl,N-METHYL
miniiature,MINIATURE
matinl,MATERIAL
dowelpin,DOWEL-PIN
platthum,PLATINUM
thermostic,THERMOSTATIC
no895,NUMBER
nailhole,NAIL-HOLE
blacksmi,BLACKSMITH
epoxycoated,EPOXY-COATED
scrathc,SCRATCH
capetown,CAPETOWN
pattr,PATTERN
barbercoleman,BARBER-COLMAN
nutbolt,NUT-BOLT
qualty,QUALITY
screwdirver,SCREWDRIVER
oxiclean,OXICLEAN
nonhardening,NON-HARDENING
diaphg,DIAPHRAGM
ribboncable,RIBBON-CABLE
ployester,POLYESTER
clnable,CLEANABLE
retroreflection,RETROREFLECTION
photcell,PHOTOCELL
motrize,MOTORIZED
planetgear,PLANET-GEAR
themral,THERMAL
no410,NUMBER
herculite,HERCULITE
no377,NUMBER
natuaral,NATURAL
sodimm,SO-DIMM
densty,DENSITY
permanant,PERMANENT
furntr,FURNITURE
delights,DELIGHTS
combines,COMBINES
transfm,TRANSFORMER
stenner,STENNER
aligining,ALIGNING
functions,FUNCTION
blickle,BLICKLE
tones,TONES
ruvac,RUVAC
diapgrag,DIAPHRAGM
no022,NUMBER
narva,NARVA
koroseal,KOROSEAL
lubricatin,LUBRICATING
nospill,NO-SPILL
clynd,CYLINDER
vuototecnica,VUOTOTECNICA
punctures,PUNCTURE
demineralized,DEMINERALIZED
distoration,DISTORTION
rebored,REBORED
ounting,MOUNTING
stressproof,STRESSPROOF
retreevr,RETRIEVER
mikita,MAKITA
accessib,ACCESSIBLE
polyethr,POLYETHYLENE
plylefin,POLYOLEFIN
antskid,ANTI-SKID
burnjel,BURN-JEL
uppercase,UPPERCASE
camsha,CAMSHAFT
sikadure,SIKADUR
hardenrd,HARDENED
swichgag,SWICHGAGE
transduver,TRANSDUCER
micropolished,MICROPOLISHED
brinell,BRINELL
condesing,CONDENSING
drayton,DRAYTON
windshields,WINDSHIELD
pistl,PISTOL
juster,JUSTER
keyboar,KEYBOARD
castolin,CASTOLIN
hera,HERA
pitts,PITTS
controllor,CONTROLLER
roling,ROLLING
backshel,BACKSHELL
hotspot,HOTSPOT
lakes,LAKES
kenworth,KENWORTH
culligan,CULLIGAN
phyfe,PHYFE
sprgwshr,SPRING-WASHER
brookfield,BROOKFIELD
powersaw,POWER-SAW
baseline,BASELINE
no942,NUMBER
pokethrough,POKE-THROUGH
sensative,SENSITIVE
circlular,CIRCULAR
apeture,APERTURE
plungervalve,PLUNGER-VALVE
neoprin,NEOPRENE
valmont,VALMONT
noisereducing,NOISE-REDUCING
omnidirection,OMNIDIRECTIONAL
assrtmnt,ASSORTMENT
foamboard,FOAM-BOARD
milford,MILFORD
modue,MODULE
swivelbase,SWIVEL-BASE
preventati,PREVENTATIVE
supfina,SUPFINA
suppresants,SUPPRESSANT
acuatng,ACTUATING
rotoclone,ROTOCLONE
pistonshaft,PISTON-SHAFT
hyperlink,HYPERLINK
mouldig,MOLDING
rigidizer,RIGIDIZER
disulf,DISULFIDE
no125,NUMBER
molybdenium,MOLYBDENUM
tiodize,TIODIZE
kappler,KAPPLER
nonthread,NON-THREADED
initiating,INITIATING
torxpls,TORX-PLUS
classif,CLASSIFICATION
penetrati,PENETRATING
kgb,KGB
cartiledge,CARTRIDGE
metat,METATARSAL
froniu,FRONIUS
inflatables,INFLATABLE
periphrials,PERIPHERALS
boufant,BOUFFANT
gluegun,GLUE-GUN
nonradioactive,NONRADIOACTIVE
adatper,ADAPTER
eliminatin,ELIMINATING
complee,COMPLETE
humidfier,HUMIDIFIER
sweepng,SWEEPING
jobs,JOBS
cripmer,CRIMPER
dazor,DAZOR
westghs,WESTINGHOUSE
casstte,CASSETTE
burgu,BURGUNDY
plugvalve,PLUG-VALVE
terminations,TERMINATION
deflectio,DEFLECTION
plexiglasr,PLEXIGLAS
topentry,TOP-ENTRY
flameretrd,FLAME-RETARDANT
scintillatin,SCINTILLATING
channeloc,CHANNELLOCK
buttoh,BUTTON
promimity,PROXIMITY
teflone,TEFLON
teachers,TEACHERS
altering,ALTERING
noe,NOE
msec,MILLISECOND
warmup,WARM-UP
marrett,MARRETTE
ubbell,HUBBELL
nonhazardou,NON-HAZARDOUS
en180,EN-STANDARD
peroxydisulfate,PEROXYDISULFATE
freque,FREQUENCY
mildtl81772,MIL-DTL-SPECIFICATION
mssg,MESSAGE
siesmic,SEISMIC
sequences,SEQUENCE
unlcok,UNLOCK
resolutio,RESOLUTION
accomodate,ACCOMMODATE
outofservice,OUT-OF-SERVICE
cuppl,COUPLING
graplite,GRAPHITE
finshed,FINISHED
noncfc,NON-CFC
contamntn,CONTAMINATION
moldmakr,MOLDMAKER
callar,COLLAR
weldingtorch,WELDING-TORCH
maj,MAJ
hydrocorti,HYDROCORTISONE
halleffe,HALL-EFFECT
totals,TOTALS
plastiflex,PLASTIFLEX
peelnstick,PEEL-AND-STICK
gasketmaker,GASKET-MAKER
pipeclam,PIPE-CLAMP
pundulum,PENDULUM
transisto,TRANSISTOR
brusles,BRUSHLESS
indrama,INDRAMAT
illumntd,ILLUMINATED
ballscw,BALL-SCREW
toilt,TOILET
linings,LINING
holdn,HOLDING
slimjim,SLIM-JIM
pillw,PILLOW
mitsubi,MITSUBISHI
resisten,RESISTANT
kenny,KENNY
commerci,COMMERCIAL
slotters,SLOTTER
eyebo,EYEBOLT
passthorugh,PASS-THROUGH
lighters,LIGHTER
decelerat,DECELERATE
flapp,FLAPPER
nonprogramm,NON-PROGRAMMABLE
connetcor,CONNECTOR
berylium,BERYLLIUM
wheeltype,WHEEL-TYPE
ultraminature,ULTRAMINIATURE
nonyellowing,NON-YELLOWING
polypropolyne,POLYPROPYLENE
lubriant,LUBRICANT
keyalik,KEYED-ALIKE
gylcerine,GLYCERIN
platens,PLATENS
vinylcoated,VINYL-COATED
vaporliquid,VAPOR-LIQUID
pyromete,PYROMETER
finiis,FINISH
oilfilled,OIL-FILLED
hicks,HICKS
twoposit,TWO-POSITION
eccebtruc,ECCENTRIC
thcknes,THICKNESS
photoswtich,PHOTOSWITCH
pistonro,PISTON-ROD
looks,LOOKS
bounds,BOUNDS
nonmtallic,NONMETALLIC
fasterners,FASTENER
dwnspiral,DOWN-SPIRAL
movitrans,MOVITRANS
crystalli,CRYSTALLINE
reviewed,REVIEWED
coextruded,COEXTRUDED
resisotor,RESISTOR
nests,NESTS
plotterpaper,PLOTTER-PAPER
plasticoated,PLASTIC-COATED
pressbrake,PRESS-BRAKE
heidenha,HEIDENHAIN
thermoplatic,THERMOPLASTIC
conduitbody,CONDUIT-BODY
airpump,AIR-PUMP
semibulk,SEMI-BULK
optris,OPTRIS
accessoires,ACCESSORY
headles,HEADLESS
sharpning,SHARPENING
safeties,SAFETY
bizhub,BIZHUB
snowman,SNOWMAN
internati,INTERNATIONAL
hastelloyx,HASTELLOY-X
mylarr,MYLAR
overloal,OVERLOAD
openfront,OPEN-FRONT
reclosebable,RECLOSABLE
electrinic,ELECTRONIC
europe,EUROPE
reyes,REYES
rollerbrg,ROLLER-BEARING
utilitech,UTILITECH
diamtrs,DIAMETER
pipewrch,PIPE-WRENCH
sprayab,SPRAYABLE
multiled,MULTI-LED
grndd,GROUND
filterregulatr,FILTER-REGULATOR
plasitc,PLASTIC
rebuildkit,REBUILD-KIT
adjsut,ADJUST
unassem,UNASSEMBLED
termperture,TEMPERATURE
kramer,KRAMER
braidn,BRAID
nonalkaline,NON-ALKALINE
ardware,HARDWARE
assemblt,ASSEMBLY
mhi,MITSUBISHI-HEAVY-INDUSTRIES
darker,DARKER
keyen,KEYENCE
oilpump,OIL-PUMP
bellhousing,BELL-HOUSING
pressuriz,PRESSURIZE
workmen,WORKMEN
progamming,PROGRAMMING
hydaulics,HYDRAULICS
authorizat,AUTHORIZATION
confg,CONFIG
rotatary,ROTARY
grapic,GRAPHIC
millim,MILLIMETER
pushbuutton,PUSHBUTTON
waits,WAITS
multiaxis,MULTI-AXIS
grunfos,GRUNDFOS
riveti,RIVETING
halogn,HALOGEN
varistors,VARISTOR
saferty,SAFETY
paitn,PAINT
keton,KETONE
airbrus,AIRBRUSH
thermoswitc,THERMOSWITCH
smoothed,SMOOTHED
carhar,CARHARTT
arylic,ACRYLIC
synge,SYNGE
unstructured,UNSTRUCTURED
bifircated,BIFURCATED
intrmediate,INTERMEDIATE
threshol,THRESHOLD
nibbling,NIBBLING
vacuumgrease,VACUUM-GREASE
softeners,SOFTENER
castillo,CASTILLO
proporational,PROPORTIONAL
lesco,LESCO
micromasterinverter,MICROMASTER-INVERTER
velosity,VELOCITY
extractot,EXTRACTOR
connectotr,CONNECTOR
trmcpl,THERMOCOUPLE
assortmant,ASSORTMENT
ul460,UL-STANDARD
toolbits,TOOL-BITS
filliment,FILAMENT
lond,LOND
workmate,WORKMATE
filtrati,FILTRATION
shradder,SCHRADER
nonflare,NON-FLARE
weldcote,WELDCOTE
ananlog,ANALOG
donaldsontorit,DONALDSON-TORIT
protoco,PROTOCOL
gauz,GAUZE
batterychrgr,BATTERY-CHARGER
sophie,SOPHIE
epichlorohydri,EPICHLOROHYDRIN
specificially,SPECIFICALLY
wrappable,WRAPPABLE
routr,ROUTER
omnifilter,OMNIFILTER
terracotta,TERRACOTTA
scwdriver,SCREWDRIVER
accelero,ACCELEROMETER
nonrevrs,NON-REVERSING
oxonia,OXONIA
shelton,SHELTON
flagstaf,FLAGSTAFF
no117,NUMBER
widefield,WIDE-FIELD
trepaning,TREPANNING
combinations,COMBINATION
stables,STABLES
danf,DANFOSS
micromar,MICROMAR
cylininder,CYLINDER
burgndy,BURGUNDY
homopolymer,HOMOPOLYMER
tapred,TAPERED
convulted,CONVOLUTED
alkaine,ALKALINE
dbledge,DOUBLE-EDGE
prefold,PREFOLD
sofstarter,SOFT-STARTER
automobil,AUTOMOBILE
separatpr,SEPARATOR
moudule,MODULE
migatron,MIGATRON
multitip,MULTI-TIP
no021,NUMBER
rtfm,RTFM
univerisal,UNIVERSAL
streching,STRETCHING
no381,NUMBER
stnlesstl,STAINLESS-STEEL
transduer,TRANSDUCER
nonreinforced,NON-REINFORCED
rislone,RISLONE
wallets,WALLETS
en000,EN-STANDARD
convrtr,CONVERTER
slavagnini,SALVAGNINI
checkball,CHECK-BALL
nontarnish,NON-TARNISH
dispsable,DISPOSABLE
alinement,ALIGNMENT
weldbolt,WELD-BOLT
throtle,THROTTLE
cntersun,COUNTERSUNK
probing,PROBING
uptim,UPTIME
quikconnect,QUICK-CONNECT
weftless,WEFTLESS
litlefus,LITTELFUSE
synchrns,SYNCHRONOUS
paraylene,PARYLENE
frequincy,FREQUENCY
alstom,ALSTOM
doubended,DOUBLE-ENDED
colletadapte,COLLET-ADAPTER
overrunningclutch,OVERRUNNING-CLUTCH
geareducer,GEAR-REDUCER
nomin,NOMINAL
nsulatd,INSULATED
milprf834,MIL-PRF-SPECIFICATION
solium,SODIUM
tearresistant,TEAR-RESISTANT
astm5118,ASTM-SPECIFICATION
processoer,PROCESSOR
placeholder,PLACEHOLDER
thermostaic,THERMOSTATIC
tyvel,TYVEK
dowelin,DOWELING
cmprtmt,COMPARTMENT
herzog,HERZOG
unnmounted,UNMOUNTED
intensfier,INTENSIFIER
packar,PACKARD
solatron,SOLARTRON
theadmill,THREAD-MILL
keybord,KEYBOARD
squeegees,SQUEEGEE
altronix,ALTRONIX
wingnug,WING-NUT
tangleresistant,TANGLE-RESISTANT
porcelan,PORCELAIN
fullwave,FULL-WAVE
weatherseal,WEATHER-SEAL
prewir,PREWIRED
glassfiber,GLASS-FIBER
matls,MATERIAL
regltrs,REGULATOR
inkj,INKJET
levine,LEVINE
cartridridge,CARTRIDGE
rebuiild,REBUILD
plungerstyle,PLUNGER-STYLE
pintles,PINTLE
economu,ECONOMY
cstom,CUSTOM
fluorosili,FLUOROSILICONE
bluray,BLU-RAY
metre,METRE
hifinish,HIGH-FINISH
microsiemen,MICROSIEMENS
vinega,VINEGAR
accelrometer,ACCELEROMETER
semisyntheti,SEMI-SYNTHETIC
kawaski,KAWASAKI
presett,PRESET
currie,CURRIE
biodgrdbl,BIODEGRADABLE
no420,NUMBER
brasscraft,BRASSCRAFT
nonfilterd,NON-FILTERED
recepticple,RECEPTACLE
switchcraf,SWITCHCRAFT
twostroke,TWO-STROKE
jav,JAV
ul21,UL-STANDARD
traier,TRAILER
darrel,DARREL
circulatin,CIRCULATING
monafilament,MONOFILAMENT
telemechaniqu,TELEMECANIQUE
applctor,APPLICATOR
wshers,WASHER
earpice,EARPIECE
transisstor,TRANSISTOR
keypd,KEYPAD
joystk,JOYSTICK
turnings,TURNING
membranes,MEMBRANE
sythentic,SYNTHETIC
disconnenct,DISCONNECT
genreator,GENERATOR
ladles,LADLES
semiconduct,SEMICONDUCTOR
mohms,MEGOHM
sacrficial,SACRIFICIAL
resttrictor,RESTRICTOR
retinax,RETINAX
reflectve,REFLECTIVE
telesope,TELESCOPE
coalsng,COALESCING
microspatual,MICROSPATULA
roughng,ROUGHING
cryovac,CRYOVAC
changable,CHANGEABLE
kennmetal,KENNAMETAL
emulsified,EMULSIFIED
vacuubrand,VACUUBRAND
groen,GROEN
switych,SWITCH
collectr,COLLECTOR
clenser,CLEANSER
shepard,SHEPARD
agitaion,AGITATION
thinwa,THIN-WALL
ompounding,COMPOUNDING
pecialty,SPECIALTY
relocat,RELOCATE
micrfbr,MICROFIBER
lanier,LANIER
iso7089,ISO-STANDARD
miocrofiber,MICROFIBER
swings,SWINGS
galvnzed,GALVANIZED
refundable,REFUNDABLE
threeply,THREE-PLY
borozon,BORAZON
lamnated,LAMINATED
transforrmer,TRANSFORMER
headphon,HEADPHONE
statioary,STATIONARY
bikes,BIKES
luerlk,LUER-LOCK
chavez,CHAVEZ
ttachments,ATTACHMENT
amphnol,AMPHENOL
ocd,OCD
drving,DRIVING
url,URL
ahmmer,HAMMER
ultrafiler,ULTRAFILTER
retorts,RETORTS
bemcot,BEMCOT
desourtter,DESOUTTER
centrifigul,CENTRIFUGAL
multistate,MULTISTATE
articu,ARTICULATING
lsd,LSD
ede,EDE
counterbo,COUNTERBORE
orifc,ORIFICE
nconel,INCONEL
redlight,RED-LIGHT
divisions,DIVISIONS
champering,CHAMFERING
griswold,GRISWOLD
fiberreinforced,FIBER-REINFORCED
mia,MIA
minicutter,MINI-CUTTER
solding,SOLDERING
illumnated,ILLUMINATED
overlaod,OVERLOAD
lubricators,LUBRICATOR
isofrax,ISOFRAX
closecoupled,CLOSE-COUPLED
hrdware,HARDWARE
touchprobe,TOUCH-PROBE
rockstar,ROCKSTAR
hurrica,HURRICANE
seprtor,SEPARATOR
simpull,SIMPULL
coupline,COUPLING
trsnmttr,TRANSMITTER
oui,OUI
antiseizecompound,ANTI-SEIZE-COMPOUND
overlod,OVERLOAD
rimper,CRIMPER
giotto,GIOTTO
polyestar,POLYESTER
dissipati,DISSIPATIVE
sheiled,SHIELDED
mylr,MYLAR
no565,NUMBER
pressurization,PRESSURIZATION
no036,NUMBER
nonembeddable,NON-EMBEDDABLE
capacutuve,CAPACITIVE
auxilar,AUXILIARY
obtical,OPTICAL
preventatv,PREVENTATIVE
stewartwarner,STEWART-WARNER
no388,NUMBER
usepa,US-ENVIRONMENTAL-PROTECTION-AGENCY
flashcard,FLASHCARD
pleas,PLEAS
prevetative,PREVENTATIVE
antiscallant,ANTISCALANT
sarrated,SERRATED
trammels,TRAMMELS
hrc30,ROCKWELL-C-HARDNESS
manufactur,MANUFACTURING
recordin,RECORDING
squeky,SQUEAKY
rstraint,RESTRAINT
spotfc,SPOT-FACE
voltarc,VOLTARC
mallorca,MALLORCA
regulataor,REGULATOR
nurgren,NORGREN
furntiure,FURNITURE
chainsa,CHAINSAW
mutiiple,MULTIPLE
circuitboa,CIRCUIT-BOARD
palletized,PALLETIZED
mountkit,MOUNT-KIT
keyb,KEYBOARD
mandral,MANDREL
migwire,MIG-WIRE
chpbkr,CHIPBREAKER
crill,DRILL
stlwool,STEEL-WOOL
speedomax,SPEEDOMAX
bayoney,BAYONET
sharpeni,SHARPENING
galllon,GALLON
crinkled,CRINKLED
orface,ORIFICE
galvaneel,GALVANNEAL
magnta,MAGENTA
varactor,VARACTOR
recticle,RETICLE
thorogoot,THOROGOOD
wohner,WÖHNER
intrchngebl,INTERCHANGEABLE
turolla,TUROLLA
no531,NUMBER
stnsteel,STAINLESS-STEEL
residues,RESIDUES
assbembly,ASSEMBLY
expandr,EXPANDER
sqhead,SQUARE-HEAD
reba,REBA
rubberfaced,RUBBER-FACED
orificee,ORIFICE
gaskert,GASKET
santoprent,SANTOPRENE
niresist,NI-RESIST
maintainace,MAINTENANCE
neogen,NEOGEN
quickdisconn,QUICK-DISCONNECT
glasswar,GLASSWARE
stampr,STAMPER
nara,NARA
articulat,ARTICULATING
unclamping,UNCLAMPING
wyedelta,WYE-DELTA
techometer,TACHOMETER
unscram,UNSCRAMBLER
thermomter,THERMOMETER
pivt,PIVOT
expansn,EXPANSION
assymetrica,ASYMMETRIC
bosses,BOSSES
urethehane,URETHANE
tghtnr,TIGHTENER
unbreakab,UNBREAKABLE
phosphoricacid,PHOSPHORIC-ACID
encapulsated,ENCAPSULATED
mcmasterscarr,MCMASTER-CARR
suppot,SUPPORT
acutatr,ACTUATOR
pwn,PWN
rebuildkits,REBUILD-KIT
isotrop,ISOTROPIC
arnite,ARNITE
quikdisc,QUICK-DISCONNECT
horizontl,HORIZONTAL
excelite,XCELITE
adptd,ADAPTED
delron,DELRIN
ecpansion,EXPANSION
photosw,PHOTOSWITCH
convulated,CONVOLUTED
diisocyanate,DIISOCYANATE
ospho,OSPHO
corrosionx,CORROSIONX
selflamina,SELF-LAMINATING
freshners,FRESHENER
kart,KART
stethoscop,STETHOSCOPE
cardbo,CARDBOARD
switvch,SWITCH
bifuracated,BIFURCATED
noses,NOSES
battrey,BATTERY
downey,DOWNEY
suprssr,SUPPRESSOR
busboy,BUSBOY
crosbie,CROSBY
asbestoes,ASBESTOS
bambi,BAMBI
jerri,JERRI
termocouple,THERMOCOUPLE
guadalupe,GUADALUPE
shawmu,SHAWMUT
detects,DETECT
porcelian,PORCELAIN
reptacles,RECEPTACLE
reusabale,REUSABLE
leblanc,LEBLANC
edgefinder,EDGE-FINDER
activtor,ACTIVATOR
currents,CURRENT
spinners,SPINNER
deiccant,DESICCANT
thermoplaste,THERMOPLASTIC
bkhd,BULKHEAD
mgnfy,MAGNIFY
finisih,FINISH
durrmeter,DUROMETER
rawhyde,RAWHIDE
ballbeari,BALL-BEARING
no275,NUMBER
rthand,RIGHT-HAND
vortc,VORTEX
ip44,IP-INGRESS-PROTECTION-RATING
presetters,PRESETTER
mildtl5541,MIL-DTL-SPECIFICATION
positest,POSITEST
precsion,PRECISION
microphon,MICROPHONE
noisecanceling,NOISE-CANCELING
splne,SPLINE
roundbar,ROUND-BAR
hoilder,HOLDER
millend,MILL-END
cincinatti,CINCINNATI
caibration,CALIBRATION
bidirec,BIDIRECTIONAL
nylatr,NYLATRON
flowmete,FLOWMETER
interfer,INTERFERENCE
tekronix,TEKTRONIX
uncoliers,UNCOILER
baginbagout,BAG-IN-BAG-OUT
crewdriver,SCREWDRIVER
igntion,IGNITION
automtve,AUTOMOTIVE
dinrl,DIN-RAIL
iso8734,ISO-STANDARD
sanden,SANDEN
astma786,ASTM-SPECIFICATION
evaporaton,EVAPORATION
rubbermai,RUBBERMAID
roemhld,RÖMHELD
reflectors,REFLECTOR
suppley,SUPPLY
semirimless,SEMI-RIMLESS
msha,MINE-SAFETY-AND-HEALTH-ADMINISTRATION
absorbtive,ABSORPTIVE
tranduce,TRANSDUCER
spindge,SPINDLE
refrigrtn,REFRIGERATION
allenbradle,ALLEN-BRADLEY
fitings,FITTING
nitrogn,NITROGEN
inorganics,INORGANICS
dehumidifer,DEHUMIDIFIER
ul5000,UL-STANDARD
scuffing,SCUFFING
torquecontrol,TORQUE-CONTROL
invrtr,INVERTER
polytetrafluorethylene,POLYTETRAFLUOROETHYLENE
sandwch,SANDWICH
chainguard,CHAIN-GUARD
bicycles,BICYCLE
ratiotrol,RATIOTROL
rectngl,RECTANGLE
nickeled,NICKELED
stripchart,STRIP-CHART
colated,COLLATED
mipadapter,MIP-ADAPTER
gradall,GRADALL
pickers,PICKERS
mcleod,MCLEOD
photoelctri,PHOTOELECTRIC
shrimpo,SHIMPO
controllogic,CONTROLLOGIX
contreras,CONTRERAS
diisobutylene,DIISOBUTYLENE
trashbag,TRASH-BAG
applictor,APPLICATOR
purpse,PURPOSE
slidingdoor,SLIDING-DOOR
unpalnned,UNPLANNED
cluste,CLUSTER
continutiy,CONTINUITY
pertinax,PERTINAX
reotemp,REOTEMP
burnished,BURNISHED
chipbreakr,CHIPBREAKER
nutone,NUTONE
hamlin,HAMLIN
reuction,REDUCTION
molybdemum,MOLYBDENUM
pilotthread,PILOT-THREAD
selftesting,SELF-TESTING
vollmer,VOLLMER
onditioning,CONDITIONING
conveyin,CONVEYING
perkinelmer,PERKINELMER
concntrt,CONCENTRATE
speedfam,SPEEDFAM
nonrefle,NON-REFLECTIVE
chinstra,CHINSTRAP
siemans,SIEMENS
chekcing,CHECKING
structrual,STRUCTURAL
tansfer,TRANSFER
hydrotreated,HYDROTREATED
changea,CHANGEABLE
wrwnd,WIREWOUND
indicater,INDICATOR
submrsbl,SUBMERSIBLE
diagnos,DIAGNOSTIC
coalscing,COALESCING
carbied,CARBIDE
stiles,STILES
bisulfites,BISULFITE
accumet,ACCUMET
chamer,CHAMFER
pneaumtc,PNEUMATIC
deburrring,DEBURRING
murrelekt,MURRELEKTRONIK
towerlights,TOWER-LIGHTS
termnls,TERMINAL
mobilarma,MOBILARMA
straighht,STRAIGHT
mnchrm,MONOCHROME
hewitt,HEWITT
thrmwll,THERMOWELL
usaf,USAF
suctiion,SUCTION
filterregulators,FILTER-REGULATOR
servomotore,SERVOMOTOR
chopp,CHOPPER
unsupprted,UNSUPPORTED
nonhinged,NON-HINGED
sheldon,SHELDON
multiclamp,MULTI-CLAMP
no607,NUMBER
thrmostat,THERMOSTAT
sofener,SOFTENER
slipsheet,SLIPSHEET
maratho,MARATHON
shapener,SHARPENER
geare,GEARED
cableties,CABLE-TIE
nutruner,NUTRUNNER
keyls,KEYLESS
nutwing,WING-NUT
petridish,PETRI-DISH
demagnatizer,DEMAGNETIZER
chyrsler,CHRYSLER
petersen,PETERSEN
trasparent,TRANSPARENT
ampliefier,AMPLIFIER
clenching,CLINCHING
novapress,NOVAPRESS
frostfree,FROST-FREE
contactror,CONTACTOR
meclizine,MECLIZINE
golds,GOLDS
tempplates,TEMPLATE
distinctions,DISTINCTIONS
sensiing,SENSING
latche,LATCH
transduser,TRANSDUCER
turnrable,TURNTABLE
strofoam,STYROFOAM
chipbkr,CHIPBREAKER
ionizng,IONIZING
upgrades,UPGRADE
hypertac,HYPERTAC
plcard,PLACARD
visable,VISIBLE
armourblock,ARMORBLOCK
filterelemen,FILTER-ELEMENT
prothane,PROTHANE
semirotational,SEMI-ROTATIONAL
hollder,HOLDER
subassembl,SUBASSEMBLY
knige,KNIFE
americia,AMERICAN
berilum,BERYLLIUM
referencing,REFERENCING
pnumatc,PNEUMATIC
fiberopti,FIBER-OPTIC
neenah,NEENAH
sanitarty,SANITARY
panle,PANEL
finishr,FINISHER
assemembly,ASSEMBLY
stockholm,STOCKHOLM
handbooks,HANDBOOKS
coxreel,COXREELS
relutance,RELUCTANCE
wthout,WITHOUT
pipethreads,PIPE-THREADS
stieber,STIEBER
cmplte,COMPLETE
magnaplate,MAGNAPLATE
electromechani,ELECTROMECHANICAL
tritrator,TITRATOR
weldnut,WELD-NUT
pilotoperate,PILOT-OPERATED
cintas,CINTAS
microtiter,MICROTITER
jergensinc,JERGENS
iconel,INCONEL
mitigatio,MITIGATION
displcmnt,DISPLACEMENT
filterdrye,FILTER-DRIER
lithiam,LITHIUM
hystersis,HYSTERESIS
jarrett,JARRETT
sychro,SYNCHRO
clutchbrk,CLUTCH-BRAKE
sprayed,SPRAYED
festol,FESTOOL
schleicher,SCHLEICHER
reciprctin,RECIPROCATING
uxcell,UXCELL
no352,NUMBER
waukesh,WAUKESHA
swivelnipple,SWIVEL-NIPPLE
organizr,ORGANIZER
intelligen,INTELLIGENT
plungecut,PLUNGE-CUT
aiir,AIR
din73494,DIN-STANDARD
sintra,SINTRA
suppressr,SUPPRESSOR
dipenser,DISPENSER
twosided,DOUBLE-SIDED
versachem,VERSACHEM
renforced,REINFORCED
unbreakbl,UNBREAKABLE
offsets,OFFSET
looseleaf,LOOSE-LEAF
snubbers,SNUBBERS
exterio,EXTERIOR
torquw,TORQUE
vehcl,VEHICLE
nonflmmbl,NONFLAMMABLE
organs,ORGANS
titaniun,TITANIUM
lowprfle,LOW-PROFILE
expns,EXPANSION
phophoric,PHOSPHORIC
nonwetting,NON-WETTING
notwist,NO-TWIST
attachmet,ATTACHMENT
optoelectric,OPTOELECTRONIC
torison,TORSION
outoput,OUTPUT
schenectady,SCHENECTADY
colmonoy,COLMONOY
multiangle,MULTI-ANGLE
bellevillewasher,BELLEVILLE-WASHER
guardmast,GUARDMASTER
batterycharge,BATTERY-CHARGER
transist,TRANSISTOR
shirink,SHRINK
eutetic,EUTECTIC
collapsing,COLLAPSING
audib,AUDIBLE
tilti,TILTING
twins,TWINS
ampmeter,AMMETER
tentionmeter,TENSION-METER
pemserter,PEMSERTER
valco,VALCO
kanthal,KANTHAL
keyenc,KEYENCE
ralston,RALSTON
reameer,REAMER
rotayr,ROTARY
pneumayic,PNEUMATIC
miccroshield,MICROSHIELD
zirconi,ZIRCONIA
automtoive,AUTOMOTIVE
pistolstyle,PISTOL-STYLE
cluthless,CLUTCHLESS
transicold,TRANSICOLD
ocilator,OSCILLATOR
linak,LINAK
connevtor,CONNECTOR
selfthrea,SELF-THREADING
machinine,MACHINING
henge,HENGE
trusshead,TRUSS-HEAD
travling,TRAVELING
contracts,CONTRACTS
overtrousr,OVERTROUSER
lockers,LOCKER
personn,PERSONNEL
specmn,SPECIMEN
refridg,REFRIGERATOR
cablecutr,CABLE-CUTTER
lockheed,LOCKHEED
ceramet,CERMET
unifrax,UNIFRAX
recoilless,RECOILLESS
disposibl,DISPOSABLE
breakaw,BREAKAWAY
sprints,SPRINTS
thermalloy,THERMALLOY
nonchlorintd,NON-CHLORINATED
proxmte,PROXIMITY
greats,GREATS
briquettes,BRIQUETTES
ninjatek,NINJATEK
mutlisurface,MULTISURFACE
sccrew,SCREW
obstructio,OBSTRUCTION
pharmaceutica,PHARMACEUTICAL
benchgrinder,BENCH-GRINDER
calabration,CALIBRATION
repairabl,REPAIRABLE
ferrou,FERROUS
interlkg,INTERLOCKING
coordinated,COORDINATED
paddlewhl,PADDLE-WHEEL
polyesterfelt,POLYESTER-FELT
caballero,CABALLERO
tensionin,TENSIONING
ntenna,ANTENNA
roundpoint,ROUND-POINT
counterba,COUNTERBALANCE
insilated,INSULATED
deodorizin,DEODORIZING
kawasak,KAWASAKI
replaceabletip,REPLACEABLE-TIP
flowlin,FLOW-LINE
cinncinati,CINCINNATI
cylindre,CYLINDER
reloaded,RELOADED
reseating,RESEATING
cylindracal,CYLINDRICAL
tazza,TAZZA
pneumtic,PNEUMATIC
injectn,INJECTION
preengaged,PRE-ENGAGED
nco,NCO
results,RESULTS
bushsing,BUSHING
no955,NUMBER
rifflr,RIFFLER
garlck,GARLOCK
gromts,GROMMET
pentax,PENTAX
medline,MEDLINE
cleo,CLEO
flexbile,FLEXIBLE
trnsduc,TRANSDUCER
surlyn,SURLYN
backlt,BACKLIT
pluig,PLUG
rankin,RANKIN
pakcing,PACKING
studmounted,STUD-MOUNTED
secundary,SECONDARY
hammrdrill,HAMMER-DRILL
soleboid,SOLENOID
slittin,SLITTING
hybr,HYBRID
coverpl,COVER-PLATE
houing,HOUSING
servicekit,SERVICE-KIT
ip69,IP-INGRESS-PROTECTION-RATING
vegetabl,VEGETABLE
proxxon,PROXXON
conncting,CONNECTING
satalite,SATELLITE
kyseat,KEYSEAT
regualted,REGULATED
trasnsmission,TRANSMISSION
toleranc,TOLERANCE
spinde,SPINDLE
rectier,RECTIFIER
fansteel,FANSTEEL
polyurthene,POLYURETHANE
exchangab,EXCHANGEABLE
secndry,SECONDARY
disinfctnt,DISINFECTANT
deprag,DEPRAG
weaterproof,WEATHERPROOF
tightene,TIGHTENER
ldl,LDL
strains,STRAINS
strainles,STAINLESS
niagra,NIAGARA
din6321,DIN-STANDARD
poteinchiometer,POTENTIOMETER
swifel,SWIVEL
whining,WHINING
nonsynch,NON-SYNCHRONOUS
no361,NUMBER
burni,BURNING
layouts,LAYOUT
wroughtcopper,WROUGHT-COPPER
extractio,EXTRACTION
fabricatio,FABRICATION
thinkvision,THINKVISION
resolutioon,RESOLUTION
duolec,DUOLEC
signholder,SIGN-HOLDER
tachmometer,TACHOMETER
milprf25567,MIL-PRF-SPECIFICATION
drislid,DRI-SLIDE
meguiar,MEGUIAR'S
retofit,RETROFIT
rollforme,ROLL-FORMED
calcul,CALCULATOR
multivariabl,MULTIVARIABLE
no756,NUMBER
turng,TURNING
amerlock,AMERLOCK
hybrind,HYBRID
pastels,PASTELS
stationarys,STATIONARY
reconditio,RECONDITIONED
contrpl,CONTROL
adele,ADELE
aremco,AREMCO
reatining,RETAINING
miniblower,MINI-BLOWER
tinius,TINIUS
olsen,OLSEN
cartdrige,CARTRIDGE
thermoter,THERMOMETER
rdware,HARDWARE
settop,SET-TOP
racetrack,RACETRACK
halfcoup,HALF-COUPLING
asrtmnt,ASSORTMENT
aircoole,AIR-COOLED
sychronus,SYNCHRONOUS
lubrictr,LUBRICATOR
hoskins,HOSKINS
sanitiaer,SANITIZER
protections,PROTECTION
issued,ISSUED
ul25,UL-STANDARD
resizing,RESIZING
unlimit,UNLIMITED
honeycm,HONEYCOMB
minihorn,MINI-HORN
tamped,TAMPED
pistonrod,PISTON-ROD
sekisui,SEKISUI
electrolytes,ELECTROLYTE
halfnut,HALF-NUT
primin,PRIMING
intermiate,INTERMEDIATE
ventur,VENTURI
nonmetallc,NONMETALLIC
flushometr,FLUSHOMETER
mulitpurpose,MULTIPURPOSE
ntype,N-TYPE
maniflod,MANIFOLD
no104,NUMBER
tubenut,TUBE-NUT
permitrequired,PERMIT-REQUIRED
extracts,EXTRACT
dustcap,DUST-CAP
seriel,SERIES
ntrsunk,COUNTERSUNK
retrievin,RETRIEVING
antivibd,ANTI-VIBRATION
plasticwrap,PLASTIC-WRAP
humidty,HUMIDITY
perforataed,PERFORATED
reusab,REUSABLE
cstmr,CUSTOMER
cloralen,CLORALEN
mettalurgical,METALLURGICAL
polyese,POLYESTER
nonreclosable,NON-RECLOSABLE
conedrive,CONE-DRIVE
cyrstals,CRYSTAL
allenbrad,ALLEN-BRADLEY
recyled,RECYCLED
extingsher,EXTINGUISHER
cabinte,CABINET
condesate,CONDENSATE
thich,THICK
nonflammabl,NONFLAMMABLE
mylan,MYLAN
treasures,TREASURES
regrinds,REGRIND
torquearm,TORQUE-ARM
chargr,CHARGER
ethylen,ETHYLENE
microswitc,MICROSWITCH
nonmeatallic,NONMETALLIC
lavator,LAVATORY
nasm,NATIONAL-AEROSPACE-STANDARD
diaphragram,DIAPHRAGM
automticlly,AUTOMATICALLY
proimity,PROXIMITY
nonfolding,NON-FOLDING
needletip,NEEDLE-TIP
cyndrilical,CYLINDRICAL
optiflux,OPTIFLUX
microconnector,MICRO-CONNECTOR
maynard,MAYNARD
exchager,EXCHANGER
retroreflec,RETROREFLECTIVE
signalling,SIGNALING
feedthroug,FEEDTHROUGH
dtection,DETECTION
lenghts,LENGTH
slfadjstin,SELF-ADJUSTING
presettr,PRESETTER
potenionmeter,POTENTIOMETER
deionation,DEIONIZATION
thearded,THREADED
capacities,CAPACITY
stovebolt,STOVE-BOLT
din464,DIN-STANDARD
vanton,VANTON
turnbuckles,TURNBUCKLE
fittngs,FITTING
nonweighted,NON-WEIGHTED
thieves,THIEVES
preformd,PREFORMED
padolck,PADLOCK
screwdiriver,SCREWDRIVER
smartcard,SMART-CARD
mixtures,MIXTURES
controllogik,CONTROLLOGIX
scanne,SCANNER
hotgalv,HOT-GALVANIZED
fixin,FIXING
penden,PENDANT
caregiver,CAREGIVER
lasco,LASCO
highpurity,HIGH-PURITY
sphrcl,SPHERICAL
iso14230,ISO-STANDARD
compaclogix,COMPACTLOGIX
strandin,STRANDING
membrn,MEMBRANE
modifica,MODIFICATION
solventweld,SOLVENT-WELD
ballbear,BALL-BEARING
mccoy,MCCOY
waveband,WAVEBAND
knockof,KNOCKOFF
attenu,ATTENUATOR
delrn,DELRIN
bursting,BURSTING
poylester,POLYESTER
tapperd,TAPERED
hairnets,HAIR-NETS
neolube,NEOLUBE
earphones,EARPHONE
pneumc,PNEUMATIC
titaniumnitr,TITANIUM-NITRIDE
dockleveler,DOCK-LEVELER
gaga,GAGA
tarkett,TARKETT
controltransforme,CONTROL-TRANSFORMER
butterfy,BUTTERFLY
reversiing,REVERSIBLE
taperedrol,TAPERED-ROLLER
rectif,RECTIFIER
solenoiid,SOLENOID
duckbills,DUCK-BILLS
sabic,SABIC
polysterene,POLYSTYRENE
cultery,CUTLERY
conveyour,CONVEYOR
trunnions,TRUNNION
bernstein,BERNSTEIN
multcond,MULTICONDUCTOR
no723,NUMBER
roughr,ROUGHER
adhusive,ADHESIVE
fusib,FUSIBLE
perfrm,PERFORM
framwork,FRAMEWORK
adherant,ADHERENT
mooney,MOONEY
claning,CLEANING
paintabl,PAINTABLE
tsainless,STAINLESS
drexelbroo,DREXELBROOK
allstate,ALLSTATE
zebr,ZEBRA
printhd,PRINTHEAD
transfeer,TRANSFER
perkins,PERKINS
cascad,CASCADE
velometor,VELOMETER
differentail,DIFFERENTIAL
vitronic,VITRONIC
hemming,HEMMING
no226,NUMBER
vebturi,VENTURI
hred,THREAD
roofline,ROOFLINE
debuuring,DEBURRING
therap,THERAP
bookend,BOOKEND
desout,DESOUTTER
plateandframe,PLATE-AND-FRAME
reprocessing,REPROCESSING
servers,SERVERS
partitin,PARTITION
defelsko,DEFELSKO
oximeters,OXIMETER
wnw,WNW
roation,ROTATION
endeff,END-EFFECTOR
carbite,CARBIDE
no303,NUMBER
avtron,AVTRON
ampheres,AMPERES
leggin,LEGGING
carbaloy,CARBOLOY
bradided,BRAIDED
michiga,MICHIGAN
rbber,RUBBER
hardn,HARDEN
poteniameter,POTENTIOMETER
telemeca,TELEMECANIQUE
controlval,CONTROL-VALVE
poisiton,POSITION
blaste,BLASTER
asynchr,ASYNCHRONOUS
gylcern,GLYCERIN
thyssn,THYSSEN
labler,LABELER
overwrappe,OVERWRAPPER
capcty,CAPACITY
quickacti,QUICK-ACTING
amphemol,AMPHENOL
erlinmeyer,ERLENMEYER
dryi,DRYING
knukle,KNUCKLE
rigth,RIGHT
overtheshoe,OVER-THE-SHOE
petrolatu,PETROLATUM
multichann,MULTICHANNEL
presusre,PRESSURE
condutors,CONDUCTOR
regulor,REGULATOR
weatherprrof,WEATHERPROOF
molybdenumdisulfate,MOLYBDENUM-DISULFIDE
driveshafts,DRIVE-SHAFTS
substiute,SUBSTITUTE
pemanent,PERMANENT
capsuhelic,CAPSUHELIC
multipock,MULTIPOCKET
no128,NUMBER
cai,CAI
shearbolt,SHEAR-BOLT
deoder,DEODORANT
teclock,TECLOCK
plugable,PLUGGABLE
shockabsorber,SHOCK-ABSORBER
milstd131j,MIL-STD-SPECIFICATION
alphasense,ALPHASENSE
flowemeter,FLOWMETER
colectr,COLLECTOR
leadwires,LEAD-WIRE
partslist,PARTS-LIST
channelloc,CHANNELLOCK
ansmitter,TRANSMITTER
outriggers,OUTRIGGERS
polyesr,POLYESTER
feedbacl,FEEDBACK
aluminixed,ALUMINIZED
substitue,SUBSTITUTE
lasercut,LASER-CUT
handpieces,HAND-PIECES
drylok,DRYLOK
equalizatn,EQUALIZATION
resiliant,RESILIENT
ul3,UL-STANDARD
raychm,RAYCHEM
padfolio,PADFOLIO
interconnec,INTERCONNECT
sauereisen,SAUEREISEN
hldwn,HOLD-DOWN
logitec,LOGITECH
cadweld,CADWELD
tensionr,TENSIONER
programmbl,PROGRAMMABLE
refillab,REFILLABLE
micrfilter,MICROFILTER
molydbenum,MOLYBDENUM
allenbradl,ALLEN-BRADLEY
warthog,WARTHOG
oscillato,OSCILLATOR
unbraco,UNBRAKO
srike,STRIKE
ceranic,CERAMIC
sandpap,SANDPAPER
tiptig,TIPTIG
disulph,DISULPHIDE
meteringfor,METERING-FOR
jimenez,JIMENEZ
imputs,INPUT
visuals,VISUAL
govnr,GOVERNOR
no817,NUMBER
shotblaster,SHOT-BLASTER
metatrsal,METATARSAL
plainsteel,PLAIN-STEEL
oyota,TOYOTA
concordia,CONCORDIA
peristal,PERISTALTIC
counterwieght,COUNTERWEIGHT
spootlight,SPOTLIGHT
socketheadcapscrew,SOCKET-HEAD-CAP-SCREW
trudeau,TRUDEAU
adjt,ADJT
vibroscreen,VIBROSCREEN
ionnizer,IONIZER
attchm,ATTACHMENT
paintin,PAINTING
receptavle,RECEPTACLE
colum,COLUM
profiliing,PROFILING
garlok,GARLOCK
clearanc,CLEARANCE
alunimized,ALUMINIZED
telemencanique,TELEMECANIQUE
solvn,SOLVENT
solonid,SOLENOID
sleeeve,SLEEVE
ovrlls,OVERALLS
electromanetic,ELECTROMAGNETIC
charcol,CHARCOAL
mphenol,AMPHENOL
serires,SERIES
micheli,MICHELIN
regring,REGRINDING
allergn,ALLERGEN
fittint,FITTING
polyeurethatne,POLYURETHANE
specila,SPECIAL
wetland,WETLAND
conducitivity,CONDUCTIVITY
shulder,SHOULDER
bridgport,BRIDGEPORT
filterregultr,FILTER-REGULATOR
rectorse,RECTORSEAL
roehm,RÖHM
throught,THROUGH
relase,RELEASE
sends,SENDS
reserviour,RESERVOIR
corrida,CORRIDA
olenoid,SOLENOID
monofilamen,MONOFILAMENT
chiswl,CHISEL
strobelight,STROBE-LIGHT
hawthorne,HAWTHORNE
en460,EN-STANDARD
blockchain,BLOCKCHAIN
wthdrwl,WITHDRAWAL
neoflon,NEOFLON
nonindicatin,NON-INDICATING
threaed,THREADED
oltage,VOLTAGE
cincinn,CINCINNATI
retrof,RETROFIT
nitrogly,NITROGLYCERIN
vgrooving,V-GROOVING
crushe,CRUSHER
sroboscope,STROBOSCOPE
blowermotor,BLOWER-MOTOR
sinumerick,SINUMERIK
riviter,RIVETER
emulsions,EMULSION
electrde,ELECTRODE
opratns,OPERATIONS
reusabe,REUSABLE
ethelyene,ETHYLENE
setpoi,SETPOINT
watersolubl,WATER-SOLUBLE
antifree,ANTIFREEZE
extrsn,EXTRUSION
nyllon,NYLON
minimist,MINI-MIST
minnutes,MINUTES
flamespray,FLAME-SPRAY
timelag,TIME-LAG
calculater,CALCULATOR
uretnane,URETHANE
nterna,INTERNAL
sandpape,SANDPAPER
prebuilt,PREBUILT
kcal,KCAL
quickdry,QUICK-DRY
crbon,CARBON
retractig,RETRACTING
pilto,PILOT
communcations,COMMUNICATIONS
anguar,ANGULAR
decontam,DECONTAMINATION
assymbly,ASSEMBLY
distrbutor,DISTRIBUTOR
earphne,EARPHONE
operatons,OPERATIONS
staplng,STAPLING
brighter,BRIGHTER
counterbre,COUNTERBORE
nonpowdered,NON-POWDERED
immsn,IMMERSION
nausearelief,NAUSEA-RELIEF
metolius,METOLIUS
brakefluid,BRAKE-FLUID
conctrt,CONCENTRATE
purps,PURPOSE
flowgauge,FLOW-GAUGE
abrassives,ABRASIVE
splitnut,SPLIT-NUT
seweurodr,SEW-EURODRIVE
risc,RISC
grianger,GRAINGER
matlock,MATLOCK
colletchuc,COLLET-CHUCK
rubin,RUBIN
satn,SATIN
planetar,PLANETARY
antisplat,ANTI-SPATTER
consecutv,CONSECUTIVE
dewpt,DEW-POINT
efforts,EFFORTS
ultrason,ULTRASONIC
exchangers,EXCHANGER
dangrous,DANGEROUS
fixaflat,FIX-A-FLAT
trafic,TRAFFIC
ethyln,ETHYLENE
noncopper,NON-COPPER
magnetostrictive,MAGNETOSTRICTIVE
telemecanic,TELEMECANIQUE
flapwh,FLAP-WHEEL
provisions,PROVISIONS
bahia,BAHIA
nonasbesto,NON-ASBESTOS
parralle,PARALLEL
mechnical,MECHANICAL
ratchtng,RATCHETING
allenbra,ALLEN-BRADLEY
solendid,SOLENOID
reote,REMOTE
accessy,ACCESSORY
embroided,EMBROIDERED
pret,PRET
protractr,PROTRACTOR
no900,NUMBER
silverpltd,SILVER-PLATED
thermocoulpe,THERMOCOUPLE
netzch,NETZSCH
forstener,FORSTNER
engrav,ENGRAVING
applianc,APPLIANCE
shunted,SHUNTED
nonfilled,NON-FILLED
datalogi,DATALOGIC
integratd,INTEGRATED
intex,INTEX
universial,UNIVERSAL
oops,OOPS
mechanial,MECHANICAL
paintmarker,PAINT-MARKER
coalescng,COALESCING
recthrded,RECTANGULAR-THREADED
tappings,TAPPING
multgrade,MULTIGRADE
evostik,EVO-STIK
ibuprophen,IBUPROFEN
highyeild,HIGH-YIELD
cumberland,CUMBERLAND
antimagneti,ANTIMAGNETIC
convrsn,CONVERSION
materail,MATERIAL
stocked,STOCKED
preinsul,PREINSULATED
paramax,PARAMAX
mbtu,THOUSAND-BTU
serratte,SERRATED
oggles,GOGGLES
discconect,DISCONNECT
din20938,DIN-STANDARD
gowns,GOWNS
mullti,MULTI
exchangbl,EXCHANGEABLE
pedestak,PEDESTAL
refactometer,REFRACTOMETER
germicadal,GERMICIDAL
arreste,ARRESTER
gatevalve,GATE-VALVE
sproct,SPROCKET
tubint,TUBING
advant,ADVANTAGE
protrusio,PROTRUSION
timeclock,TIME-CLOCK
zirkonium,ZIRCONIUM
garments,GARMENTS
skytrak,SKYTRAK
termimal,TERMINAL
rerigeration,REFRIGERATION
charactr,CHARACTER
segme,SEGMENT
tamperproo,TAMPERPROOF
elctron,ELECTRON
miniprox,MINIPROX
grinn,GRINNELL
highpuri,HIGH-PURITY
diaghram,DIAPHRAGM
ferrels,FERRULE
conspcuity,CONSPICUITY
mgmnt,MANAGEMENT
refrigeraton,REFRIGERATION
backg,BACKGROUND
fittinge,FITTING
eccentrick,ECCENTRIC
cuvettes,CUVETTES
embeded,EMBEDDED
mfgpn,MANUFACTURER-PART-NUMBER
interfaces,INTERFACE
hydrophobc,HYDROPHOBIC
tubling,TUBING
mechanc,MECHANICAL
transductor,TRANSDUCER
prfofibus,PROFIBUS
earpeice,EARPIECE
umbilcial,UMBILICAL
keithley,KEITHLEY
updike,UPDIKE
connectir,CONNECTOR
din68851,DIN-STANDARD
nonslott,NON-SLOTTED
synhetic,SYNTHETIC
prpette,PIPETTE
activearmr,ACTIVARMR
araldit,ARALDITE
backlach,BACKLASH
pprocessor,PROCESSOR
aceylene,ACETYLENE
stainlnless,STAINLESS
resolving,RESOLVING
fluorocarbo,FLUOROCARBON
notavail,NOT-AVAILABLE
lithiumio,LITHIUM-ION
seminconductor,SEMICONDUCTOR
reeving,REEVING
calci,CALCIUM
tungstn,TUNGSTEN
mountian,MOUNTAIN
flies,FLIES
ansparent,TRANSPARENT
cotters,COTTERS
aircompre,AIR-COMPRESSOR
eklind,EKLIND
stratoflex,STRATOFLEX
mechanite,MEEHANITE
stripax,STRIPAX
fireretard,FIRE-RETARDANT
hardshell,HARD-SHELL
fomula,FORMULA
eyedropper,EYEDROPPER
swyvel,SWIVEL
stepup,STEP-UP
polythethlene,POLYTHENE
pontentiometer,POTENTIOMETER
volatag,VOLTAGE
toilets,TOILET
preffered,PREFERRED
rivnutsetter,RIVNUT-SETTER
multichan,MULTICHANNEL
prewrd,PREWIRED
coneyors,CONVEYOR
samll,SMALL
corrugatd,CORRUGATED
smithblair,SMITH-BLAIR
goodwin,GOODWIN
flarless,FLARELESS
shimmed,SHIMMED
patrogen,PATHOGEN
miling,MILLING
migfluxcore,MIG-FLUX-CORE
antivbratn,ANTI-VIBRATION
nirosta,NIROSTA
hipurity,HIGH-PURITY
eccentic,ECCENTRIC
traslucent,TRANSLUCENT
convolted,CONVOLUTED
falltech,FALLTECH
pregalvanized,PREGALVANIZED
ocillating,OSCILLATING
haydon,HAYDON
cyclndr,CYLINDER
flouroelastomer,FLUOROELASTOMER
shoudler,SHOULDER
multplex,MULTIPLEX
ollers,ROLLER
reworking,REWORKING
soleni,SOLENOID
controln,CONTROL
pupmp,PUMP
neopreone,NEOPRENE
coghlan,COGHLAN'S
thrmowel,THERMOWELL
canvaslth,CANVAS-LEATHER
torington,TORRINGTON
tompkins,TOMPKINS
acetalcopolymer,ACETAL-COPOLYMER
accumula,ACCUMULATOR
weightronix,WEIGH-TRONIX
offeset,OFFSET
rolodex,ROLODEX
analyz,ANALYZER
thermoform,THERMOFORM
oneend,ONE-END
mnchrme,MONOCHROME
drvers,DRIVER
lexane,LEXAN
mobilgea,MOBILGEAR
accoustic,ACOUSTIC
sundyne,SUNDYNE
disconnnect,DISCONNECT
humitity,HUMIDITY
mposite,COMPOSITE
directl,DIRECTLY
attrib,ATTRIB
zincclad,ZINC-CLAD
colllector,COLLECTOR
samplr,SAMPLER
hitchpin,HITCH-PIN
disket,DISKETTE
replated,REPLATED
twopiec,TWO-PIECE
detergant,DETERGENT
midrail,MID-RAIL
needlescaler,NEEDLE-SCALER
intergrally,INTEGRALLY
despensers,DISPENSER
smoothon,SMOOTH-ON
no043,NUMBER
duxseal,DUXSEAL
linemast,LINEMASTER
supplem,SUPPLEMENT
profilng,PROFILING
transpondr,TRANSPONDER
horshoe,HORSESHOE
sweatba,SWEATBAND
rechargbl,RECHARGEABLE
nylontwine,NYLON-TWINE
thermouple,THERMOCOUPLE
blastrac,BLASTRAC
compensato,COMPENSATOR
suppliers,SUPPLIER
utiliy,UTILITY
unmanagd,UNMANAGED
refurbishing,REFURBISHING
nobles,NOBLES
odis,ODIS
iso7380,ISO-STANDARD
coardboard,CARDBOARD
swagelo,SWAGELOK
ventillation,VENTILATION
hosptial,HOSPITAL
rdioactiv,RADIOACTIVE
nitrilrubber,NITRILE-RUBBER
aicohol,ALCOHOL
multtask,MULTITASK
requested,REQUESTED
brading,BRAIDING
vavlve,VALVE
counterclock,COUNTERCLOCKWISE
particult,PARTICULATE
atkins,ATKINS
e7014,WELDING-ELECTRODE-CLASSIFICATION
receptab,RECEPTACLE
fitup,FIT-UP
swivle,SWIVEL
subfram,SUBFRAME
polythlene,POLYETHYLENE
polyprp,POLYPROPYLENE
mcgil,MCGILL
gearmoter,GEARMOTOR
injctr,INJECTOR
chromeplate,CHROME-PLATE
propller,PROPELLER
retrorefle,RETROREFLECTIVE
conductivit,CONDUCTIVITY
nitricacid,NITRIC-ACID
connadapte,CONNECTOR-ADAPTER
prus,PRUS
threding,THREADING
surgicl,SURGICAL
opioid,OPIOID
exotica,EXOTICA
carttridge,CARTRIDGE
rundown,RUNDOWN
geroto,GEROTOR
dematic,DEMATIC
sidechannel,SIDE-CHANNEL
redudction,REDUCTION
goodrich,GOODRICH
hoops,HOOPS
honewwell,HONEYWELL
distribtion,DISTRIBUTION
oscope,OSCILLOSCOPE
slidegate,SLIDE-GATE
postition,POSITION
onveyor,CONVEYOR
nanoceramic,NANOCERAMIC
purporse,PURPOSE
protego,PROTEGO
watertght,WATERTIGHT
lists,LISTS
isotemp,ISOTEMP
unprntd,UNPRINTED
midspan,MIDSPAN
hrsehair,HORSEHAIR
castro,CASTRO
relabeled,RELABELED
asembley,ASSEMBLY
ul8750,UL-STANDARD
pistal,PISTOL
sluge,SLUDGE
attributes,ATTRIBUTES
obselete,OBSOLETE
obslt,OBSOLETE
helicoflex,HELICOFLEX
contactord,CONTACTOR
wallmntd,WALL-MOUNTED
noncrowned,NON-CROWNED
stapple,STAPLE
cndctr,CONDUCTOR
spotfac,SPOT-FACE
mitsubushi,MITSUBISHI
trought,TROUGH
outfee,OUTFEED
tightnrs,TIGHTENER
phonix,PHOENIX
rochester,ROCHESTER
filterreglator,FILTER-REGULATOR
noncyanide,NON-CYANIDE
remvoal,REMOVAL
accesscontrol,ACCESS-CONTROL
polyofelin,POLYOLEFIN
portercabl,PORTER-CABLE
honeycom,HONEYCOMB
rducng,REDUCING
no134,NUMBER
adress,ADDRESS
mucinex,MUCINEX
galle,GALLE
sgnl,SIGNAL
outpot,OUTPUT
matellic,METALLIC
steerign,STEERING
zzz,ZZZ
converstion,CONVERSION
anitsieze,ANTI-SEIZE
wearresist,WEAR-RESISTANT
revitalizing,REVITALIZING
neutralizr,NEUTRALIZER
disposbale,DISPOSABLE
ndrel,MANDREL
agitater,AGITATOR
additives,ADDITIVE
measuaring,MEASURING
controle,CONTROL
moisturiz,MOISTURIZER
butrfly,BUTTERFLY
reseatable,RESEATABLE
drummond,DRUMMOND
pneumiatc,PNEUMATIC
segregating,SEGREGATING
unplate,UNPLATED
schrewdrive,SCREWDRIVER
reachargeable,RECHARGEABLE
fantech,FANTECH
wippermann,WIPPERMANN
turrent,TURRET
pipele,PIPELINE
stitchi,STITCHING
kaesar,KAESER
mahal,MAHAL
ndustries,INDUSTRIES
myles,MYLES
sythetic,SYNTHETIC
nerva,NERVA
purifr,PURIFIER
eyblt,EYEBOLT
sunex,SUNEX
chills,CHILLS
din981,DIN-STANDARD
widening,WIDENING
restricer,RESTRICTOR
modiifed,MODIFIED
sefety,SAFETY
thermocuople,THERMOCOUPLE
krautkramer,KRAUTKRAMER
modifeid,MODIFIED
molylithium,MOLY-LITHIUM
switchmode,SWITCH-MODE
mixedbed,MIXED-BED
trnsistor,TRANSISTOR
mobilgrind,MOBILGRIND
suctiob,SUCTION
buterf,BUTTERFLY
seriies,SERIES
schlumberger,SCHLUMBERGER
wyeth,WYETH
barnett,BARNETT
reforming,REFORMING
perfluro,PERFLUORO
bennett,BENNETT
arenas,ARENAS
solves,SOLVES
portble,PORTABLE
witt,WITT
screem,SCREEN
plastomatic,PLAST-O-MATIC
fabrics,FABRIC
cartriidge,CARTRIDGE
daimler,DAIMLER
dowthern,DOWTHERM
highperform,HIGH-PERFORMANCE
grndwhl,GRINDING-WHEEL
liquied,LIQUID
durometrs,DUROMETER
tandom,TANDEM
rebushing,REBUSHING
dsubminiatur,D-SUBMINIATURE
earlpug,EARPLUG
mitergear,MITER-GEAR
peroxyde,PEROXIDE
handbrake,HANDBRAKE
mixmaster,MIXMASTER
skewdriver,SCREWDRIVER
harrisson,HARRISON
scraps,SCRAPS
bleeds,BLEED
iso150,ISO-STANDARD
wrinkles,WRINKLE
photoswitc,PHOTOSWITCH
soltion,SOLUTION
minotour,MINOTAUR
partiiton,PARTITION
housig,HOUSING
unvrsal,UNIVERSAL
proportiol,PROPORTIONAL
passag,PASSAGE
nitrilde,NITRILE
antigalling,ANTI-GALLING
staic,STATIC
moistening,MOISTENING
coolr,COOLER
gunship,GUNSHIP
monsanto,MONSANTO
discconnect,DISCONNECT
projctr,PROJECTOR
cincinnatt,CINCINNATI
disconnecct,DISCONNECT
nickelcadium,NICKEL-CADMIUM
coalescin,COALESCING
carboard,CARDBOARD
patched,PATCHED
lozier,LOZIER
radialthrust,RADIAL-THRUST
references,REFERENCES
gmo,GMO
vicks,VICKS
chuking,CHUCKING
optoma,OPTOMA
polyliners,POLY-LINERS
resins,RESINS
presettable,PRESETTABLE
titianium,TITANIUM
civ,CIV
frequenecy,FREQUENCY
bezels,BEZEL
iso4035,ISO-STANDARD
pneumcatic,PNEUMATIC
centrigual,CENTRIFUGAL
insulatro,INSULATOR
ul48,UL-STANDARD
formulating,FORMULATING
unistr,UNISTRUT
allpurpo,ALL-PURPOSE
distibuto,DISTRIBUTOR
carne,CARNE
butoxyethanol,BUTOXYETHANOL
roundface,ROUND-FACE
bites,BITES
din377,DIN-STANDARD
washfountain,WASH-FOUNTAIN
fane,FANE
microprecision,MICROPRECISION
hrizntal,HORIZONTAL
placar,PLACARD
schaeffler,SCHAEFFLER
transmitting,TRANSMITTING
deleon,DELEON
proximitysensor,PROXIMITY-SENSOR
optimus,OPTIMUS
construcion,CONSTRUCTION
blastoff,BLASTOFF
cordreel,CORD-REEL
coromnt,COROMANT
simond,SIMONDS
recessless,RECESSLESS
barfeeders,BAR-FEEDER
tortion,TORSION
sylvani,SYLVANIA
sphercal,SPHERICAL
plxiglss,PLEXIGLAS
airmtr,AIR-MOTOR
acustic,ACOUSTIC
shrinktubin,SHRINK-TUBING
airoverhydraulic,AIR-OVER-HYDRAULIC
carbie,CARBIDE
adher,ADHERE
darwin,DARWIN
accumuator,ACCUMULATOR
diapha,DIAPHRAGM
magnified,MAGNIFIED
sae100,SAE-SPECIFICATION
siemon,SIEMON
networking,NETWORKING
manom,MANOMETER
philscrewdriver,PHILLIPS-SCREWDRIVER
winco,WINCO
genric,GENERIC
simmering,SIMMERRING
contnts,CONTENTS
temparature,TEMPERATURE
hydrocrbn,HYDROCARBON
dehumidifying,DEHUMIDIFYING
rectangulr,RECTANGULAR
adhsiv,ADHESIVE
iodin,IODINE
mortised,MORTISED
microtooling,MICRO-TOOLING
hellerm,HELLERMANN
busching,BUSHING
niffty,NIFTY
glueing,GLUING
cutoffwheel,CUTOFF-WHEEL
carbondioxi,CARBON-DIOXIDE
royalite,ROYALITE
ovehual,OVERHAUL
alrt,ALERT
collapsib,COLLAPSIBLE
sqitch,SWITCH
hydaullic,HYDRAULIC
concentrade,CONCENTRATE
mililiter,MILLILITER
methy,METHYL
microproc,MICROPROCESSOR
orbiting,ORBITING
sightgl,SIGHT-GLASS
victaullic,VICTAULIC
greiner,GREINER
embedd,EMBEDDED
no660,NUMBER
miasking,MASKING
polyurth,POLYURETHANE
fastcap,FASTCAP
tubinbg,TUBING
colletchuck,COLLET-CHUCK
applcators,APPLICATOR
no338,NUMBER
unvsal,UNIVERSAL
optcs,OPTICS
bonner,BONNER
keybrd,KEYBOARD
depresse,DEPRESSED
compartmt,COMPARTMENT
antinausea,ANTINAUSEA
restek,RESTEK
oxygenregulato,OXYGEN-REGULATOR
srocket,SPROCKET
oldest,OLDEST
ammmeter,AMMETER
multiflange,MULTI-FLANGE
chillr,CHILLER
ceriate,CERIATED
outgased,OUTGASSED
colled,COLLET
relaxing,RELAXING
mildtl117j,MIL-DTL-SPECIFICATION
accurpress,ACCURPRESS
battercharg,BATTERY-CHARGER
hanl,HANDLE
oilresi,OIL-RESISTANT
scrwdivr,SCREWDRIVER
okay,OKAY
reconditiond,RECONDITIONED
servomtr,SERVOMOTOR
oilembd,OIL-EMBEDDED
exhaustr,EXHAUST
singletype,SINGLE-TYPE
odorizing,ODORIZING
decoupling,DE-COUPLING
pippett,PIPETTE
ines,INES
spacaer,SPACER
ploymide,POLYIMIDE
automationdirect,AUTOMATIONDIRECT
terumo,TERUMO
planters,PLANTERS
wheelabrater,WHEELABRATOR
regina,REGINA
multiviewer,MULTI-VIEWER
no009,NUMBER
gycerin,GLYCERIN
shortie,SHORTIE
housewrap,HOUSE-WRAP
velro,VELCRO
en191,EN-STANDARD
drillchuck,DRILL-CHUCK
antibacter,ANTIBACTERIAL
noisefilter,NOISE-FILTER
ouchless,TOUCHLESS
disinfects,DISINFECT
intertek,INTERTEK
auxliliary,AUXILIARY
repare,REPAIR
pompetravaini,POMPETRAVAINI
intrisic,INTRINSIC
mechnic,MECHANIC
adjable,ADJUSTABLE
piniongea,PINION-GEAR
locatng,LOCATING
braoch,BROACH
crtdge,CARTRIDGE
reveseable,REVERSIBLE
no142,NUMBER
flyte,FLYTE
crutches,CRUTCHES
snaptype,SNAP-TYPE
programmab,PROGRAMMABLE
pinrivet,PIN-RIVET
watersolu,WATER-SOLUBLE
conduiit,CONDUIT
resstnt,RESISTANT
chlorosulfonated,CHLOROSULFONATED
tansion,TENSION
skincream,SKIN-CREAM
programed,PROGRAMMED
anaolg,ANALOG
arburgh,ARBURG
peened,PEENED
bafle,BAFFLE
ritter,RITTER
silican,SILICON
screwtop,SCREW-TOP
alignin,ALIGNING
dmca,DMCA
niplated,NICKEL-PLATED
pinstrp,PINSTRIPE
contacator,CONTACTOR
rdcng,REDUCING
foodgrd,FOOD-GRADE
ovfl,OVERFLOW
yaska,YASKAWA
chartreu,CHARTREUSE
elasotmeric,ELASTOMERIC
spilled,SPILLED
emedco,EMEDCO
ribbion,RIBBON
rothenberger,ROTHENBERGER
kasto,KASTO
weldcra,WELDCRAFT
optronic,OPTRONIC
circuitbr,CIRCUIT-BREAKER
din74305,DIN-STANDARD
mtlwork,METALWORK
voltamps,VOLT-AMPS
repressurizaton,REPRESSURIZATION
nonperferated,NON-PERFORATED
timberlaand,TIMBERLAND
photocoupler,PHOTOCOUPLER
milprf81322g,MIL-PRF-SPECIFICATION
experts,EXPERTS
barnsted,BARNSTEAD
serieal,SERIES
bonfiglio,BONFIGLIOLI
selflaminati,SELF-LAMINATING
nippondenso,NIPPONDENSO
johnston,JOHNSTON
displacemen,DISPLACEMENT
penlights,PENLIGHT
connentor,CONNECTOR
narrowmouth,NARROW-MOUTH
recyling,RECYCLING
towell,TOWEL
houmeter,HOUR-METER
semibottm,SEMI-BOTTOMING
buterfl,BUTTERFLY
hrc40,ROCKWELL-C-HARDNESS
waterjacket,WATER-JACKET
suctioning,SUCTIONING
abrsives,ABRASIVE
kitchenaid,KITCHENAID
tackrags,TACK-RAG
ruwac,RUWAC
luberfiner,LUBER-FINER
plyamide,POLYAMIDE
nozzzle,NOZZLE
oldhamcoupling,OLDHAM-COUPLING
developing,DEVELOPING
thermom,THERMOMETER
nylatrol,NYLATRON
cyanocrylic,CYANOACRYLIC
commerically,COMMERCIALLY
raked,RAKED
glasslined,GLASS-LINED
semitool,SEMITOOL
cushgrp,CUSHION-GRIP
intercoolers,INTERCOOLERS
cnnection,CONNECTION
rollerguide,ROLLER-GUIDE
caltex,CALTEX
automaticlly,AUTOMATICALLY
pillowblo,PILLOW-BLOCK
bohr,BOHR
encapusulated,ENCAPSULATED
cuttting,CUTTING
molina,MOLINA
tuberculocidal,TUBERCULOCIDAL
polypros,POLYPROPYLENE
polysulfi,POLYSULFIDE
inflatbale,INFLATABLE
roatry,ROTARY
pneumation,PNEUMATIC
ceilling,CEILING
nossle,NOZZLE
circulat,CIRCULATING
phills,PHILLIPS
furnances,FURNACE
sheildin,SHIELDING
magnteic,MAGNETIC
tokai,TOKAI
oudoor,OUTDOOR
flexitaulic,FLEXITALLIC
wikus,WIKUS
cromate,CHROMATE
airhardening,AIR-HARDENING
milprf81322,MIL-PRF-SPECIFICATION
comunctn,COMMUNICATION
wassher,WASHER
optoisolater,OPTOISOLATOR
werma,WERMA
gaviscon,GAVISCON
sphygmomanometr,SPHYGMOMANOMETER
fluoroelastom,FLUOROELASTOMER
subishi,MITSUBISHI
no550,NUMBER
sanmotion,SANMOTION
escrew,SCREW
pigtl,PIGTAIL
permient,PERMANENT
nonchrome,NON-CHROME
telemcanique,TELEMECANIQUE
upholsterd,UPHOLSTERED
hanler,HANDLER
analyzers,ANALYZER
testo,TESTO
taperedplug,TAPERED-PLUG
preht,PREHEAT
thdmill,THREAD-MILL
precontoured,PRECONTOURED
yaskawawa,YASKAWA
schnieder,SCHNEIDER
ballpoi,BALLPOINT
phospahate,PHOSPHATE
parameterized,PARAMETERIZED
retenti,RETENTION
contrifugal,CENTRIFUGAL
multicoupling,MULTI-COUPLING
sealplate,SEAL-PLATE
trasnmitter,TRANSMITTER
pilotdrill,PILOT-DRILL
dreams,DREAMS
awg28,AMERICAN-WIRE-GAUGE
telesccoping,TELESCOPING
twoside,DOUBLE-SIDED
dionex,DIONEX
eluent,ELUENT
shimaden,SHIMADEN
thermaal,THERMAL
foodsafe,FOOD-SAFE
murrplastik,MURRPLASTIK
din443,DIN-STANDARD
claner,CLEANER
tranaxle,TRANSAXLE
antizeize,ANTI-SEIZE
mrking,MARKING
quickfire,QUICKFIRE
comupter,COMPUTER
solenoiod,SOLENOID
preassemble,PREASSEMBLE
ashley,ASHLEY
iso735,ISO-STANDARD
procsr,PROCESSOR
npzzle,NOZZLE
wireframed,WIREFRAMED
coricidin,CORICIDIN
renewl,RENEWAL
holed,HOLED
sytlus,STYLUS
no308,NUMBER
cutterblades,CUTTER-BLADE
drywa,DRYWALL
diamphragm,DIAPHRAGM
sadle,SADDLE
spotlght,SPOTLIGHT
unrecycled,UNRECYCLED
extngsher,EXTINGUISHER
calibartion,CALIBRATION
murrelektron,MURRELEKTRONIK
encapsuld,ENCAPSULATED
calendars,CALENDARS
restricts,RESTRICTS
workarea,WORK-AREA
greenfie,GREENFIELD
polyseter,POLYESTER
pillowbloc,PILLOW-BLOCK
requesttoexit,REQUEST-TO-EXIT
untrt,UNTREATED
thrubore,THRU-BORE
turnstyle,TURNSTILE
evaporatr,EVAPORATOR
grzly,GRIZZLY
lunkenheimer,LUNKENHEIMER
subwoofer,SUBWOOFER
tghtnrs,TIGHTENER
collat,COLLAT
intermd,INTERMEDIATE
agni,AGNI
otoswitch,PHOTOSWITCH
boschrexroth,BOSCH-REXROTH
clampnut,CLAMP-NUT
verder,VERDER
branick,BRANICK
flexiabl,FLEXIBLE
funac,FANUC
hewlettpack,HEWLETT-PACKARD
rolex,ROLEX
microfiltration,MICROFILTRATION
alighning,ALIGNING
emeryclot,EMERY-CLOTH
dinitrol,DINITROL
ultrafiliter,ULTRAFILTER
sanitri,SANITARY
methylmethacrylate,METHYL-METHACRYLATE
rplacemnt,REPLACEMENT
burgmann,BURGMANN
bicep,BICEP
networked,NETWORKED
crosstex,CROSSTEX
adjustg,ADJUSTING
minifilter,MINI-FILTER
milprf81705,MIL-PRF-SPECIFICATION
sterilizr,STERILIZER
thrucoolant,THRU-COOLANT
filtter,FILTER
rackmont,RACK-MOUNT
mahoga,MAHOGANY
secnd,SECOND
trunicated,TRUNCATED
flammbl,FLAMMABLE
sushi,SUSHI
gamewell,GAMEWELL
fanblade,FAN-BLADE
reinforcin,REINFORCING
phenolphtalein,PHENOLPHTHALEIN
montain,MOUNTAIN
oilfired,OIL-FIRED
sodablaster,SODA-BLASTER
stacc,STACC
keri,KERI
outleet,OUTLET
splitlock,SPLIT-LOCK
tailpice,TAILPIECE
veolia,VEOLIA
hmm,HMM
coordina,COORDINATE
emmitting,EMITTING
quattroflow,QUATTROFLOW
virbration,VIBRATION
tapared,TAPERED
nonsilica,NON-SILICA
stotz,STOTZ
permeat,PERMEATE
pierci,PIERCING
univrsal,UNIVERSAL
semifnsh,SEMI-FINISH
proportiona,PROPORTIONAL
adgitator,AGITATOR
tenders,TENDERS
wirebelt,WIRE-BELT
fibeerglass,FIBERGLASS
portioned,PORTIONED
stacke,STACKER
saylorbeall,SAYLOR-BEALL
turnbckle,TURNBUCKLE
camoufl,CAMOUFLAGE
counterbalanced,COUNTERBALANCED
unsloted,UNSLOTTED
overrid,OVERRIDE
ratation,ROTATION
manomter,MANOMETER
mineraloil,MINERAL-OIL
scissorlift,SCISSOR-LIFT
shapped,SHAPED
temeratur,TEMPERATURE
adaptabe,ADAPTABLE
nterlocking,INTERLOCKING
barcod,BARCODE
equvale,EQUIVALENT
cailibration,CALIBRATION
payton,PAYTON
highlighte,HIGHLIGHTER
greasefittin,GREASE-FITTING
npple,NIPPLE
fluorescrnt,FLUORESCENT
neeed,NEED
scrader,SCHRADER
tubeunions,TUBE-UNIONS
ekg,EKG
receptc,RECEPTACLE
screwdriviver,SCREWDRIVER
cstmer,CUSTOMER
shrubs,SHRUBS
manomet,MANOMETER
despensing,DISPENSING
tubebende,TUBE-BENDER
akzonobe,AKZONOBEL
actuatator,ACTUATOR
antirotating,ANTI-ROTATION
ipod,IPOD
particulates,PARTICULATE
keysto,KEYSTONE
iso63,ISO-STANDARD
biko,BIKO
precleaned,PRE-CLEANED
chage,CHANGE
escapeme,ESCAPEMENT
crimpin,CRIMPING
polyeurthane,POLYURETHANE
antirotatio,ANTI-ROTATION
maxwel,MAXWELL
dynatect,DYNATECT
thrmocple,THERMOCOUPLE
manpower,MANPOWER
auxiliry,AUXILIARY
manipilator,MANIPULATOR
temperaure,TEMPERATURE
twists,TWISTS
resevior,RESERVOIR
borlaug,BORLAUG
puchbutton,PUSHBUTTON
accelerometor,ACCELEROMETER
squrae,SQUARE
counetersink,COUNTERSINK
emulsifying,EMULSIFYING
trapezoidial,TRAPEZOIDAL
varibl,VARIABLE
no960,NUMBER
grundfo,GRUNDFOS
backgroun,BACKGROUND
homak,HOMAK
retainig,RETAINING
cetirizine,CETIRIZINE
cartrdig,CARTRIDGE
chauvin,CHAUVIN-ARNOUX
temps,TEMPS
containd,CONTAINED
schraeder,SCHRADER
barrrel,BARREL
substitutions,SUBSTITUTIONS
modificat,MODIFICATION
graymil,GRAYMILLS
nterface,INTERFACE
antirot,ANTI-ROTATION
interleaving,INTERLEAVING
miature,MINIATURE
guilllotine,GUILLOTINE
presu,PRESSURE
carryover,CARRYOVER
thermstt,THERMOSTAT
hydrauliv,HYDRAULIC
cykinder,CYLINDER
prtct,PROTECT
excedrin,EXCEDRIN
migrane,MIGRAINE
scavanger,SCAVENGER
humistat,HUMIDISTAT
thyrister,THYRISTOR
upped,UPPED
ramming,RAMMING
pulvrizer,PULVERIZER
sprouts,SPROUTS
refurbishd,REFURBISHED
singlelevel,SINGLE-LEVEL
recorde,RECORDER
interconnecto,INTERCONNECTOR
offsite,OFFSITE
insulflex,INSULFLEX
micrswitch,MICROSWITCH
lsat,LSAT
metris,METRIS
keysight,KEYSIGHT
retinr,RETAINER
sterilzr,STERILIZER
authpersonl,AUTHORIZED-PERSONNEL
tempreature,TEMPERATURE
cmplnt,COMPLIANT
milf,MILF
devicnet,DEVICENET
oxgard,OX-GARD
antioxi,ANTIOXIDANT
ribbob,RIBBON
nonrechargable,NON-RECHARGEABLE
turnig,TURNING
partskit,PARTS-KIT
speakers,SPEAKERS
backfacing,BACK-FACING
hydrogren,HYDROGEN
shiping,SHIPPING
pillars,PILLARS
threadlocke,THREADLOCKER
conventer,CONVERTER
passengers,PASSENGER
transuducer,TRANSDUCER
diisopropylamine,DIISOPROPYLAMINE
immersi,IMMERSION
nonresidue,NON-RESIDUE
ubracket,U-BRACKET
